sample_id,worker,train_index,phase,stage1_artifact_hash,stage1_signature,stage1_success,stage2_success,stage1_task_score,stage2_task_score,final_selected_source,selected_class_digest,selection_reason,selection_decision,selected_candidate_source,selected_is_repair_branch,repair_branch_count,repair_rounds_run
mbpp:105,0,46,phase2,structure|critiq,"structure|critique_revise|critic:verifier,generator:planner,reviser:reasoner|critic:PromptSlots(reasoning_mode='direct', upstream_usage='summary', output_style='raw', verification_mode='strict', finalization='answer_only'),generator:PromptSlots(reasoning_mode='stepwise', upstream_usage='summary', output_style='raw', verification_mode='off', finalization='answer_only'),reviser:PromptSlots(reasoning_mode='direct', upstream_usage='summary', output_style='raw', verification_mode='light', finalization='answer_only')|planner>reasoner,planner>verifier,verifier>reasoner||critique_revise|critic:coder,generator:planner,reviser:reasoner|critic:PromptSlots(reasoning_mode='direct', upstream_usage='summary', output_style='raw', verification_mode='strict', finalization='answer_only'),generator:PromptSlots(reasoning_mode='stepwise', upstream_usage='summary', output_style='raw', verification_mode='off', finalization='answer_only'),reviser:PromptSlots(reasoning_mode='direct', upstream_usage='summary', output_style='raw', verification_mode='light', finalization='answer_only')|coder>reasoner,planner>coder,planner>reasoner||critique_revise|critic:verifier,generator:reasoner,reviser:planner|critic:PromptSlots(reasoning_mode='direct', upstream_usage='summary', output_style='raw', verification_mode='strict', finalization='answer_only'),generator:PromptSlots(reasoning_mode='stepwise', upstream_usage='summary', output_style='raw', verification_mode='off', finalization='answer_only'),reviser:PromptSlots(reasoning_mode='direct', upstream_usage='summary', output_style='raw', verification_mode='light', finalization='answer_only')|reasoner>planner,reasoner>verifier,verifier>planner",1.0,1.0,1.0,1.0,stage1,ef0f0fbe4f91,v4_4_code_bypass_stable_anchor,use_stage1_anchor,stage1,False,0,0
mbpp:105,0,46,phase3a,structure|critiq,"structure|critique_revise|critic:verifier,generator:planner,reviser:summarizer|critic:PromptSlots(reasoning_mode='direct', upstream_usage='summary', output_style='raw', verification_mode='strict', finalization='answer_only'),generator:PromptSlots(reasoning_mode='stepwise', upstream_usage='summary', output_style='raw', verification_mode='off', finalization='answer_only'),reviser:PromptSlots(reasoning_mode='direct', upstream_usage='summary', output_style='raw', verification_mode='light', finalization='answer_with_rationale')|planner>summarizer,planner>verifier,verifier>summarizer||critique_revise|critic:verifier,generator:planner,reviser:reasoner|critic:PromptSlots(reasoning_mode='direct', upstream_usage='summary', output_style='raw', verification_mode='strict', finalization='answer_only'),generator:PromptSlots(reasoning_mode='stepwise', upstream_usage='summary', output_style='raw', verification_mode='off', finalization='answer_only'),reviser:PromptSlots(reasoning_mode='direct', upstream_usage='summary', output_style='raw', verification_mode='light', finalization='answer_only')|planner>reasoner,planner>verifier,verifier>reasoner||critique_revise|critic:coder,generator:planner,reviser:summarizer|critic:PromptSlots(reasoning_mode='direct', upstream_usage='summary', output_style='raw', verification_mode='off', finalization='answer_only'),generator:PromptSlots(reasoning_mode='stepwise', upstream_usage='summary', output_style='raw', verification_mode='off', finalization='answer_only'),reviser:PromptSlots(reasoning_mode='direct', upstream_usage='summary', output_style='raw', verification_mode='light', finalization='answer_only')|coder>summarizer,planner>coder,planner>summarizer",1.0,1.0,1.0,1.0,sink_output,570bed38f9fa,v4_4_code_bypass_stable_anchor,use_stage1_anchor,stage1+stage2,False,0,0
mbpp:106,1,39,phase2,structure|critiq,"structure|critique_revise|critic:verifier,generator:planner,reviser:researcher|critic:PromptSlots(reasoning_mode='direct', upstream_usage='summary', output_style='raw', verification_mode='strict', finalization='answer_only'),generator:PromptSlots(reasoning_mode='stepwise', upstream_usage='summary', output_style='raw', verification_mode='off', finalization='answer_only'),reviser:PromptSlots(reasoning_mode='direct', upstream_usage='summary', output_style='raw', verification_mode='light', finalization='answer_only')|planner>researcher,planner>verifier,verifier>researcher||critique_revise|critic:coder,generator:verifier,reviser:researcher|critic:PromptSlots(reasoning_mode='direct', upstream_usage='summary', output_style='raw', verification_mode='strict', finalization='answer_only'),generator:PromptSlots(reasoning_mode='stepwise', upstream_usage='summary', output_style='raw', verification_mode='off', finalization='answer_only'),reviser:PromptSlots(reasoning_mode='direct', upstream_usage='summary', output_style='raw', verification_mode='light', finalization='answer_only')|coder>researcher,verifier>coder,verifier>researcher||critique_revise|critic:coder,generator:math,reviser:planner|critic:PromptSlots(reasoning_mode='direct', upstream_usage='summary', output_style='raw', verification_mode='strict', finalization='answer_only'),generator:PromptSlots(reasoning_mode='stepwise', upstream_usage='summary', output_style='raw', verification_mode='off', finalization='answer_only'),reviser:PromptSlots(reasoning_mode='direct', upstream_usage='summary', output_style='raw', verification_mode='light', finalization='answer_only')|coder>planner,math>coder,math>planner",1.0,1.0,1.0,1.0,checker_approved_proposal,2c021490a0a7,v4_4_code_bypass_stable_anchor,use_stage1_anchor,stage1+stage2,False,0,0
mbpp:106,1,39,phase3a,structure|critiq,"structure|critique_revise|critic:coder,generator:math,reviser:planner|critic:PromptSlots(reasoning_mode='direct', upstream_usage='summary', output_style='raw', verification_mode='strict', finalization='answer_only'),generator:PromptSlots(reasoning_mode='stepwise', upstream_usage='summary', output_style='raw', verification_mode='off', finalization='answer_only'),reviser:PromptSlots(reasoning_mode='direct', upstream_usage='summary', output_style='raw', verification_mode='light', finalization='answer_only')|coder>planner,math>coder,math>planner||critique_revise|critic:verifier,generator:coder,reviser:summarizer|critic:PromptSlots(reasoning_mode='direct', upstream_usage='summary', output_style='raw', verification_mode='strict', finalization='answer_only'),generator:PromptSlots(reasoning_mode='stepwise', upstream_usage='summary', output_style='raw', verification_mode='off', finalization='answer_only'),reviser:PromptSlots(reasoning_mode='direct', upstream_usage='summary', output_style='raw', verification_mode='light', finalization='answer_only')|coder>summarizer,coder>verifier,verifier>summarizer||critique_revise|critic:planner,generator:math,reviser:coder|critic:PromptSlots(reasoning_mode='direct', upstream_usage='summary', output_style='raw', verification_mode='strict', finalization='answer_only'),generator:PromptSlots(reasoning_mode='stepwise', upstream_usage='summary', output_style='raw', verification_mode='off', finalization='answer_only'),reviser:PromptSlots(reasoning_mode='direct', upstream_usage='summary', output_style='raw', verification_mode='light', finalization='answer_only')|math>coder,math>planner,planner>coder",1.0,1.0,1.0,1.0,sink_output,2c021490a0a7,v4_4_code_bypass_stable_anchor,use_stage1_anchor,stage1+stage2,False,0,0
mbpp:109,0,6,phase2,structure|critiq,"structure|critique_revise|critic:coder,generator:math,reviser:planner|critic:PromptSlots(reasoning_mode='direct', upstream_usage='summary', output_style='raw', verification_mode='strict', finalization='answer_only'),generator:PromptSlots(reasoning_mode='stepwise', upstream_usage='summary', output_style='raw', verification_mode='off', finalization='answer_only'),reviser:PromptSlots(reasoning_mode='direct', upstream_usage='summary', output_style='raw', verification_mode='light', finalization='answer_only')|coder>planner,math>coder,math>planner||critique_revise|critic:verifier,generator:planner,reviser:coder|critic:PromptSlots(reasoning_mode='direct', upstream_usage='summary', output_style='raw', verification_mode='strict', finalization='answer_only'),generator:PromptSlots(reasoning_mode='stepwise', upstream_usage='summary', output_style='raw', verification_mode='off', finalization='answer_only'),reviser:PromptSlots(reasoning_mode='direct', upstream_usage='summary', output_style='raw', verification_mode='light', finalization='answer_only')|planner>coder,planner>verifier,verifier>coder||critique_revise|critic:coder,generator:planner,reviser:summarizer|critic:PromptSlots(reasoning_mode='direct', upstream_usage='summary', output_style='raw', verification_mode='strict', finalization='answer_only'),generator:PromptSlots(reasoning_mode='stepwise', upstream_usage='summary', output_style='raw', verification_mode='off', finalization='answer_only'),reviser:PromptSlots(reasoning_mode='direct', upstream_usage='summary', output_style='raw', verification_mode='light', finalization='answer_only')|coder>summarizer,planner>coder,planner>summarizer",1.0,1.0,1.0,1.0,stage1,c83bd640b3f4,v4_4_code_bypass_stable_anchor,use_stage1_anchor,stage1,False,0,0
mbpp:109,0,6,phase3a,structure|critiq,"structure|critique_revise|critic:verifier,generator:researcher,reviser:planner|critic:PromptSlots(reasoning_mode='direct', upstream_usage='summary', output_style='raw', verification_mode='strict', finalization='answer_only'),generator:PromptSlots(reasoning_mode='stepwise', upstream_usage='summary', output_style='raw', verification_mode='off', finalization='answer_only'),reviser:PromptSlots(reasoning_mode='direct', upstream_usage='summary', output_style='raw', verification_mode='light', finalization='answer_only')|researcher>planner,researcher>verifier,verifier>planner||critique_revise|critic:coder,generator:researcher,reviser:planner|critic:PromptSlots(reasoning_mode='direct', upstream_usage='summary', output_style='raw', verification_mode='strict', finalization='answer_only'),generator:PromptSlots(reasoning_mode='stepwise', upstream_usage='summary', output_style='raw', verification_mode='off', finalization='answer_only'),reviser:PromptSlots(reasoning_mode='direct', upstream_usage='summary', output_style='raw', verification_mode='light', finalization='answer_only')|coder>planner,researcher>coder,researcher>planner||critique_revise|critic:coder,generator:planner,reviser:summarizer|critic:PromptSlots(reasoning_mode='direct', upstream_usage='summary', output_style='raw', verification_mode='strict', finalization='answer_only'),generator:PromptSlots(reasoning_mode='stepwise', upstream_usage='summary', output_style='raw', verification_mode='off', finalization='answer_only'),reviser:PromptSlots(reasoning_mode='direct', upstream_usage='summary', output_style='raw', verification_mode='light', finalization='answer_only')|coder>summarizer,planner>coder,planner>summarizer",1.0,1.0,1.0,1.0,stage1,2f196f0e1be1,v4_4_code_bypass_stable_anchor,use_stage1_anchor,stage1,False,0,0
mbpp:118,1,38,phase2,structure|critiq,"structure|critique_revise|critic:coder,generator:planner,reviser:math|critic:PromptSlots(reasoning_mode='direct', upstream_usage='summary', output_style='raw', verification_mode='strict', finalization='answer_only'),generator:PromptSlots(reasoning_mode='stepwise', upstream_usage='summary', output_style='raw', verification_mode='off', finalization='answer_only'),reviser:PromptSlots(reasoning_mode='direct', upstream_usage='summary', output_style='raw', verification_mode='light', finalization='answer_only')|coder>math,planner>coder,planner>math||critique_revise|critic:coder,generator:debater_a,reviser:planner|critic:PromptSlots(reasoning_mode='direct', upstream_usage='summary', output_style='raw', verification_mode='strict', finalization='answer_only'),generator:PromptSlots(reasoning_mode='stepwise', upstream_usage='summary', output_style='raw', verification_mode='off', finalization='answer_only'),reviser:PromptSlots(reasoning_mode='direct', upstream_usage='summary', output_style='raw', verification_mode='light', finalization='answer_only')|coder>planner,debater_a>coder,debater_a>planner||critique_revise|critic:coder,generator:verifier,reviser:reasoner|critic:PromptSlots(reasoning_mode='direct', upstream_usage='summary', output_style='raw', verification_mode='strict', finalization='answer_only'),generator:PromptSlots(reasoning_mode='stepwise', upstream_usage='summary', output_style='raw', verification_mode='off', finalization='answer_only'),reviser:PromptSlots(reasoning_mode='direct', upstream_usage='summary', output_style='raw', verification_mode='light', finalization='answer_only')|coder>reasoner,verifier>coder,verifier>reasoner",1.0,1.0,1.0,1.0,sink_output,115cded28672,v4_4_code_bypass_stable_anchor,use_stage1_anchor,stage1+stage2,False,0,0
mbpp:118,1,38,phase3a,structure|critiq,"structure|critique_revise|critic:verifier,generator:reasoner,reviser:planner|critic:PromptSlots(reasoning_mode='direct', upstream_usage='summary', output_style='raw', verification_mode='strict', finalization='answer_only'),generator:PromptSlots(reasoning_mode='stepwise', upstream_usage='summary', output_style='raw', verification_mode='off', finalization='answer_only'),reviser:PromptSlots(reasoning_mode='direct', upstream_usage='summary', output_style='raw', verification_mode='light', finalization='answer_only')|reasoner>planner,reasoner>verifier,verifier>planner||critique_revise|critic:coder,generator:planner,reviser:summarizer|critic:PromptSlots(reasoning_mode='direct', upstream_usage='summary', output_style='raw', verification_mode='strict', finalization='answer_only'),generator:PromptSlots(reasoning_mode='stepwise', upstream_usage='summary', output_style='raw', verification_mode='off', finalization='answer_only'),reviser:PromptSlots(reasoning_mode='direct', upstream_usage='summary', output_style='raw', verification_mode='light', finalization='answer_only')|coder>summarizer,planner>coder,planner>summarizer||critique_revise|critic:coder,generator:reasoner,reviser:planner|critic:PromptSlots(reasoning_mode='direct', upstream_usage='summary', output_style='raw', verification_mode='strict', finalization='answer_only'),generator:PromptSlots(reasoning_mode='stepwise', upstream_usage='summary', output_style='raw', verification_mode='off', finalization='answer_only'),reviser:PromptSlots(reasoning_mode='direct', upstream_usage='summary', output_style='raw', verification_mode='light', finalization='answer_only')|coder>planner,reasoner>coder,reasoner>planner",1.0,1.0,1.0,1.0,stage1,11c99755d160,v4_4_code_bypass_stable_anchor,use_stage1_anchor,stage1,False,0,0
mbpp:126,1,60,phase2,structure|critiq,"structure|critique_revise|critic:verifier,generator:summarizer,reviser:coder|critic:PromptSlots(reasoning_mode='direct', upstream_usage='summary', output_style='raw', verification_mode='strict', finalization='answer_only'),generator:PromptSlots(reasoning_mode='stepwise', upstream_usage='summary', output_style='raw', verification_mode='off', finalization='answer_only'),reviser:PromptSlots(reasoning_mode='direct', upstream_usage='summary', output_style='raw', verification_mode='light', finalization='answer_only')|summarizer>coder,summarizer>verifier,verifier>coder||critique_revise|critic:verifier,generator:coder,reviser:summarizer|critic:PromptSlots(reasoning_mode='direct', upstream_usage='summary', output_style='raw', verification_mode='strict', finalization='answer_only'),generator:PromptSlots(reasoning_mode='stepwise', upstream_usage='summary', output_style='raw', verification_mode='off', finalization='answer_only'),reviser:PromptSlots(reasoning_mode='direct', upstream_usage='summary', output_style='raw', verification_mode='light', finalization='answer_only')|coder>summarizer,coder>verifier,verifier>summarizer||critique_revise|critic:verifier,generator:math,reviser:planner|critic:PromptSlots(reasoning_mode='direct', upstream_usage='summary', output_style='raw', verification_mode='strict', finalization='answer_only'),generator:PromptSlots(reasoning_mode='stepwise', upstream_usage='summary', output_style='raw', verification_mode='off', finalization='answer_only'),reviser:PromptSlots(reasoning_mode='direct', upstream_usage='summary', output_style='raw', verification_mode='light', finalization='answer_only')|math>planner,math>verifier,verifier>planner",1.0,1.0,1.0,1.0,stage1,0a60d3e31e80,v4_4_code_bypass_stable_anchor,use_stage1_anchor,stage1,False,0,0
mbpp:126,1,60,phase3a,structure|solve_,"structure|solve_verify|solver:planner,verifier:verifier|solver:PromptSlots(reasoning_mode='stepwise', upstream_usage='summary', output_style='raw', verification_mode='off', finalization='answer_only'),verifier:PromptSlots(reasoning_mode='direct', upstream_usage='summary', output_style='raw', verification_mode='off', finalization='answer_only')|planner>verifier||critique_revise|critic:verifier,generator:math,reviser:coder|critic:PromptSlots(reasoning_mode='direct', upstream_usage='summary', output_style='raw', verification_mode='strict', finalization='answer_only'),generator:PromptSlots(reasoning_mode='stepwise', upstream_usage='summary', output_style='raw', verification_mode='off', finalization='answer_only'),reviser:PromptSlots(reasoning_mode='direct', upstream_usage='summary', output_style='raw', verification_mode='light', finalization='answer_only')|math>coder,math>verifier,verifier>coder||debate_judge|debater_a:coder,debater_b:reasoner,judge:verifier|debater_a:PromptSlots(reasoning_mode='direct', upstream_usage='summary', output_style='raw', verification_mode='off', finalization='answer_only'),debater_b:PromptSlots(reasoning_mode='direct', upstream_usage='summary', output_style='raw', verification_mode='off', finalization='answer_only'),judge:PromptSlots(reasoning_mode='direct', upstream_usage='summary', output_style='raw', verification_mode='strict', finalization='answer_only')|coder>verifier,reasoner>verifier",1.0,1.0,1.0,1.0,stage1,54ca558158d9,v4_4_code_bypass_stable_anchor,use_stage1_anchor,stage1,False,0,0
mbpp:130,1,54,phase2,structure|route_,"structure|route_solve|aggregator:verifier,router:planner,solver:coder|aggregator:PromptSlots(reasoning_mode='direct', upstream_usage='summary', output_style='raw', verification_mode='light', finalization='answer_only'),router:PromptSlots(reasoning_mode='direct', upstream_usage='summary', output_style='raw', verification_mode='light', finalization='answer_only'),solver:PromptSlots(reasoning_mode='stepwise', upstream_usage='summary', output_style='raw', verification_mode='off', finalization='answer_only')|coder>verifier,planner>coder||critique_revise|critic:verifier,generator:coder,reviser:summarizer|critic:PromptSlots(reasoning_mode='direct', upstream_usage='summary', output_style='raw', verification_mode='strict', finalization='answer_only'),generator:PromptSlots(reasoning_mode='stepwise', upstream_usage='summary', output_style='raw', verification_mode='off', finalization='answer_only'),reviser:PromptSlots(reasoning_mode='direct', upstream_usage='summary', output_style='raw', verification_mode='light', finalization='answer_only')|coder>summarizer,coder>verifier,verifier>summarizer||critique_revise|critic:researcher,generator:planner,reviser:summarizer|critic:PromptSlots(reasoning_mode='direct', upstream_usage='summary', output_style='raw', verification_mode='strict', finalization='answer_only'),generator:PromptSlots(reasoning_mode='stepwise', upstream_usage='summary', output_style='raw', verification_mode='off', finalization='answer_only'),reviser:PromptSlots(reasoning_mode='direct', upstream_usage='summary', output_style='raw', verification_mode='light', finalization='answer_only')|planner>researcher,planner>summarizer,researcher>summarizer",1.0,1.0,1.0,1.0,stage1,aedec3b7e948,v4_4_code_bypass_stable_anchor,use_stage1_anchor,stage1,False,0,0
mbpp:130,1,54,phase3a,structure|critiq,"structure|critique_revise|critic:coder,generator:planner,reviser:summarizer|critic:PromptSlots(reasoning_mode='direct', upstream_usage='summary', output_style='raw', verification_mode='strict', finalization='answer_only'),generator:PromptSlots(reasoning_mode='stepwise', upstream_usage='summary', output_style='raw', verification_mode='off', finalization='answer_only'),reviser:PromptSlots(reasoning_mode='direct', upstream_usage='summary', output_style='raw', verification_mode='light', finalization='answer_only')|coder>summarizer,planner>coder,planner>summarizer||solve_verify|solver:coder,verifier:verifier|solver:PromptSlots(reasoning_mode='stepwise', upstream_usage='summary', output_style='raw', verification_mode='off', finalization='answer_only'),verifier:PromptSlots(reasoning_mode='direct', upstream_usage='summary', output_style='raw', verification_mode='strict', finalization='answer_only')|coder>verifier||critique_revise|critic:verifier,generator:planner,reviser:researcher|critic:PromptSlots(reasoning_mode='direct', upstream_usage='summary', output_style='raw', verification_mode='strict', finalization='answer_only'),generator:PromptSlots(reasoning_mode='stepwise', upstream_usage='summary', output_style='raw', verification_mode='off', finalization='answer_only'),reviser:PromptSlots(reasoning_mode='direct', upstream_usage='summary', output_style='raw', verification_mode='light', finalization='answer_only')|planner>researcher,planner>verifier,verifier>researcher",1.0,1.0,1.0,1.0,stage1,ebb070e0d94d,v4_4_code_bypass_stable_anchor,use_stage1_anchor,stage1,False,0,0
mbpp:134,2,22,phase2,structure|critiq,"structure|critique_revise|critic:researcher,generator:planner,reviser:coder|critic:PromptSlots(reasoning_mode='direct', upstream_usage='summary', output_style='raw', verification_mode='strict', finalization='answer_only'),generator:PromptSlots(reasoning_mode='stepwise', upstream_usage='summary', output_style='raw', verification_mode='off', finalization='answer_only'),reviser:PromptSlots(reasoning_mode='direct', upstream_usage='summary', output_style='raw', verification_mode='light', finalization='answer_only')|planner>coder,planner>researcher,researcher>coder||critique_revise|critic:coder,generator:researcher,reviser:planner|critic:PromptSlots(reasoning_mode='direct', upstream_usage='summary', output_style='raw', verification_mode='strict', finalization='answer_only'),generator:PromptSlots(reasoning_mode='stepwise', upstream_usage='summary', output_style='raw', verification_mode='off', finalization='answer_only'),reviser:PromptSlots(reasoning_mode='direct', upstream_usage='summary', output_style='raw', verification_mode='light', finalization='answer_only')|coder>planner,researcher>coder,researcher>planner||critique_revise|critic:coder,generator:reasoner,reviser:researcher|critic:PromptSlots(reasoning_mode='direct', upstream_usage='summary', output_style='raw', verification_mode='strict', finalization='answer_only'),generator:PromptSlots(reasoning_mode='stepwise', upstream_usage='summary', output_style='raw', verification_mode='off', finalization='answer_only'),reviser:PromptSlots(reasoning_mode='direct', upstream_usage='summary', output_style='raw', verification_mode='light', finalization='answer_only')|coder>researcher,reasoner>coder,reasoner>researcher",0.0,0.0,0.76,0.76,stage1_anchor,1dbe6d563b2e,v4_4_code_anchor_guard_preserve,use_stage1_anchor,stage1,False,3,1
mbpp:134,2,22,phase3a,structure|critiq,"structure|critique_revise|critic:verifier,generator:math,reviser:planner|critic:PromptSlots(reasoning_mode='direct', upstream_usage='summary', output_style='raw', verification_mode='strict', finalization='answer_only'),generator:PromptSlots(reasoning_mode='stepwise', upstream_usage='summary', output_style='raw', verification_mode='off', finalization='answer_only'),reviser:PromptSlots(reasoning_mode='direct', upstream_usage='summary', output_style='raw', verification_mode='light', finalization='answer_only')|math>planner,math>verifier,verifier>planner||critique_revise|critic:verifier,generator:researcher,reviser:coder|critic:PromptSlots(reasoning_mode='direct', upstream_usage='summary', output_style='raw', verification_mode='strict', finalization='answer_only'),generator:PromptSlots(reasoning_mode='stepwise', upstream_usage='summary', output_style='raw', verification_mode='off', finalization='answer_only'),reviser:PromptSlots(reasoning_mode='direct', upstream_usage='summary', output_style='raw', verification_mode='light', finalization='answer_only')|researcher>coder,researcher>verifier,verifier>coder||critique_revise|critic:verifier,generator:reasoner,reviser:summarizer|critic:PromptSlots(reasoning_mode='direct', upstream_usage='summary', output_style='raw', verification_mode='strict', finalization='answer_only'),generator:PromptSlots(reasoning_mode='stepwise', upstream_usage='summary', output_style='raw', verification_mode='off', finalization='answer_only'),reviser:PromptSlots(reasoning_mode='direct', upstream_usage='summary', output_style='raw', verification_mode='light', finalization='answer_only')|reasoner>summarizer,reasoner>verifier,verifier>summarizer",0.0,0.0,0.76,0.76,stage1_anchor,3e6026e3d708,v4_4_code_anchor_guard_preserve,use_stage1_anchor,stage1,False,3,1
mbpp:135,2,15,phase2,structure|critiq,"structure|critique_revise|critic:verifier,generator:coder,reviser:reasoner|critic:PromptSlots(reasoning_mode='direct', upstream_usage='summary', output_style='raw', verification_mode='strict', finalization='answer_only'),generator:PromptSlots(reasoning_mode='stepwise', upstream_usage='summary', output_style='raw', verification_mode='off', finalization='answer_only'),reviser:PromptSlots(reasoning_mode='direct', upstream_usage='summary', output_style='raw', verification_mode='light', finalization='answer_only')|coder>reasoner,coder>verifier,verifier>reasoner||route_solve|aggregator:verifier,router:planner,solver:coder|aggregator:PromptSlots(reasoning_mode='direct', upstream_usage='summary', output_style='raw', verification_mode='light', finalization='answer_only'),router:PromptSlots(reasoning_mode='direct', upstream_usage='summary', output_style='raw', verification_mode='light', finalization='answer_only'),solver:PromptSlots(reasoning_mode='stepwise', upstream_usage='summary', output_style='raw', verification_mode='off', finalization='answer_only')|coder>verifier,planner>coder||solve_verify|solver:coder,verifier:verifier|solver:PromptSlots(reasoning_mode='stepwise', upstream_usage='summary', output_style='raw', verification_mode='off', finalization='answer_only'),verifier:PromptSlots(reasoning_mode='direct', upstream_usage='summary', output_style='raw', verification_mode='strict', finalization='answer_only')|coder>verifier",1.0,1.0,1.0,1.0,sink_output,34a14ec6d3d9,v4_4_code_bypass_stable_anchor,use_stage1_anchor,stage1+stage2,False,0,0
mbpp:135,2,15,phase3a,structure|route_,"structure|route_solve|aggregator:skeptic,router:reasoner,solver:coder|aggregator:PromptSlots(reasoning_mode='direct', upstream_usage='summary', output_style='raw', verification_mode='light', finalization='answer_only'),router:PromptSlots(reasoning_mode='direct', upstream_usage='summary', output_style='raw', verification_mode='light', finalization='answer_only'),solver:PromptSlots(reasoning_mode='stepwise', upstream_usage='summary', output_style='raw', verification_mode='off', finalization='answer_only')|coder>skeptic,reasoner>coder||solve_verify|solver:planner,verifier:coder|solver:PromptSlots(reasoning_mode='stepwise', upstream_usage='summary', output_style='raw', verification_mode='off', finalization='answer_only'),verifier:PromptSlots(reasoning_mode='direct', upstream_usage='summary', output_style='raw', verification_mode='strict', finalization='answer_only')|planner>coder||route_solve|aggregator:planner,router:reasoner,solver:coder|aggregator:PromptSlots(reasoning_mode='direct', upstream_usage='summary', output_style='raw', verification_mode='light', finalization='answer_only'),router:PromptSlots(reasoning_mode='direct', upstream_usage='summary', output_style='raw', verification_mode='light', finalization='answer_only'),solver:PromptSlots(reasoning_mode='stepwise', upstream_usage='summary', output_style='raw', verification_mode='off', finalization='answer_only')|coder>planner,reasoner>coder",1.0,1.0,1.0,1.0,sink_output,34a14ec6d3d9,v4_4_code_bypass_stable_anchor,use_stage1_anchor,stage1+stage2,False,0,0
mbpp:138,1,22,phase2,structure|critiq,"structure|critique_revise|critic:math,generator:planner,reviser:coder|critic:PromptSlots(reasoning_mode='direct', upstream_usage='summary', output_style='raw', verification_mode='strict', finalization='answer_only'),generator:PromptSlots(reasoning_mode='stepwise', upstream_usage='summary', output_style='raw', verification_mode='off', finalization='answer_only'),reviser:PromptSlots(reasoning_mode='direct', upstream_usage='summary', output_style='raw', verification_mode='light', finalization='answer_only')|math>coder,planner>coder,planner>math||critique_revise|critic:verifier,generator:reasoner,reviser:planner|critic:PromptSlots(reasoning_mode='direct', upstream_usage='summary', output_style='raw', verification_mode='strict', finalization='answer_only'),generator:PromptSlots(reasoning_mode='stepwise', upstream_usage='summary', output_style='raw', verification_mode='off', finalization='answer_only'),reviser:PromptSlots(reasoning_mode='direct', upstream_usage='summary', output_style='raw', verification_mode='light', finalization='answer_only')|reasoner>planner,reasoner>verifier,verifier>planner||critique_revise|critic:math,generator:coder,reviser:summarizer|critic:PromptSlots(reasoning_mode='direct', upstream_usage='summary', output_style='raw', verification_mode='strict', finalization='answer_only'),generator:PromptSlots(reasoning_mode='stepwise', upstream_usage='summary', output_style='raw', verification_mode='off', finalization='answer_only'),reviser:PromptSlots(reasoning_mode='direct', upstream_usage='summary', output_style='raw', verification_mode='light', finalization='answer_only')|coder>math,coder>summarizer,math>summarizer",0.0,0.0,0.76,0.76,stage1_anchor,37a88d44a264,v4_4_code_anchor_guard_preserve,use_stage1_anchor,stage1,False,3,1
mbpp:138,1,22,phase3a,structure|critiq,"structure|critique_revise|critic:coder,generator:planner,reviser:summarizer|critic:PromptSlots(reasoning_mode='direct', upstream_usage='summary', output_style='raw', verification_mode='strict', finalization='answer_only'),generator:PromptSlots(reasoning_mode='stepwise', upstream_usage='summary', output_style='raw', verification_mode='off', finalization='answer_only'),reviser:PromptSlots(reasoning_mode='direct', upstream_usage='summary', output_style='raw', verification_mode='light', finalization='answer_only')|coder>summarizer,planner>coder,planner>summarizer||critique_revise|critic:verifier,generator:coder,reviser:summarizer|critic:PromptSlots(reasoning_mode='direct', upstream_usage='summary', output_style='raw', verification_mode='strict', finalization='answer_only'),generator:PromptSlots(reasoning_mode='stepwise', upstream_usage='summary', output_style='raw', verification_mode='off', finalization='answer_only'),reviser:PromptSlots(reasoning_mode='direct', upstream_usage='summary', output_style='raw', verification_mode='light', finalization='answer_only')|coder>summarizer,coder>verifier,verifier>summarizer||critique_revise|critic:coder,generator:reasoner,reviser:summarizer|critic:PromptSlots(reasoning_mode='direct', upstream_usage='summary', output_style='raw', verification_mode='strict', finalization='answer_only'),generator:PromptSlots(reasoning_mode='stepwise', upstream_usage='summary', output_style='raw', verification_mode='off', finalization='answer_only'),reviser:PromptSlots(reasoning_mode='direct', upstream_usage='summary', output_style='raw', verification_mode='light', finalization='answer_only')|coder>summarizer,reasoner>coder,reasoner>summarizer",1.0,1.0,1.0,1.0,stage1,26b595a0da8f,v4_4_code_bypass_stable_anchor,use_stage1_anchor,stage1,False,0,0
mbpp:140,2,26,phase2,structure|critiq,"structure|critique_revise|critic:coder,generator:math,reviser:summarizer|critic:PromptSlots(reasoning_mode='direct', upstream_usage='summary', output_style='raw', verification_mode='strict', finalization='answer_only'),generator:PromptSlots(reasoning_mode='stepwise', upstream_usage='summary', output_style='raw', verification_mode='off', finalization='answer_only'),reviser:PromptSlots(reasoning_mode='direct', upstream_usage='summary', output_style='raw', verification_mode='light', finalization='answer_only')|coder>summarizer,math>coder,math>summarizer||route_solve|aggregator:verifier,router:reasoner,solver:coder|aggregator:PromptSlots(reasoning_mode='direct', upstream_usage='summary', output_style='raw', verification_mode='light', finalization='answer_only'),router:PromptSlots(reasoning_mode='direct', upstream_usage='summary', output_style='raw', verification_mode='light', finalization='answer_only'),solver:PromptSlots(reasoning_mode='stepwise', upstream_usage='summary', output_style='raw', verification_mode='off', finalization='answer_only')|coder>verifier,reasoner>coder||critique_revise|critic:coder,generator:researcher,reviser:summarizer|critic:PromptSlots(reasoning_mode='direct', upstream_usage='summary', output_style='raw', verification_mode='strict', finalization='answer_only'),generator:PromptSlots(reasoning_mode='stepwise', upstream_usage='summary', output_style='raw', verification_mode='off', finalization='answer_only'),reviser:PromptSlots(reasoning_mode='direct', upstream_usage='summary', output_style='raw', verification_mode='light', finalization='answer_only')|coder>summarizer,researcher>coder,researcher>summarizer",0.0,0.0,0.28,0.28,stage1_anchor,0c123c5acbbe,v4_4_code_anchor_guard_preserve,use_stage1_anchor,stage1,False,3,1
mbpp:140,2,26,phase3a,structure|route_,"structure|route_solve|aggregator:planner,router:researcher,solver:coder|aggregator:PromptSlots(reasoning_mode='direct', upstream_usage='summary', output_style='raw', verification_mode='light', finalization='answer_only'),router:PromptSlots(reasoning_mode='direct', upstream_usage='summary', output_style='raw', verification_mode='light', finalization='answer_only'),solver:PromptSlots(reasoning_mode='stepwise', upstream_usage='summary', output_style='raw', verification_mode='off', finalization='answer_only')|coder>planner,researcher>coder||critique_revise|critic:verifier,generator:coder,reviser:summarizer|critic:PromptSlots(reasoning_mode='direct', upstream_usage='summary', output_style='raw', verification_mode='strict', finalization='answer_only'),generator:PromptSlots(reasoning_mode='stepwise', upstream_usage='summary', output_style='raw', verification_mode='off', finalization='answer_only'),reviser:PromptSlots(reasoning_mode='direct', upstream_usage='summary', output_style='raw', verification_mode='light', finalization='answer_only')|coder>summarizer,coder>verifier,verifier>summarizer||critique_revise|critic:verifier,generator:planner,reviser:researcher|critic:PromptSlots(reasoning_mode='direct', upstream_usage='summary', output_style='raw', verification_mode='strict', finalization='answer_only'),generator:PromptSlots(reasoning_mode='stepwise', upstream_usage='summary', output_style='raw', verification_mode='off', finalization='answer_only'),reviser:PromptSlots(reasoning_mode='direct', upstream_usage='summary', output_style='raw', verification_mode='light', finalization='answer_only')|planner>researcher,planner>verifier,verifier>researcher",1.0,1.0,1.0,1.0,stage1,46e81df9f399,v4_4_code_bypass_stable_anchor,use_stage1_anchor,stage1,False,0,0
mbpp:142,0,14,phase2,structure|parall,"structure|parallel_vote|aggregator:planner,solver_a:math,solver_b:reasoner|aggregator:PromptSlots(reasoning_mode='direct', upstream_usage='summary', output_style='raw', verification_mode='light', finalization='answer_only'),solver_a:PromptSlots(reasoning_mode='stepwise', upstream_usage='summary', output_style='raw', verification_mode='off', finalization='answer_only'),solver_b:PromptSlots(reasoning_mode='stepwise', upstream_usage='summary', output_style='raw', verification_mode='off', finalization='answer_only')|math>planner,reasoner>planner||route_solve|aggregator:verifier,router:planner,solver:coder|aggregator:PromptSlots(reasoning_mode='direct', upstream_usage='summary', output_style='raw', verification_mode='light', finalization='answer_only'),router:PromptSlots(reasoning_mode='direct', upstream_usage='summary', output_style='raw', verification_mode='light', finalization='answer_only'),solver:PromptSlots(reasoning_mode='stepwise', upstream_usage='summary', output_style='raw', verification_mode='off', finalization='answer_only')|coder>verifier,planner>coder||parallel_vote|aggregator:skeptic,solver_a:planner,solver_b:reasoner|aggregator:PromptSlots(reasoning_mode='direct', upstream_usage='summary', output_style='raw', verification_mode='light', finalization='answer_only'),solver_a:PromptSlots(reasoning_mode='stepwise', upstream_usage='summary', output_style='raw', verification_mode='off', finalization='answer_only'),solver_b:PromptSlots(reasoning_mode='stepwise', upstream_usage='summary', output_style='raw', verification_mode='off', finalization='answer_only')|planner>skeptic,reasoner>skeptic",0.0,0.0,0.28,0.28,stage1_anchor,0cc275a07f28,v4_4_code_anchor_guard_preserve,use_stage1_anchor,stage1,False,3,1
mbpp:142,0,14,phase3a,structure|parall,"structure|parallel_vote|aggregator:math,solver_a:planner,solver_b:reasoner|aggregator:PromptSlots(reasoning_mode='direct', upstream_usage='summary', output_style='raw', verification_mode='light', finalization='answer_only'),solver_a:PromptSlots(reasoning_mode='stepwise', upstream_usage='summary', output_style='raw', verification_mode='off', finalization='answer_only'),solver_b:PromptSlots(reasoning_mode='stepwise', upstream_usage='summary', output_style='raw', verification_mode='off', finalization='answer_only')|planner>math,reasoner>math||route_solve|aggregator:verifier,router:planner,solver:coder|aggregator:PromptSlots(reasoning_mode='direct', upstream_usage='summary', output_style='raw', verification_mode='light', finalization='answer_only'),router:PromptSlots(reasoning_mode='direct', upstream_usage='summary', output_style='raw', verification_mode='light', finalization='answer_only'),solver:PromptSlots(reasoning_mode='stepwise', upstream_usage='summary', output_style='raw', verification_mode='off', finalization='answer_only')|coder>verifier,planner>coder||parallel_vote|aggregator:verifier,solver_a:planner,solver_b:coder|aggregator:PromptSlots(reasoning_mode='direct', upstream_usage='summary', output_style='raw', verification_mode='light', finalization='answer_only'),solver_a:PromptSlots(reasoning_mode='stepwise', upstream_usage='summary', output_style='raw', verification_mode='off', finalization='answer_only'),solver_b:PromptSlots(reasoning_mode='stepwise', upstream_usage='summary', output_style='raw', verification_mode='off', finalization='answer_only')|coder>verifier,planner>verifier",0.0,0.0,0.28,0.28,stage1_anchor,cf3251e4679b,v4_4_code_anchor_guard_preserve,use_stage1_anchor,stage1,False,3,1
mbpp:146,2,46,phase2,structure|route_,"structure|route_solve|aggregator:summarizer,router:planner,solver:coder|aggregator:PromptSlots(reasoning_mode='direct', upstream_usage='summary', output_style='raw', verification_mode='light', finalization='answer_only'),router:PromptSlots(reasoning_mode='direct', upstream_usage='summary', output_style='raw', verification_mode='light', finalization='answer_only'),solver:PromptSlots(reasoning_mode='stepwise', upstream_usage='summary', output_style='raw', verification_mode='off', finalization='answer_only')|coder>summarizer,planner>coder||solve_verify|solver:planner,verifier:verifier|solver:PromptSlots(reasoning_mode='stepwise', upstream_usage='summary', output_style='raw', verification_mode='off', finalization='answer_only'),verifier:PromptSlots(reasoning_mode='direct', upstream_usage='summary', output_style='raw', verification_mode='strict', finalization='answer_only')|planner>verifier||critique_revise|critic:coder,generator:planner,reviser:summarizer|critic:PromptSlots(reasoning_mode='direct', upstream_usage='summary', output_style='raw', verification_mode='strict', finalization='answer_only'),generator:PromptSlots(reasoning_mode='stepwise', upstream_usage='summary', output_style='raw', verification_mode='off', finalization='answer_only'),reviser:PromptSlots(reasoning_mode='direct', upstream_usage='summary', output_style='raw', verification_mode='light', finalization='answer_only')|coder>summarizer,planner>coder,planner>summarizer",1.0,1.0,1.0,1.0,stage1,79186c3073a6,v4_4_code_bypass_stable_anchor,use_stage1_anchor,stage1,False,0,0
mbpp:146,2,46,phase3a,structure|critiq,"structure|critique_revise|critic:verifier,generator:planner,reviser:debater_a|critic:PromptSlots(reasoning_mode='direct', upstream_usage='summary', output_style='raw', verification_mode='strict', finalization='answer_only'),generator:PromptSlots(reasoning_mode='stepwise', upstream_usage='summary', output_style='raw', verification_mode='off', finalization='answer_only'),reviser:PromptSlots(reasoning_mode='direct', upstream_usage='summary', output_style='raw', verification_mode='light', finalization='answer_only')|planner>debater_a,planner>verifier,verifier>debater_a||route_solve|aggregator:debater_a,router:planner,solver:coder|aggregator:PromptSlots(reasoning_mode='direct', upstream_usage='summary', output_style='raw', verification_mode='light', finalization='answer_only'),router:PromptSlots(reasoning_mode='direct', upstream_usage='summary', output_style='raw', verification_mode='light', finalization='answer_only'),solver:PromptSlots(reasoning_mode='stepwise', upstream_usage='summary', output_style='raw', verification_mode='off', finalization='answer_only')|coder>debater_a,planner>coder||critique_revise|critic:verifier,generator:planner,reviser:summarizer|critic:PromptSlots(reasoning_mode='direct', upstream_usage='summary', output_style='raw', verification_mode='strict', finalization='answer_only'),generator:PromptSlots(reasoning_mode='stepwise', upstream_usage='summary', output_style='raw', verification_mode='off', finalization='answer_only'),reviser:PromptSlots(reasoning_mode='direct', upstream_usage='summary', output_style='raw', verification_mode='light', finalization='answer_only')|planner>summarizer,planner>verifier,verifier>summarizer",1.0,1.0,1.0,1.0,sink_output,c837b20504fc,v4_4_code_bypass_stable_anchor,use_stage1_anchor,stage1+stage2,False,0,0
mbpp:149,1,19,phase2,structure|critiq,"structure|critique_revise|critic:verifier,generator:planner,reviser:summarizer|critic:PromptSlots(reasoning_mode='direct', upstream_usage='summary', output_style='raw', verification_mode='strict', finalization='answer_only'),generator:PromptSlots(reasoning_mode='stepwise', upstream_usage='summary', output_style='raw', verification_mode='off', finalization='answer_only'),reviser:PromptSlots(reasoning_mode='direct', upstream_usage='summary', output_style='raw', verification_mode='light', finalization='answer_only')|planner>summarizer,planner>verifier,verifier>summarizer||critique_revise|critic:coder,generator:math,reviser:summarizer|critic:PromptSlots(reasoning_mode='direct', upstream_usage='summary', output_style='raw', verification_mode='strict', finalization='answer_only'),generator:PromptSlots(reasoning_mode='stepwise', upstream_usage='summary', output_style='raw', verification_mode='off', finalization='answer_only'),reviser:PromptSlots(reasoning_mode='direct', upstream_usage='summary', output_style='raw', verification_mode='light', finalization='answer_only')|coder>summarizer,math>coder,math>summarizer||critique_revise|critic:coder,generator:planner,reviser:debater_a|critic:PromptSlots(reasoning_mode='direct', upstream_usage='summary', output_style='raw', verification_mode='strict', finalization='answer_only'),generator:PromptSlots(reasoning_mode='stepwise', upstream_usage='summary', output_style='raw', verification_mode='off', finalization='answer_only'),reviser:PromptSlots(reasoning_mode='direct', upstream_usage='summary', output_style='raw', verification_mode='light', finalization='answer_only')|coder>debater_a,planner>coder,planner>debater_a",1.0,1.0,1.0,1.0,stage1,7f72b603765d,v4_4_code_bypass_stable_anchor,use_stage1_anchor,stage1,False,0,0
mbpp:149,1,19,phase3a,structure|critiq,"structure|critique_revise|critic:verifier,generator:debater_a,reviser:coder|critic:PromptSlots(reasoning_mode='direct', upstream_usage='summary', output_style='raw', verification_mode='strict', finalization='answer_only'),generator:PromptSlots(reasoning_mode='stepwise', upstream_usage='summary', output_style='raw', verification_mode='off', finalization='answer_only'),reviser:PromptSlots(reasoning_mode='direct', upstream_usage='summary', output_style='raw', verification_mode='light', finalization='answer_only')|debater_a>coder,debater_a>verifier,verifier>coder||critique_revise|critic:coder,generator:planner,reviser:summarizer|critic:PromptSlots(reasoning_mode='direct', upstream_usage='summary', output_style='raw', verification_mode='strict', finalization='answer_only'),generator:PromptSlots(reasoning_mode='stepwise', upstream_usage='summary', output_style='raw', verification_mode='off', finalization='answer_only'),reviser:PromptSlots(reasoning_mode='direct', upstream_usage='summary', output_style='raw', verification_mode='light', finalization='answer_only')|coder>summarizer,planner>coder,planner>summarizer||critique_revise|critic:verifier,generator:planner,reviser:debater_a|critic:PromptSlots(reasoning_mode='direct', upstream_usage='summary', output_style='raw', verification_mode='strict', finalization='answer_only'),generator:PromptSlots(reasoning_mode='stepwise', upstream_usage='summary', output_style='raw', verification_mode='off', finalization='answer_only'),reviser:PromptSlots(reasoning_mode='direct', upstream_usage='summary', output_style='raw', verification_mode='light', finalization='answer_only')|planner>debater_a,planner>verifier,verifier>debater_a",1.0,1.0,1.0,1.0,stage1,301be66730f2,v4_4_code_bypass_stable_anchor,use_stage1_anchor,stage1,False,0,0
mbpp:150,2,28,phase2,structure|critiq,"structure|critique_revise|critic:verifier,generator:planner,reviser:summarizer|critic:PromptSlots(reasoning_mode='direct', upstream_usage='summary', output_style='raw', verification_mode='strict', finalization='answer_only'),generator:PromptSlots(reasoning_mode='stepwise', upstream_usage='summary', output_style='raw', verification_mode='off', finalization='answer_only'),reviser:PromptSlots(reasoning_mode='direct', upstream_usage='summary', output_style='raw', verification_mode='light', finalization='answer_only')|planner>summarizer,planner>verifier,verifier>summarizer||critique_revise|critic:coder,generator:math,reviser:planner|critic:PromptSlots(reasoning_mode='direct', upstream_usage='summary', output_style='raw', verification_mode='strict', finalization='answer_only'),generator:PromptSlots(reasoning_mode='stepwise', upstream_usage='summary', output_style='raw', verification_mode='off', finalization='answer_only'),reviser:PromptSlots(reasoning_mode='direct', upstream_usage='summary', output_style='raw', verification_mode='light', finalization='answer_only')|coder>planner,math>coder,math>planner||critique_revise|critic:verifier,generator:planner,reviser:math|critic:PromptSlots(reasoning_mode='direct', upstream_usage='summary', output_style='raw', verification_mode='strict', finalization='answer_only'),generator:PromptSlots(reasoning_mode='stepwise', upstream_usage='summary', output_style='raw', verification_mode='off', finalization='answer_only'),reviser:PromptSlots(reasoning_mode='direct', upstream_usage='summary', output_style='raw', verification_mode='light', finalization='answer_only')|planner>math,planner>verifier,verifier>math",0.0,0.0,0.52,0.52,stage1_anchor,d03977169841,v4_4_code_anchor_guard_preserve,use_stage1_anchor,stage1,False,3,1
mbpp:150,2,28,phase3a,structure|critiq,"structure|critique_revise|critic:verifier,generator:planner,reviser:debater_a|critic:PromptSlots(reasoning_mode='direct', upstream_usage='summary', output_style='raw', verification_mode='strict', finalization='answer_only'),generator:PromptSlots(reasoning_mode='stepwise', upstream_usage='summary', output_style='raw', verification_mode='off', finalization='answer_only'),reviser:PromptSlots(reasoning_mode='direct', upstream_usage='summary', output_style='raw', verification_mode='light', finalization='answer_only')|planner>debater_a,planner>verifier,verifier>debater_a||solve_verify|solver:coder,verifier:verifier|solver:PromptSlots(reasoning_mode='stepwise', upstream_usage='summary', output_style='raw', verification_mode='off', finalization='answer_only'),verifier:PromptSlots(reasoning_mode='direct', upstream_usage='summary', output_style='raw', verification_mode='strict', finalization='answer_only')|coder>verifier||critique_revise|critic:coder,generator:reasoner,reviser:summarizer|critic:PromptSlots(reasoning_mode='direct', upstream_usage='summary', output_style='raw', verification_mode='strict', finalization='answer_only'),generator:PromptSlots(reasoning_mode='stepwise', upstream_usage='summary', output_style='raw', verification_mode='off', finalization='answer_only'),reviser:PromptSlots(reasoning_mode='direct', upstream_usage='summary', output_style='raw', verification_mode='light', finalization='answer_only')|coder>summarizer,reasoner>coder,reasoner>summarizer",0.0,0.0,0.76,0.76,stage1_anchor,79134a97572f,v4_4_code_anchor_guard_preserve,use_stage1_anchor,stage1,False,3,1
mbpp:152,2,58,phase2,structure|critiq,"structure|critique_revise|critic:coder,generator:math,reviser:researcher|critic:PromptSlots(reasoning_mode='direct', upstream_usage='summary', output_style='raw', verification_mode='strict', finalization='answer_only'),generator:PromptSlots(reasoning_mode='stepwise', upstream_usage='summary', output_style='raw', verification_mode='off', finalization='answer_only'),reviser:PromptSlots(reasoning_mode='direct', upstream_usage='summary', output_style='raw', verification_mode='light', finalization='answer_only')|coder>researcher,math>coder,math>researcher||critique_revise|critic:coder,generator:verifier,reviser:researcher|critic:PromptSlots(reasoning_mode='direct', upstream_usage='summary', output_style='raw', verification_mode='strict', finalization='answer_only'),generator:PromptSlots(reasoning_mode='stepwise', upstream_usage='summary', output_style='raw', verification_mode='off', finalization='answer_only'),reviser:PromptSlots(reasoning_mode='direct', upstream_usage='summary', output_style='raw', verification_mode='light', finalization='answer_only')|coder>researcher,verifier>coder,verifier>researcher||critique_revise|critic:verifier,generator:coder,reviser:summarizer|critic:PromptSlots(reasoning_mode='direct', upstream_usage='summary', output_style='raw', verification_mode='strict', finalization='answer_only'),generator:PromptSlots(reasoning_mode='stepwise', upstream_usage='summary', output_style='raw', verification_mode='off', finalization='answer_only'),reviser:PromptSlots(reasoning_mode='direct', upstream_usage='summary', output_style='raw', verification_mode='light', finalization='answer_only')|coder>summarizer,coder>verifier,verifier>summarizer",1.0,1.0,1.0,1.0,stage1,166eaf148eca,v4_4_code_bypass_stable_anchor,use_stage1_anchor,stage1,False,0,0
mbpp:152,2,58,phase3a,structure|parall,"structure|parallel_vote|aggregator:researcher,solver_a:planner,solver_b:reasoner|aggregator:PromptSlots(reasoning_mode='direct', upstream_usage='summary', output_style='raw', verification_mode='light', finalization='answer_only'),solver_a:PromptSlots(reasoning_mode='stepwise', upstream_usage='summary', output_style='raw', verification_mode='off', finalization='answer_only'),solver_b:PromptSlots(reasoning_mode='stepwise', upstream_usage='summary', output_style='raw', verification_mode='off', finalization='answer_only')|planner>researcher,reasoner>researcher||solve_verify|solver:planner,verifier:coder|solver:PromptSlots(reasoning_mode='stepwise', upstream_usage='summary', output_style='raw', verification_mode='off', finalization='answer_only'),verifier:PromptSlots(reasoning_mode='direct', upstream_usage='summary', output_style='raw', verification_mode='strict', finalization='answer_only')|planner>coder||parallel_vote|aggregator:verifier,solver_a:coder,solver_b:reasoner|aggregator:PromptSlots(reasoning_mode='direct', upstream_usage='summary', output_style='raw', verification_mode='light', finalization='answer_only'),solver_a:PromptSlots(reasoning_mode='stepwise', upstream_usage='summary', output_style='raw', verification_mode='off', finalization='answer_only'),solver_b:PromptSlots(reasoning_mode='stepwise', upstream_usage='summary', output_style='raw', verification_mode='off', finalization='answer_only')|coder>verifier,reasoner>verifier",1.0,1.0,1.0,1.0,stage1,0e896403cba7,v4_4_code_bypass_stable_anchor,use_stage1_anchor,stage1,False,0,0
mbpp:159,0,2,phase2,structure|critiq,"structure|critique_revise|critic:coder,generator:planner,reviser:math|critic:PromptSlots(reasoning_mode='direct', upstream_usage='summary', output_style='raw', verification_mode='strict', finalization='answer_only'),generator:PromptSlots(reasoning_mode='stepwise', upstream_usage='summary', output_style='raw', verification_mode='off', finalization='answer_only'),reviser:PromptSlots(reasoning_mode='direct', upstream_usage='summary', output_style='raw', verification_mode='light', finalization='answer_only')|coder>math,planner>coder,planner>math||critique_revise|critic:verifier,generator:coder,reviser:summarizer|critic:PromptSlots(reasoning_mode='direct', upstream_usage='summary', output_style='raw', verification_mode='strict', finalization='answer_only'),generator:PromptSlots(reasoning_mode='stepwise', upstream_usage='summary', output_style='raw', verification_mode='off', finalization='answer_only'),reviser:PromptSlots(reasoning_mode='direct', upstream_usage='summary', output_style='raw', verification_mode='light', finalization='answer_only')|coder>summarizer,coder>verifier,verifier>summarizer||critique_revise|critic:coder,generator:verifier,reviser:researcher|critic:PromptSlots(reasoning_mode='direct', upstream_usage='summary', output_style='raw', verification_mode='strict', finalization='answer_only'),generator:PromptSlots(reasoning_mode='stepwise', upstream_usage='summary', output_style='raw', verification_mode='off', finalization='answer_only'),reviser:PromptSlots(reasoning_mode='direct', upstream_usage='summary', output_style='raw', verification_mode='light', finalization='answer_only')|coder>researcher,verifier>coder,verifier>researcher",1.0,1.0,1.0,1.0,stage1,21fcd463a059,v4_4_code_bypass_stable_anchor,use_stage1_anchor,stage1,False,0,0
mbpp:159,0,2,phase3a,structure|critiq,"structure|critique_revise|critic:coder,generator:planner,reviser:researcher|critic:PromptSlots(reasoning_mode='direct', upstream_usage='summary', output_style='raw', verification_mode='strict', finalization='answer_only'),generator:PromptSlots(reasoning_mode='stepwise', upstream_usage='summary', output_style='raw', verification_mode='off', finalization='answer_only'),reviser:PromptSlots(reasoning_mode='direct', upstream_usage='summary', output_style='raw', verification_mode='light', finalization='answer_only')|coder>researcher,planner>coder,planner>researcher||critique_revise|critic:verifier,generator:coder,reviser:summarizer|critic:PromptSlots(reasoning_mode='direct', upstream_usage='summary', output_style='raw', verification_mode='strict', finalization='answer_only'),generator:PromptSlots(reasoning_mode='stepwise', upstream_usage='summary', output_style='raw', verification_mode='off', finalization='answer_only'),reviser:PromptSlots(reasoning_mode='direct', upstream_usage='summary', output_style='raw', verification_mode='light', finalization='answer_only')|coder>summarizer,coder>verifier,verifier>summarizer||critique_revise|critic:verifier,generator:reasoner,reviser:researcher|critic:PromptSlots(reasoning_mode='direct', upstream_usage='summary', output_style='raw', verification_mode='strict', finalization='answer_only'),generator:PromptSlots(reasoning_mode='stepwise', upstream_usage='summary', output_style='raw', verification_mode='off', finalization='answer_only'),reviser:PromptSlots(reasoning_mode='direct', upstream_usage='summary', output_style='raw', verification_mode='light', finalization='answer_only')|reasoner>researcher,reasoner>verifier,verifier>researcher",1.0,1.0,1.0,1.0,stage1,3b1a49f6e1b3,v4_4_code_bypass_stable_anchor,use_stage1_anchor,stage1,False,0,0
mbpp:160,0,42,phase2,structure|critiq,"structure|critique_revise|critic:coder,generator:planner,reviser:debater_a|critic:PromptSlots(reasoning_mode='direct', upstream_usage='summary', output_style='raw', verification_mode='strict', finalization='answer_only'),generator:PromptSlots(reasoning_mode='stepwise', upstream_usage='summary', output_style='raw', verification_mode='off', finalization='answer_only'),reviser:PromptSlots(reasoning_mode='direct', upstream_usage='summary', output_style='raw', verification_mode='light', finalization='answer_only')|coder>debater_a,planner>coder,planner>debater_a||critique_revise|critic:verifier,generator:coder,reviser:summarizer|critic:PromptSlots(reasoning_mode='direct', upstream_usage='summary', output_style='raw', verification_mode='strict', finalization='answer_only'),generator:PromptSlots(reasoning_mode='stepwise', upstream_usage='summary', output_style='raw', verification_mode='off', finalization='answer_only'),reviser:PromptSlots(reasoning_mode='direct', upstream_usage='summary', output_style='raw', verification_mode='light', finalization='answer_only')|coder>summarizer,coder>verifier,verifier>summarizer||critique_revise|critic:coder,generator:planner,reviser:math|critic:PromptSlots(reasoning_mode='direct', upstream_usage='summary', output_style='raw', verification_mode='strict', finalization='answer_only'),generator:PromptSlots(reasoning_mode='stepwise', upstream_usage='summary', output_style='raw', verification_mode='off', finalization='answer_only'),reviser:PromptSlots(reasoning_mode='direct', upstream_usage='summary', output_style='raw', verification_mode='light', finalization='answer_only')|coder>math,planner>coder,planner>math",1.0,1.0,1.0,1.0,stage1,b761473bd8e1,v4_4_code_bypass_stable_anchor,use_stage1_anchor,stage1,False,0,0
mbpp:160,0,42,phase3a,structure|critiq,"structure|critique_revise|critic:verifier,generator:planner,reviser:math|critic:PromptSlots(reasoning_mode='direct', upstream_usage='summary', output_style='raw', verification_mode='strict', finalization='answer_only'),generator:PromptSlots(reasoning_mode='stepwise', upstream_usage='summary', output_style='raw', verification_mode='off', finalization='answer_only'),reviser:PromptSlots(reasoning_mode='direct', upstream_usage='summary', output_style='raw', verification_mode='light', finalization='answer_only')|planner>math,planner>verifier,verifier>math||critique_revise|critic:verifier,generator:debater_a,reviser:coder|critic:PromptSlots(reasoning_mode='direct', upstream_usage='summary', output_style='raw', verification_mode='strict', finalization='answer_only'),generator:PromptSlots(reasoning_mode='stepwise', upstream_usage='summary', output_style='raw', verification_mode='off', finalization='answer_only'),reviser:PromptSlots(reasoning_mode='direct', upstream_usage='summary', output_style='raw', verification_mode='light', finalization='answer_only')|debater_a>coder,debater_a>verifier,verifier>coder||critique_revise|critic:verifier,generator:reasoner,reviser:math|critic:PromptSlots(reasoning_mode='direct', upstream_usage='summary', output_style='raw', verification_mode='strict', finalization='answer_only'),generator:PromptSlots(reasoning_mode='stepwise', upstream_usage='summary', output_style='raw', verification_mode='off', finalization='answer_only'),reviser:PromptSlots(reasoning_mode='direct', upstream_usage='summary', output_style='raw', verification_mode='light', finalization='answer_only')|reasoner>math,reasoner>verifier,verifier>math",0.0,0.0,0.76,0.76,stage1_anchor,78a0bb85fb0b,v4_4_code_anchor_guard_preserve,use_stage1_anchor,stage1,False,3,1
mbpp:167,1,11,phase2,structure|critiq,"structure|critique_revise|critic:verifier,generator:planner,reviser:debater_a|critic:PromptSlots(reasoning_mode='direct', upstream_usage='summary', output_style='raw', verification_mode='strict', finalization='answer_only'),generator:PromptSlots(reasoning_mode='stepwise', upstream_usage='summary', output_style='raw', verification_mode='off', finalization='answer_only'),reviser:PromptSlots(reasoning_mode='direct', upstream_usage='summary', output_style='raw', verification_mode='light', finalization='answer_only')|planner>debater_a,planner>verifier,verifier>debater_a||route_solve|aggregator:skeptic,router:planner,solver:coder|aggregator:PromptSlots(reasoning_mode='direct', upstream_usage='summary', output_style='raw', verification_mode='light', finalization='answer_only'),router:PromptSlots(reasoning_mode='direct', upstream_usage='summary', output_style='raw', verification_mode='light', finalization='answer_only'),solver:PromptSlots(reasoning_mode='stepwise', upstream_usage='summary', output_style='raw', verification_mode='off', finalization='answer_only')|coder>skeptic,planner>coder||solve_verify|solver:planner,verifier:coder|solver:PromptSlots(reasoning_mode='stepwise', upstream_usage='summary', output_style='raw', verification_mode='off', finalization='answer_only'),verifier:PromptSlots(reasoning_mode='direct', upstream_usage='summary', output_style='raw', verification_mode='strict', finalization='answer_only')|planner>coder",1.0,1.0,1.0,1.0,stage1,22b030126da9,v4_4_code_bypass_stable_anchor,use_stage1_anchor,stage1,False,0,0
mbpp:167,1,11,phase3a,structure|parall,"structure|parallel_vote|aggregator:coder,solver_a:planner,solver_b:reasoner|aggregator:PromptSlots(reasoning_mode='direct', upstream_usage='summary', output_style='raw', verification_mode='light', finalization='answer_only'),solver_a:PromptSlots(reasoning_mode='stepwise', upstream_usage='summary', output_style='raw', verification_mode='off', finalization='answer_only'),solver_b:PromptSlots(reasoning_mode='stepwise', upstream_usage='summary', output_style='raw', verification_mode='off', finalization='answer_only')|planner>coder,reasoner>coder||route_solve|aggregator:reasoner,router:planner,solver:coder|aggregator:PromptSlots(reasoning_mode='direct', upstream_usage='summary', output_style='raw', verification_mode='light', finalization='answer_only'),router:PromptSlots(reasoning_mode='direct', upstream_usage='summary', output_style='raw', verification_mode='light', finalization='answer_only'),solver:PromptSlots(reasoning_mode='stepwise', upstream_usage='summary', output_style='raw', verification_mode='off', finalization='answer_only')|coder>reasoner,planner>coder||solve_verify|solver:planner,verifier:verifier|solver:PromptSlots(reasoning_mode='stepwise', upstream_usage='summary', output_style='raw', verification_mode='off', finalization='answer_only'),verifier:PromptSlots(reasoning_mode='direct', upstream_usage='summary', output_style='raw', verification_mode='strict', finalization='answer_only')|planner>verifier",1.0,1.0,1.0,1.0,stage1,d5a272e6afdd,v4_4_code_bypass_stable_anchor,use_stage1_anchor,stage1,False,0,0
mbpp:17,2,24,phase2,structure|parall,"structure|parallel_vote|aggregator:coder,solver_a:planner,solver_b:reasoner|aggregator:PromptSlots(reasoning_mode='direct', upstream_usage='summary', output_style='raw', verification_mode='light', finalization='answer_only'),solver_a:PromptSlots(reasoning_mode='stepwise', upstream_usage='summary', output_style='raw', verification_mode='off', finalization='answer_only'),solver_b:PromptSlots(reasoning_mode='stepwise', upstream_usage='summary', output_style='raw', verification_mode='off', finalization='answer_only')|planner>coder,reasoner>coder||route_solve|aggregator:verifier,router:planner,solver:coder|aggregator:PromptSlots(reasoning_mode='direct', upstream_usage='summary', output_style='raw', verification_mode='light', finalization='answer_only'),router:PromptSlots(reasoning_mode='direct', upstream_usage='summary', output_style='raw', verification_mode='light', finalization='answer_only'),solver:PromptSlots(reasoning_mode='stepwise', upstream_usage='summary', output_style='raw', verification_mode='off', finalization='answer_only')|coder>verifier,planner>coder||solve_verify|solver:planner,verifier:coder|solver:PromptSlots(reasoning_mode='stepwise', upstream_usage='summary', output_style='raw', verification_mode='off', finalization='answer_only'),verifier:PromptSlots(reasoning_mode='direct', upstream_usage='summary', output_style='raw', verification_mode='strict', finalization='answer_only')|planner>coder",1.0,1.0,1.0,1.0,sink_output,306db0fd4d09,v4_4_code_bypass_stable_anchor,use_stage1_anchor,stage1+stage2,False,0,0
mbpp:17,2,24,phase3a,structure|route_,"structure|route_solve|aggregator:verifier,router:planner,solver:coder|aggregator:PromptSlots(reasoning_mode='direct', upstream_usage='summary', output_style='raw', verification_mode='light', finalization='answer_only'),router:PromptSlots(reasoning_mode='direct', upstream_usage='summary', output_style='raw', verification_mode='light', finalization='answer_only'),solver:PromptSlots(reasoning_mode='stepwise', upstream_usage='summary', output_style='raw', verification_mode='off', finalization='answer_only')|coder>verifier,planner>coder||critique_revise|critic:verifier,generator:planner,reviser:coder|critic:PromptSlots(reasoning_mode='direct', upstream_usage='summary', output_style='raw', verification_mode='strict', finalization='answer_only'),generator:PromptSlots(reasoning_mode='stepwise', upstream_usage='summary', output_style='raw', verification_mode='off', finalization='answer_only'),reviser:PromptSlots(reasoning_mode='direct', upstream_usage='summary', output_style='raw', verification_mode='light', finalization='answer_only')|planner>coder,planner>verifier,verifier>coder||solve_verify|solver:planner,verifier:verifier|solver:PromptSlots(reasoning_mode='stepwise', upstream_usage='summary', output_style='raw', verification_mode='off', finalization='answer_only'),verifier:PromptSlots(reasoning_mode='direct', upstream_usage='summary', output_style='raw', verification_mode='strict', finalization='answer_only')|planner>verifier",1.0,1.0,1.0,1.0,checker_approved_proposal,0c12ec26ed4c,v4_4_code_bypass_stable_anchor,use_stage1_anchor,stage1+stage2,False,0,0
mbpp:174,1,5,phase2,structure|critiq,"structure|critique_revise|critic:verifier,generator:planner,reviser:reasoner|critic:PromptSlots(reasoning_mode='direct', upstream_usage='summary', output_style='raw', verification_mode='strict', finalization='answer_only'),generator:PromptSlots(reasoning_mode='stepwise', upstream_usage='summary', output_style='raw', verification_mode='off', finalization='answer_only'),reviser:PromptSlots(reasoning_mode='direct', upstream_usage='summary', output_style='raw', verification_mode='light', finalization='answer_only')|planner>reasoner,planner>verifier,verifier>reasoner||critique_revise|critic:coder,generator:verifier,reviser:reasoner|critic:PromptSlots(reasoning_mode='direct', upstream_usage='summary', output_style='raw', verification_mode='strict', finalization='answer_only'),generator:PromptSlots(reasoning_mode='stepwise', upstream_usage='summary', output_style='raw', verification_mode='off', finalization='answer_only'),reviser:PromptSlots(reasoning_mode='direct', upstream_usage='summary', output_style='raw', verification_mode='light', finalization='answer_only')|coder>reasoner,verifier>coder,verifier>reasoner||critique_revise|critic:coder,generator:planner,reviser:summarizer|critic:PromptSlots(reasoning_mode='direct', upstream_usage='summary', output_style='raw', verification_mode='strict', finalization='answer_only'),generator:PromptSlots(reasoning_mode='stepwise', upstream_usage='summary', output_style='raw', verification_mode='off', finalization='answer_only'),reviser:PromptSlots(reasoning_mode='direct', upstream_usage='summary', output_style='raw', verification_mode='light', finalization='answer_only')|coder>summarizer,planner>coder,planner>summarizer",1.0,1.0,1.0,1.0,sink_output,1a4af7072720,v4_4_code_bypass_stable_anchor,use_stage1_anchor,stage1+stage2,False,0,0
mbpp:174,1,5,phase3a,structure|critiq,"structure|critique_revise|critic:verifier,generator:math,reviser:coder|critic:PromptSlots(reasoning_mode='direct', upstream_usage='summary', output_style='raw', verification_mode='strict', finalization='answer_only'),generator:PromptSlots(reasoning_mode='stepwise', upstream_usage='summary', output_style='raw', verification_mode='off', finalization='answer_only'),reviser:PromptSlots(reasoning_mode='direct', upstream_usage='summary', output_style='raw', verification_mode='light', finalization='answer_only')|math>coder,math>verifier,verifier>coder||critique_revise|critic:math,generator:verifier,reviser:coder|critic:PromptSlots(reasoning_mode='direct', upstream_usage='summary', output_style='raw', verification_mode='strict', finalization='answer_only'),generator:PromptSlots(reasoning_mode='stepwise', upstream_usage='summary', output_style='raw', verification_mode='off', finalization='answer_only'),reviser:PromptSlots(reasoning_mode='direct', upstream_usage='summary', output_style='raw', verification_mode='light', finalization='answer_only')|math>coder,verifier>coder,verifier>math||critique_revise|critic:planner,generator:math,reviser:coder|critic:PromptSlots(reasoning_mode='direct', upstream_usage='summary', output_style='raw', verification_mode='strict', finalization='answer_only'),generator:PromptSlots(reasoning_mode='stepwise', upstream_usage='summary', output_style='raw', verification_mode='off', finalization='answer_only'),reviser:PromptSlots(reasoning_mode='direct', upstream_usage='summary', output_style='raw', verification_mode='light', finalization='answer_only')|math>coder,math>planner,planner>coder",1.0,1.0,1.0,1.0,stage1,404f82964d5f,v4_4_code_bypass_stable_anchor,use_stage1_anchor,stage1,False,0,0
mbpp:184,2,31,phase2,structure|route_,"structure|route_solve|aggregator:skeptic,router:planner,solver:coder|aggregator:PromptSlots(reasoning_mode='direct', upstream_usage='summary', output_style='raw', verification_mode='light', finalization='answer_only'),router:PromptSlots(reasoning_mode='direct', upstream_usage='summary', output_style='raw', verification_mode='light', finalization='answer_only'),solver:PromptSlots(reasoning_mode='stepwise', upstream_usage='summary', output_style='raw', verification_mode='off', finalization='answer_only')|coder>skeptic,planner>coder||parallel_vote|aggregator:verifier,solver_a:planner,solver_b:reasoner|aggregator:PromptSlots(reasoning_mode='direct', upstream_usage='summary', output_style='raw', verification_mode='light', finalization='answer_only'),solver_a:PromptSlots(reasoning_mode='stepwise', upstream_usage='summary', output_style='raw', verification_mode='off', finalization='answer_only'),solver_b:PromptSlots(reasoning_mode='stepwise', upstream_usage='summary', output_style='raw', verification_mode='off', finalization='answer_only')|planner>verifier,reasoner>verifier||critique_revise|critic:verifier,generator:planner,reviser:coder|critic:PromptSlots(reasoning_mode='direct', upstream_usage='summary', output_style='raw', verification_mode='strict', finalization='answer_only'),generator:PromptSlots(reasoning_mode='stepwise', upstream_usage='summary', output_style='raw', verification_mode='off', finalization='answer_only'),reviser:PromptSlots(reasoning_mode='direct', upstream_usage='summary', output_style='raw', verification_mode='light', finalization='answer_only')|planner>coder,planner>verifier,verifier>coder",1.0,1.0,1.0,1.0,sink_output,6566c74c18d4,v4_4_code_bypass_stable_anchor,use_stage1_anchor,stage1+stage2,False,0,0
mbpp:184,2,31,phase3a,structure|parall,"structure|parallel_vote|aggregator:coder,solver_a:planner,solver_b:reasoner|aggregator:PromptSlots(reasoning_mode='direct', upstream_usage='summary', output_style='raw', verification_mode='light', finalization='answer_only'),solver_a:PromptSlots(reasoning_mode='stepwise', upstream_usage='summary', output_style='raw', verification_mode='off', finalization='answer_only'),solver_b:PromptSlots(reasoning_mode='stepwise', upstream_usage='summary', output_style='raw', verification_mode='off', finalization='answer_only')|planner>coder,reasoner>coder||critique_revise|critic:verifier,generator:planner,reviser:summarizer|critic:PromptSlots(reasoning_mode='direct', upstream_usage='summary', output_style='raw', verification_mode='strict', finalization='answer_only'),generator:PromptSlots(reasoning_mode='stepwise', upstream_usage='summary', output_style='raw', verification_mode='off', finalization='answer_only'),reviser:PromptSlots(reasoning_mode='direct', upstream_usage='summary', output_style='raw', verification_mode='light', finalization='answer_only')|planner>summarizer,planner>verifier,verifier>summarizer||route_solve|aggregator:verifier,router:planner,solver:coder|aggregator:PromptSlots(reasoning_mode='direct', upstream_usage='summary', output_style='raw', verification_mode='light', finalization='answer_only'),router:PromptSlots(reasoning_mode='direct', upstream_usage='summary', output_style='raw', verification_mode='light', finalization='answer_only'),solver:PromptSlots(reasoning_mode='stepwise', upstream_usage='summary', output_style='raw', verification_mode='off', finalization='answer_only')|coder>verifier,planner>coder",1.0,1.0,1.0,1.0,stage1,6566c74c18d4,v4_4_code_bypass_stable_anchor,use_stage1_anchor,stage1,False,0,0
mbpp:185,1,55,phase2,structure|critiq,"structure|critique_revise|critic:coder,generator:planner,reviser:summarizer|critic:PromptSlots(reasoning_mode='direct', upstream_usage='summary', output_style='raw', verification_mode='strict', finalization='answer_only'),generator:PromptSlots(reasoning_mode='stepwise', upstream_usage='summary', output_style='raw', verification_mode='off', finalization='answer_only'),reviser:PromptSlots(reasoning_mode='direct', upstream_usage='summary', output_style='raw', verification_mode='light', finalization='answer_only')|coder>summarizer,planner>coder,planner>summarizer||solve_verify|solver:planner,verifier:verifier|solver:PromptSlots(reasoning_mode='stepwise', upstream_usage='summary', output_style='raw', verification_mode='off', finalization='answer_only'),verifier:PromptSlots(reasoning_mode='direct', upstream_usage='summary', output_style='raw', verification_mode='strict', finalization='answer_only')|planner>verifier||critique_revise|critic:coder,generator:verifier,reviser:summarizer|critic:PromptSlots(reasoning_mode='direct', upstream_usage='summary', output_style='raw', verification_mode='strict', finalization='answer_only'),generator:PromptSlots(reasoning_mode='stepwise', upstream_usage='summary', output_style='raw', verification_mode='off', finalization='answer_only'),reviser:PromptSlots(reasoning_mode='direct', upstream_usage='summary', output_style='raw', verification_mode='light', finalization='answer_only')|coder>summarizer,verifier>coder,verifier>summarizer",1.0,1.0,1.0,1.0,stage1,41732d54e416,v4_4_code_bypass_stable_anchor,use_stage1_anchor,stage1,False,0,0
mbpp:185,1,55,phase3a,structure|critiq,"structure|critique_revise|critic:verifier,generator:planner,reviser:coder|critic:PromptSlots(reasoning_mode='direct', upstream_usage='summary', output_style='raw', verification_mode='strict', finalization='answer_only'),generator:PromptSlots(reasoning_mode='stepwise', upstream_usage='summary', output_style='raw', verification_mode='off', finalization='answer_only'),reviser:PromptSlots(reasoning_mode='direct', upstream_usage='summary', output_style='raw', verification_mode='light', finalization='answer_only')|planner>coder,planner>verifier,verifier>coder||critique_revise|critic:coder,generator:debater_a,reviser:planner|critic:PromptSlots(reasoning_mode='direct', upstream_usage='summary', output_style='raw', verification_mode='strict', finalization='answer_only'),generator:PromptSlots(reasoning_mode='stepwise', upstream_usage='summary', output_style='raw', verification_mode='off', finalization='answer_only'),reviser:PromptSlots(reasoning_mode='direct', upstream_usage='summary', output_style='raw', verification_mode='light', finalization='answer_only')|coder>planner,debater_a>coder,debater_a>planner||critique_revise|critic:coder,generator:planner,reviser:debater_a|critic:PromptSlots(reasoning_mode='direct', upstream_usage='summary', output_style='raw', verification_mode='strict', finalization='answer_only'),generator:PromptSlots(reasoning_mode='stepwise', upstream_usage='summary', output_style='raw', verification_mode='off', finalization='answer_only'),reviser:PromptSlots(reasoning_mode='direct', upstream_usage='summary', output_style='raw', verification_mode='light', finalization='answer_only')|coder>debater_a,planner>coder,planner>debater_a",1.0,1.0,1.0,1.0,stage1,964e3b8b1671,v4_4_code_bypass_stable_anchor,use_stage1_anchor,stage1,False,0,0
mbpp:188,0,41,phase2,structure|parall,"structure|parallel_vote|aggregator:coder,solver_a:planner,solver_b:reasoner|aggregator:PromptSlots(reasoning_mode='direct', upstream_usage='summary', output_style='raw', verification_mode='light', finalization='answer_only'),solver_a:PromptSlots(reasoning_mode='stepwise', upstream_usage='summary', output_style='raw', verification_mode='off', finalization='answer_only'),solver_b:PromptSlots(reasoning_mode='stepwise', upstream_usage='summary', output_style='raw', verification_mode='off', finalization='answer_only')|planner>coder,reasoner>coder||critique_revise|critic:verifier,generator:debater_a,reviser:summarizer|critic:PromptSlots(reasoning_mode='direct', upstream_usage='summary', output_style='raw', verification_mode='strict', finalization='answer_only'),generator:PromptSlots(reasoning_mode='stepwise', upstream_usage='summary', output_style='raw', verification_mode='off', finalization='answer_only'),reviser:PromptSlots(reasoning_mode='direct', upstream_usage='summary', output_style='raw', verification_mode='light', finalization='answer_only')|debater_a>summarizer,debater_a>verifier,verifier>summarizer||route_solve|aggregator:verifier,router:planner,solver:coder|aggregator:PromptSlots(reasoning_mode='direct', upstream_usage='summary', output_style='raw', verification_mode='light', finalization='answer_only'),router:PromptSlots(reasoning_mode='direct', upstream_usage='summary', output_style='raw', verification_mode='light', finalization='answer_only'),solver:PromptSlots(reasoning_mode='stepwise', upstream_usage='summary', output_style='raw', verification_mode='off', finalization='answer_only')|coder>verifier,planner>coder",1.0,1.0,1.0,1.0,stage1,08c4a8383b6f,v4_4_code_bypass_stable_anchor,use_stage1_anchor,stage1,False,0,0
mbpp:188,0,41,phase3a,structure|critiq,"structure|critique_revise|critic:verifier,generator:math,reviser:summarizer|critic:PromptSlots(reasoning_mode='direct', upstream_usage='summary', output_style='raw', verification_mode='strict', finalization='answer_only'),generator:PromptSlots(reasoning_mode='stepwise', upstream_usage='summary', output_style='raw', verification_mode='off', finalization='answer_only'),reviser:PromptSlots(reasoning_mode='direct', upstream_usage='summary', output_style='raw', verification_mode='light', finalization='answer_only')|math>summarizer,math>verifier,verifier>summarizer||critique_revise|critic:verifier,generator:reasoner,reviser:coder|critic:PromptSlots(reasoning_mode='direct', upstream_usage='summary', output_style='raw', verification_mode='strict', finalization='answer_only'),generator:PromptSlots(reasoning_mode='stepwise', upstream_usage='summary', output_style='raw', verification_mode='off', finalization='answer_only'),reviser:PromptSlots(reasoning_mode='direct', upstream_usage='summary', output_style='raw', verification_mode='light', finalization='answer_only')|reasoner>coder,reasoner>verifier,verifier>coder||critique_revise|critic:verifier,generator:planner,reviser:math|critic:PromptSlots(reasoning_mode='direct', upstream_usage='summary', output_style='raw', verification_mode='strict', finalization='answer_only'),generator:PromptSlots(reasoning_mode='stepwise', upstream_usage='summary', output_style='raw', verification_mode='off', finalization='answer_only'),reviser:PromptSlots(reasoning_mode='direct', upstream_usage='summary', output_style='raw', verification_mode='light', finalization='answer_only')|planner>math,planner>verifier,verifier>math",1.0,1.0,1.0,1.0,stage1,dcd86063a797,v4_4_code_bypass_stable_anchor,use_stage1_anchor,stage1,False,0,0
mbpp:193,2,14,phase2,structure|critiq,"structure|critique_revise|critic:verifier,generator:planner,reviser:debater_a|critic:PromptSlots(reasoning_mode='direct', upstream_usage='summary', output_style='raw', verification_mode='strict', finalization='answer_only'),generator:PromptSlots(reasoning_mode='stepwise', upstream_usage='summary', output_style='raw', verification_mode='off', finalization='answer_only'),reviser:PromptSlots(reasoning_mode='direct', upstream_usage='summary', output_style='raw', verification_mode='light', finalization='answer_only')|planner>debater_a,planner>verifier,verifier>debater_a||critique_revise|critic:coder,generator:math,reviser:debater_a|critic:PromptSlots(reasoning_mode='direct', upstream_usage='summary', output_style='raw', verification_mode='strict', finalization='answer_only'),generator:PromptSlots(reasoning_mode='stepwise', upstream_usage='summary', output_style='raw', verification_mode='off', finalization='answer_only'),reviser:PromptSlots(reasoning_mode='direct', upstream_usage='summary', output_style='raw', verification_mode='light', finalization='answer_only')|coder>debater_a,math>coder,math>debater_a||critique_revise|critic:verifier,generator:coder,reviser:summarizer|critic:PromptSlots(reasoning_mode='direct', upstream_usage='summary', output_style='raw', verification_mode='strict', finalization='answer_only'),generator:PromptSlots(reasoning_mode='stepwise', upstream_usage='summary', output_style='raw', verification_mode='off', finalization='answer_only'),reviser:PromptSlots(reasoning_mode='direct', upstream_usage='summary', output_style='raw', verification_mode='light', finalization='answer_only')|coder>summarizer,coder>verifier,verifier>summarizer",1.0,1.0,1.0,1.0,stage1,c33a9eb95287,v4_4_code_bypass_stable_anchor,use_stage1_anchor,stage1,False,0,0
mbpp:193,2,14,phase3a,structure|critiq,"structure|critique_revise|critic:debater_a,generator:planner,reviser:coder|critic:PromptSlots(reasoning_mode='direct', upstream_usage='summary', output_style='raw', verification_mode='strict', finalization='answer_only'),generator:PromptSlots(reasoning_mode='stepwise', upstream_usage='summary', output_style='raw', verification_mode='off', finalization='answer_only'),reviser:PromptSlots(reasoning_mode='direct', upstream_usage='summary', output_style='raw', verification_mode='light', finalization='answer_only')|debater_a>coder,planner>coder,planner>debater_a||route_solve|aggregator:math,router:planner,solver:coder|aggregator:PromptSlots(reasoning_mode='direct', upstream_usage='summary', output_style='raw', verification_mode='light', finalization='answer_only'),router:PromptSlots(reasoning_mode='direct', upstream_usage='summary', output_style='raw', verification_mode='light', finalization='answer_only'),solver:PromptSlots(reasoning_mode='stepwise', upstream_usage='summary', output_style='raw', verification_mode='off', finalization='answer_only')|coder>math,planner>coder||critique_revise|critic:coder,generator:planner,reviser:debater_a|critic:PromptSlots(reasoning_mode='direct', upstream_usage='summary', output_style='raw', verification_mode='strict', finalization='answer_only'),generator:PromptSlots(reasoning_mode='stepwise', upstream_usage='summary', output_style='raw', verification_mode='off', finalization='answer_only'),reviser:PromptSlots(reasoning_mode='direct', upstream_usage='summary', output_style='raw', verification_mode='light', finalization='answer_only')|coder>debater_a,planner>coder,planner>debater_a",1.0,1.0,1.0,1.0,stage1,7921207d3672,v4_4_code_bypass_stable_anchor,use_stage1_anchor,stage1,False,0,0
mbpp:194,0,44,phase2,structure|parall,"structure|parallel_vote|aggregator:debater_a,solver_a:planner,solver_b:reasoner|aggregator:PromptSlots(reasoning_mode='direct', upstream_usage='summary', output_style='raw', verification_mode='light', finalization='answer_only'),solver_a:PromptSlots(reasoning_mode='stepwise', upstream_usage='summary', output_style='raw', verification_mode='off', finalization='answer_only'),solver_b:PromptSlots(reasoning_mode='stepwise', upstream_usage='summary', output_style='raw', verification_mode='off', finalization='answer_only')|planner>debater_a,reasoner>debater_a||solve_verify|solver:planner,verifier:coder|solver:PromptSlots(reasoning_mode='stepwise', upstream_usage='summary', output_style='raw', verification_mode='off', finalization='answer_only'),verifier:PromptSlots(reasoning_mode='direct', upstream_usage='summary', output_style='raw', verification_mode='strict', finalization='answer_only')|planner>coder||debate_judge|debater_a:coder,debater_b:reasoner,judge:verifier|debater_a:PromptSlots(reasoning_mode='direct', upstream_usage='summary', output_style='raw', verification_mode='off', finalization='answer_only'),debater_b:PromptSlots(reasoning_mode='direct', upstream_usage='summary', output_style='raw', verification_mode='off', finalization='answer_only'),judge:PromptSlots(reasoning_mode='direct', upstream_usage='summary', output_style='raw', verification_mode='strict', finalization='answer_only')|coder>verifier,reasoner>verifier",1.0,1.0,1.0,1.0,sink_output,f929c5a9ca7b,v4_4_code_bypass_stable_anchor,use_stage1_anchor,stage1+stage2,False,0,0
mbpp:194,0,44,phase3a,structure|debate,"structure|debate_judge|debater_a:coder,debater_b:planner,judge:math|debater_a:PromptSlots(reasoning_mode='direct', upstream_usage='summary', output_style='raw', verification_mode='off', finalization='answer_only'),debater_b:PromptSlots(reasoning_mode='direct', upstream_usage='summary', output_style='raw', verification_mode='off', finalization='answer_only'),judge:PromptSlots(reasoning_mode='direct', upstream_usage='summary', output_style='raw', verification_mode='strict', finalization='answer_only')|coder>math,planner>math||debate_judge|debater_a:coder,debater_b:planner,judge:verifier|debater_a:PromptSlots(reasoning_mode='direct', upstream_usage='summary', output_style='raw', verification_mode='off', finalization='answer_only'),debater_b:PromptSlots(reasoning_mode='direct', upstream_usage='summary', output_style='raw', verification_mode='off', finalization='answer_only'),judge:PromptSlots(reasoning_mode='direct', upstream_usage='summary', output_style='raw', verification_mode='strict', finalization='answer_only')|coder>verifier,planner>verifier||solve_verify|solver:coder,verifier:verifier|solver:PromptSlots(reasoning_mode='stepwise', upstream_usage='summary', output_style='raw', verification_mode='off', finalization='answer_only'),verifier:PromptSlots(reasoning_mode='direct', upstream_usage='summary', output_style='raw', verification_mode='strict', finalization='answer_only')|coder>verifier",1.0,1.0,1.0,1.0,checker_approved_proposal,f929c5a9ca7b,v4_4_code_bypass_stable_anchor,use_stage1_anchor,stage1+stage2,False,0,0
mbpp:197,0,13,phase2,structure|critiq,"structure|critique_revise|critic:verifier,generator:math,reviser:researcher|critic:PromptSlots(reasoning_mode='direct', upstream_usage='summary', output_style='raw', verification_mode='strict', finalization='answer_only'),generator:PromptSlots(reasoning_mode='stepwise', upstream_usage='summary', output_style='raw', verification_mode='off', finalization='answer_only'),reviser:PromptSlots(reasoning_mode='direct', upstream_usage='summary', output_style='raw', verification_mode='light', finalization='answer_only')|math>researcher,math>verifier,verifier>researcher||critique_revise|critic:verifier,generator:math,reviser:planner|critic:PromptSlots(reasoning_mode='direct', upstream_usage='summary', output_style='raw', verification_mode='strict', finalization='answer_only'),generator:PromptSlots(reasoning_mode='stepwise', upstream_usage='summary', output_style='raw', verification_mode='off', finalization='answer_only'),reviser:PromptSlots(reasoning_mode='direct', upstream_usage='summary', output_style='raw', verification_mode='light', finalization='answer_only')|math>planner,math>verifier,verifier>planner||critique_revise|critic:verifier,generator:coder,reviser:summarizer|critic:PromptSlots(reasoning_mode='direct', upstream_usage='summary', output_style='raw', verification_mode='strict', finalization='answer_only'),generator:PromptSlots(reasoning_mode='stepwise', upstream_usage='summary', output_style='raw', verification_mode='off', finalization='answer_only'),reviser:PromptSlots(reasoning_mode='direct', upstream_usage='summary', output_style='raw', verification_mode='light', finalization='answer_only')|coder>summarizer,coder>verifier,verifier>summarizer",1.0,1.0,1.0,1.0,sink_output,b5f924bfdd9d,v4_4_code_bypass_stable_anchor,use_stage1_anchor,stage1+stage2,False,0,0
mbpp:197,0,13,phase3a,structure|critiq,"structure|critique_revise|critic:verifier,generator:planner,reviser:researcher|critic:PromptSlots(reasoning_mode='direct', upstream_usage='summary', output_style='raw', verification_mode='strict', finalization='answer_only'),generator:PromptSlots(reasoning_mode='stepwise', upstream_usage='summary', output_style='raw', verification_mode='off', finalization='answer_only'),reviser:PromptSlots(reasoning_mode='direct', upstream_usage='summary', output_style='raw', verification_mode='light', finalization='answer_only')|planner>researcher,planner>verifier,verifier>researcher||critique_revise|critic:verifier,generator:coder,reviser:researcher|critic:PromptSlots(reasoning_mode='direct', upstream_usage='summary', output_style='raw', verification_mode='strict', finalization='answer_only'),generator:PromptSlots(reasoning_mode='stepwise', upstream_usage='summary', output_style='raw', verification_mode='off', finalization='answer_only'),reviser:PromptSlots(reasoning_mode='direct', upstream_usage='summary', output_style='raw', verification_mode='light', finalization='answer_only')|coder>researcher,coder>verifier,verifier>researcher||critique_revise|critic:coder,generator:planner,reviser:summarizer|critic:PromptSlots(reasoning_mode='direct', upstream_usage='summary', output_style='raw', verification_mode='strict', finalization='answer_only'),generator:PromptSlots(reasoning_mode='stepwise', upstream_usage='summary', output_style='raw', verification_mode='off', finalization='answer_only'),reviser:PromptSlots(reasoning_mode='direct', upstream_usage='summary', output_style='raw', verification_mode='light', finalization='answer_only')|coder>summarizer,planner>coder,planner>summarizer",1.0,1.0,1.0,1.0,checker_approved_proposal,9267dce4655a,v4_4_code_bypass_stable_anchor,use_stage1_anchor,stage1+stage2,False,0,0
mbpp:210,0,25,phase2,structure|solve_,"structure|solve_verify|solver:planner,verifier:math|solver:PromptSlots(reasoning_mode='stepwise', upstream_usage='summary', output_style='raw', verification_mode='off', finalization='answer_only'),verifier:PromptSlots(reasoning_mode='direct', upstream_usage='summary', output_style='raw', verification_mode='strict', finalization='answer_only')|planner>math||route_solve|aggregator:summarizer,router:planner,solver:coder|aggregator:PromptSlots(reasoning_mode='direct', upstream_usage='summary', output_style='raw', verification_mode='light', finalization='answer_only'),router:PromptSlots(reasoning_mode='direct', upstream_usage='summary', output_style='raw', verification_mode='light', finalization='answer_only'),solver:PromptSlots(reasoning_mode='stepwise', upstream_usage='summary', output_style='raw', verification_mode='off', finalization='answer_only')|coder>summarizer,planner>coder||solve_verify|solver:coder,verifier:planner|solver:PromptSlots(reasoning_mode='stepwise', upstream_usage='summary', output_style='raw', verification_mode='off', finalization='answer_only'),verifier:PromptSlots(reasoning_mode='direct', upstream_usage='summary', output_style='raw', verification_mode='strict', finalization='answer_only')|coder>planner",1.0,1.0,1.0,1.0,checker_approved_proposal,2d7d3a1307a1,v4_4_code_bypass_stable_anchor,use_stage1_anchor,stage1+stage2,False,0,0
mbpp:210,0,25,phase3a,structure|solve_,"structure|solve_verify|solver:planner,verifier:verifier|solver:PromptSlots(reasoning_mode='stepwise', upstream_usage='summary', output_style='raw', verification_mode='off', finalization='answer_only'),verifier:PromptSlots(reasoning_mode='direct', upstream_usage='summary', output_style='raw', verification_mode='strict', finalization='answer_only')|planner>verifier||solve_verify|solver:planner,verifier:coder|solver:PromptSlots(reasoning_mode='stepwise', upstream_usage='summary', output_style='raw', verification_mode='off', finalization='answer_only'),verifier:PromptSlots(reasoning_mode='direct', upstream_usage='summary', output_style='raw', verification_mode='strict', finalization='answer_only')|planner>coder||route_solve|aggregator:math,router:reasoner,solver:coder|aggregator:PromptSlots(reasoning_mode='direct', upstream_usage='summary', output_style='raw', verification_mode='light', finalization='answer_only'),router:PromptSlots(reasoning_mode='direct', upstream_usage='summary', output_style='raw', verification_mode='light', finalization='answer_only'),solver:PromptSlots(reasoning_mode='stepwise', upstream_usage='summary', output_style='raw', verification_mode='off', finalization='answer_only')|coder>math,reasoner>coder",1.0,1.0,1.0,1.0,sink_output,dce8f99b0f9f,v4_4_code_bypass_stable_anchor,use_stage1_anchor,stage1+stage2,False,0,0
mbpp:213,2,9,phase2,structure|critiq,"structure|critique_revise|critic:verifier,generator:coder,reviser:planner|critic:PromptSlots(reasoning_mode='direct', upstream_usage='summary', output_style='raw', verification_mode='strict', finalization='answer_only'),generator:PromptSlots(reasoning_mode='stepwise', upstream_usage='summary', output_style='raw', verification_mode='off', finalization='answer_only'),reviser:PromptSlots(reasoning_mode='direct', upstream_usage='summary', output_style='raw', verification_mode='light', finalization='answer_only')|coder>planner,coder>verifier,verifier>planner||solve_verify|solver:coder,verifier:verifier|solver:PromptSlots(reasoning_mode='stepwise', upstream_usage='summary', output_style='raw', verification_mode='off', finalization='answer_only'),verifier:PromptSlots(reasoning_mode='direct', upstream_usage='summary', output_style='raw', verification_mode='strict', finalization='answer_only')|coder>verifier||critique_revise|critic:coder,generator:planner,reviser:researcher|critic:PromptSlots(reasoning_mode='direct', upstream_usage='summary', output_style='raw', verification_mode='strict', finalization='answer_only'),generator:PromptSlots(reasoning_mode='stepwise', upstream_usage='summary', output_style='raw', verification_mode='off', finalization='answer_only'),reviser:PromptSlots(reasoning_mode='direct', upstream_usage='summary', output_style='raw', verification_mode='light', finalization='answer_only')|coder>researcher,planner>coder,planner>researcher",1.0,1.0,1.0,1.0,stage1,e40e8b029a6f,v4_4_code_bypass_stable_anchor,use_stage1_anchor,stage1,False,0,0
mbpp:213,2,9,phase3a,structure|critiq,"structure|critique_revise|critic:verifier,generator:coder,reviser:summarizer|critic:PromptSlots(reasoning_mode='direct', upstream_usage='summary', output_style='raw', verification_mode='strict', finalization='answer_only'),generator:PromptSlots(reasoning_mode='stepwise', upstream_usage='summary', output_style='raw', verification_mode='off', finalization='answer_only'),reviser:PromptSlots(reasoning_mode='direct', upstream_usage='summary', output_style='raw', verification_mode='light', finalization='answer_only')|coder>summarizer,coder>verifier,verifier>summarizer||solve_verify|solver:planner,verifier:verifier|solver:PromptSlots(reasoning_mode='stepwise', upstream_usage='summary', output_style='raw', verification_mode='off', finalization='answer_only'),verifier:PromptSlots(reasoning_mode='direct', upstream_usage='summary', output_style='raw', verification_mode='strict', finalization='answer_only')|planner>verifier||route_solve|aggregator:math,router:planner,solver:coder|aggregator:PromptSlots(reasoning_mode='direct', upstream_usage='summary', output_style='raw', verification_mode='light', finalization='answer_only'),router:PromptSlots(reasoning_mode='direct', upstream_usage='summary', output_style='raw', verification_mode='light', finalization='answer_only'),solver:PromptSlots(reasoning_mode='stepwise', upstream_usage='summary', output_style='raw', verification_mode='off', finalization='answer_only')|coder>math,planner>coder",1.0,1.0,1.0,1.0,checker_approved_proposal,f43b2966ccaf,v4_4_code_bypass_stable_anchor,use_stage1_anchor,stage1+stage2,False,0,0
mbpp:22,1,15,phase2,structure|critiq,"structure|critique_revise|critic:verifier,generator:planner,reviser:coder|critic:PromptSlots(reasoning_mode='direct', upstream_usage='summary', output_style='raw', verification_mode='strict', finalization='answer_only'),generator:PromptSlots(reasoning_mode='stepwise', upstream_usage='summary', output_style='raw', verification_mode='off', finalization='answer_only'),reviser:PromptSlots(reasoning_mode='direct', upstream_usage='summary', output_style='raw', verification_mode='light', finalization='answer_only')|planner>coder,planner>verifier,verifier>coder||route_solve|aggregator:skeptic,router:planner,solver:coder|aggregator:PromptSlots(reasoning_mode='direct', upstream_usage='summary', output_style='raw', verification_mode='light', finalization='answer_only'),router:PromptSlots(reasoning_mode='direct', upstream_usage='summary', output_style='raw', verification_mode='light', finalization='answer_only'),solver:PromptSlots(reasoning_mode='stepwise', upstream_usage='summary', output_style='raw', verification_mode='off', finalization='answer_only')|coder>skeptic,planner>coder||critique_revise|critic:coder,generator:planner,reviser:summarizer|critic:PromptSlots(reasoning_mode='direct', upstream_usage='summary', output_style='raw', verification_mode='strict', finalization='answer_only'),generator:PromptSlots(reasoning_mode='stepwise', upstream_usage='summary', output_style='raw', verification_mode='off', finalization='answer_only'),reviser:PromptSlots(reasoning_mode='direct', upstream_usage='summary', output_style='raw', verification_mode='light', finalization='answer_only')|coder>summarizer,planner>coder,planner>summarizer",1.0,1.0,1.0,1.0,sink_output,8c4b81e6171b,v4_4_code_bypass_stable_anchor,use_stage1_anchor,stage1+stage2,False,0,0
mbpp:22,1,15,phase3a,structure|route_,"structure|route_solve|aggregator:verifier,router:planner,solver:coder|aggregator:PromptSlots(reasoning_mode='direct', upstream_usage='summary', output_style='raw', verification_mode='light', finalization='answer_only'),router:PromptSlots(reasoning_mode='direct', upstream_usage='summary', output_style='raw', verification_mode='light', finalization='answer_only'),solver:PromptSlots(reasoning_mode='stepwise', upstream_usage='summary', output_style='raw', verification_mode='off', finalization='answer_only')|coder>verifier,planner>coder||critique_revise|critic:verifier,generator:planner,reviser:coder|critic:PromptSlots(reasoning_mode='direct', upstream_usage='summary', output_style='raw', verification_mode='strict', finalization='answer_only'),generator:PromptSlots(reasoning_mode='stepwise', upstream_usage='summary', output_style='raw', verification_mode='off', finalization='answer_only'),reviser:PromptSlots(reasoning_mode='direct', upstream_usage='summary', output_style='raw', verification_mode='light', finalization='answer_only')|planner>coder,planner>verifier,verifier>coder||solve_verify|solver:coder,verifier:verifier|solver:PromptSlots(reasoning_mode='stepwise', upstream_usage='summary', output_style='raw', verification_mode='off', finalization='answer_only'),verifier:PromptSlots(reasoning_mode='direct', upstream_usage='summary', output_style='raw', verification_mode='strict', finalization='answer_only')|coder>verifier",1.0,1.0,1.0,1.0,sink_output,8c4b81e6171b,v4_4_code_bypass_stable_anchor,use_stage1_anchor,stage1+stage2,False,0,0
mbpp:221,2,45,phase2,structure|critiq,"structure|critique_revise|critic:skeptic,generator:planner,reviser:coder|critic:PromptSlots(reasoning_mode='direct', upstream_usage='summary', output_style='raw', verification_mode='strict', finalization='answer_only'),generator:PromptSlots(reasoning_mode='stepwise', upstream_usage='summary', output_style='raw', verification_mode='off', finalization='answer_only'),reviser:PromptSlots(reasoning_mode='direct', upstream_usage='summary', output_style='raw', verification_mode='light', finalization='answer_only')|planner>coder,planner>skeptic,skeptic>coder||route_solve|aggregator:reasoner,router:planner,solver:coder|aggregator:PromptSlots(reasoning_mode='direct', upstream_usage='summary', output_style='raw', verification_mode='light', finalization='answer_only'),router:PromptSlots(reasoning_mode='direct', upstream_usage='summary', output_style='raw', verification_mode='light', finalization='answer_only'),solver:PromptSlots(reasoning_mode='stepwise', upstream_usage='summary', output_style='raw', verification_mode='off', finalization='answer_only')|coder>reasoner,planner>coder||critique_revise|critic:coder,generator:planner,reviser:summarizer|critic:PromptSlots(reasoning_mode='direct', upstream_usage='summary', output_style='raw', verification_mode='strict', finalization='answer_only'),generator:PromptSlots(reasoning_mode='stepwise', upstream_usage='summary', output_style='raw', verification_mode='off', finalization='answer_only'),reviser:PromptSlots(reasoning_mode='direct', upstream_usage='summary', output_style='raw', verification_mode='light', finalization='answer_only')|coder>summarizer,planner>coder,planner>summarizer",1.0,1.0,1.0,1.0,sink_output,f1bb86cbee1c,v4_4_code_bypass_stable_anchor,use_stage1_anchor,stage1+stage2,False,0,0
mbpp:221,2,45,phase3a,structure|critiq,"structure|critique_revise|critic:verifier,generator:planner,reviser:math|critic:PromptSlots(reasoning_mode='direct', upstream_usage='summary', output_style='raw', verification_mode='strict', finalization='answer_only'),generator:PromptSlots(reasoning_mode='stepwise', upstream_usage='summary', output_style='raw', verification_mode='off', finalization='answer_only'),reviser:PromptSlots(reasoning_mode='direct', upstream_usage='summary', output_style='raw', verification_mode='light', finalization='answer_only')|planner>math,planner>verifier,verifier>math||critique_revise|critic:coder,generator:planner,reviser:summarizer|critic:PromptSlots(reasoning_mode='direct', upstream_usage='summary', output_style='raw', verification_mode='strict', finalization='answer_only'),generator:PromptSlots(reasoning_mode='stepwise', upstream_usage='summary', output_style='raw', verification_mode='off', finalization='answer_only'),reviser:PromptSlots(reasoning_mode='direct', upstream_usage='summary', output_style='raw', verification_mode='light', finalization='answer_only')|coder>summarizer,planner>coder,planner>summarizer||critique_revise|critic:verifier,generator:math,reviser:summarizer|critic:PromptSlots(reasoning_mode='direct', upstream_usage='summary', output_style='raw', verification_mode='strict', finalization='answer_only'),generator:PromptSlots(reasoning_mode='stepwise', upstream_usage='summary', output_style='raw', verification_mode='off', finalization='answer_only'),reviser:PromptSlots(reasoning_mode='direct', upstream_usage='summary', output_style='raw', verification_mode='light', finalization='answer_only')|math>summarizer,math>verifier,verifier>summarizer",1.0,1.0,1.0,1.0,sink_output,06d4426215f6,v4_4_code_bypass_stable_anchor,use_stage1_anchor,stage1+stage2,False,0,0
mbpp:222,2,55,phase2,structure|solve_,"structure|solve_verify|solver:planner,verifier:researcher|solver:PromptSlots(reasoning_mode='stepwise', upstream_usage='summary', output_style='raw', verification_mode='off', finalization='answer_only'),verifier:PromptSlots(reasoning_mode='direct', upstream_usage='summary', output_style='raw', verification_mode='strict', finalization='answer_only')|planner>researcher||solve_verify|solver:planner,verifier:verifier|solver:PromptSlots(reasoning_mode='stepwise', upstream_usage='summary', output_style='raw', verification_mode='off', finalization='answer_only'),verifier:PromptSlots(reasoning_mode='direct', upstream_usage='summary', output_style='raw', verification_mode='strict', finalization='answer_only')|planner>verifier||solve_verify|solver:planner,verifier:coder|solver:PromptSlots(reasoning_mode='stepwise', upstream_usage='summary', output_style='raw', verification_mode='off', finalization='answer_only'),verifier:PromptSlots(reasoning_mode='direct', upstream_usage='summary', output_style='raw', verification_mode='strict', finalization='answer_only')|planner>coder",1.0,1.0,1.0,1.0,checker_approved_proposal,9a0f50302e1b,v4_4_code_bypass_stable_anchor,use_stage1_anchor,stage1+stage2,False,0,0
mbpp:222,2,55,phase3a,structure|critiq,"structure|critique_revise|critic:verifier,generator:planner,reviser:coder|critic:PromptSlots(reasoning_mode='direct', upstream_usage='summary', output_style='raw', verification_mode='strict', finalization='answer_only'),generator:PromptSlots(reasoning_mode='stepwise', upstream_usage='summary', output_style='raw', verification_mode='off', finalization='answer_only'),reviser:PromptSlots(reasoning_mode='direct', upstream_usage='summary', output_style='raw', verification_mode='light', finalization='answer_only')|planner>coder,planner>verifier,verifier>coder||critique_revise|critic:verifier,generator:math,reviser:coder|critic:PromptSlots(reasoning_mode='direct', upstream_usage='summary', output_style='raw', verification_mode='strict', finalization='answer_only'),generator:PromptSlots(reasoning_mode='stepwise', upstream_usage='summary', output_style='raw', verification_mode='off', finalization='answer_only'),reviser:PromptSlots(reasoning_mode='direct', upstream_usage='summary', output_style='raw', verification_mode='light', finalization='answer_only')|math>coder,math>verifier,verifier>coder||critique_revise|critic:reasoner,generator:planner,reviser:coder|critic:PromptSlots(reasoning_mode='direct', upstream_usage='summary', output_style='raw', verification_mode='strict', finalization='answer_only'),generator:PromptSlots(reasoning_mode='stepwise', upstream_usage='summary', output_style='raw', verification_mode='off', finalization='answer_only'),reviser:PromptSlots(reasoning_mode='direct', upstream_usage='summary', output_style='raw', verification_mode='light', finalization='answer_only')|planner>coder,planner>reasoner,reasoner>coder",1.0,1.0,1.0,1.0,checker_approved_proposal,9a0f50302e1b,v4_4_code_bypass_stable_anchor,use_stage1_anchor,stage1+stage2,False,0,0
mbpp:225,1,30,phase2,structure|route_,"structure|route_solve|aggregator:math,router:planner,solver:coder|aggregator:PromptSlots(reasoning_mode='direct', upstream_usage='summary', output_style='raw', verification_mode='light', finalization='answer_only'),router:PromptSlots(reasoning_mode='direct', upstream_usage='summary', output_style='raw', verification_mode='light', finalization='answer_only'),solver:PromptSlots(reasoning_mode='stepwise', upstream_usage='summary', output_style='raw', verification_mode='off', finalization='answer_only')|coder>math,planner>coder||critique_revise|critic:verifier,generator:planner,reviser:coder|critic:PromptSlots(reasoning_mode='direct', upstream_usage='summary', output_style='raw', verification_mode='strict', finalization='answer_only'),generator:PromptSlots(reasoning_mode='stepwise', upstream_usage='summary', output_style='raw', verification_mode='off', finalization='answer_only'),reviser:PromptSlots(reasoning_mode='direct', upstream_usage='summary', output_style='raw', verification_mode='light', finalization='answer_only')|planner>coder,planner>verifier,verifier>coder||solve_verify|solver:planner,verifier:verifier|solver:PromptSlots(reasoning_mode='stepwise', upstream_usage='summary', output_style='raw', verification_mode='off', finalization='answer_only'),verifier:PromptSlots(reasoning_mode='direct', upstream_usage='summary', output_style='raw', verification_mode='strict', finalization='answer_only')|planner>verifier",1.0,1.0,1.0,1.0,stage1,9ee701f7f694,v4_4_code_bypass_stable_anchor,use_stage1_anchor,stage1,False,0,0
mbpp:225,1,30,phase3a,structure|critiq,"structure|critique_revise|critic:verifier,generator:math,reviser:planner|critic:PromptSlots(reasoning_mode='direct', upstream_usage='summary', output_style='raw', verification_mode='strict', finalization='answer_only'),generator:PromptSlots(reasoning_mode='stepwise', upstream_usage='summary', output_style='raw', verification_mode='off', finalization='answer_only'),reviser:PromptSlots(reasoning_mode='direct', upstream_usage='summary', output_style='raw', verification_mode='light', finalization='answer_only')|math>planner,math>verifier,verifier>planner||solve_verify|solver:planner,verifier:verifier|solver:PromptSlots(reasoning_mode='stepwise', upstream_usage='summary', output_style='raw', verification_mode='off', finalization='answer_only'),verifier:PromptSlots(reasoning_mode='direct', upstream_usage='summary', output_style='raw', verification_mode='strict', finalization='answer_only')|planner>verifier||route_solve|aggregator:skeptic,router:planner,solver:coder|aggregator:PromptSlots(reasoning_mode='direct', upstream_usage='summary', output_style='raw', verification_mode='light', finalization='answer_only'),router:PromptSlots(reasoning_mode='direct', upstream_usage='summary', output_style='raw', verification_mode='light', finalization='answer_only'),solver:PromptSlots(reasoning_mode='stepwise', upstream_usage='summary', output_style='raw', verification_mode='off', finalization='answer_only')|coder>skeptic,planner>coder",1.0,1.0,1.0,1.0,sink_output,35d5443c2e78,v4_4_code_bypass_stable_anchor,use_stage1_anchor,stage1+stage2,False,0,0
mbpp:230,2,6,phase2,structure|route_,"structure|route_solve|aggregator:verifier,router:planner,solver:coder|aggregator:PromptSlots(reasoning_mode='direct', upstream_usage='summary', output_style='raw', verification_mode='light', finalization='answer_only'),router:PromptSlots(reasoning_mode='direct', upstream_usage='summary', output_style='raw', verification_mode='light', finalization='answer_only'),solver:PromptSlots(reasoning_mode='stepwise', upstream_usage='summary', output_style='raw', verification_mode='off', finalization='answer_only')|coder>verifier,planner>coder||solve_verify|solver:planner,verifier:coder|solver:PromptSlots(reasoning_mode='stepwise', upstream_usage='summary', output_style='raw', verification_mode='off', finalization='answer_only'),verifier:PromptSlots(reasoning_mode='direct', upstream_usage='summary', output_style='raw', verification_mode='strict', finalization='answer_only')|planner>coder||debate_judge|debater_a:coder,debater_b:reasoner,judge:verifier|debater_a:PromptSlots(reasoning_mode='direct', upstream_usage='summary', output_style='raw', verification_mode='off', finalization='answer_only'),debater_b:PromptSlots(reasoning_mode='direct', upstream_usage='summary', output_style='raw', verification_mode='off', finalization='answer_only'),judge:PromptSlots(reasoning_mode='direct', upstream_usage='summary', output_style='raw', verification_mode='strict', finalization='answer_only')|coder>verifier,reasoner>verifier",1.0,1.0,1.0,1.0,stage1,c39573007bb4,v4_4_code_bypass_stable_anchor,use_stage1_anchor,stage1,False,0,0
mbpp:230,2,6,phase3a,structure|route_,"structure|route_solve|aggregator:verifier,router:planner,solver:coder|aggregator:PromptSlots(reasoning_mode='direct', upstream_usage='summary', output_style='raw', verification_mode='light', finalization='answer_only'),router:PromptSlots(reasoning_mode='direct', upstream_usage='summary', output_style='raw', verification_mode='light', finalization='answer_only'),solver:PromptSlots(reasoning_mode='stepwise', upstream_usage='summary', output_style='raw', verification_mode='off', finalization='answer_only')|coder>verifier,planner>coder||solve_verify|solver:planner,verifier:coder|solver:PromptSlots(reasoning_mode='stepwise', upstream_usage='summary', output_style='raw', verification_mode='off', finalization='answer_only'),verifier:PromptSlots(reasoning_mode='direct', upstream_usage='summary', output_style='raw', verification_mode='strict', finalization='answer_only')|planner>coder||debate_judge|debater_a:coder,debater_b:reasoner,judge:verifier|debater_a:PromptSlots(reasoning_mode='direct', upstream_usage='summary', output_style='raw', verification_mode='off', finalization='answer_only'),debater_b:PromptSlots(reasoning_mode='direct', upstream_usage='summary', output_style='raw', verification_mode='off', finalization='answer_only'),judge:PromptSlots(reasoning_mode='direct', upstream_usage='summary', output_style='raw', verification_mode='strict', finalization='answer_only')|coder>verifier,reasoner>verifier",1.0,1.0,1.0,1.0,sink_output,d35160a762e3,v4_4_code_bypass_stable_anchor,use_stage1_anchor,stage1+stage2,False,0,0
mbpp:234,0,38,phase2,structure|critiq,"structure|critique_revise|critic:verifier,generator:math,reviser:coder|critic:PromptSlots(reasoning_mode='direct', upstream_usage='summary', output_style='raw', verification_mode='strict', finalization='answer_only'),generator:PromptSlots(reasoning_mode='stepwise', upstream_usage='summary', output_style='raw', verification_mode='off', finalization='answer_only'),reviser:PromptSlots(reasoning_mode='direct', upstream_usage='summary', output_style='raw', verification_mode='light', finalization='answer_only')|math>coder,math>verifier,verifier>coder||route_solve|aggregator:skeptic,router:planner,solver:coder|aggregator:PromptSlots(reasoning_mode='direct', upstream_usage='summary', output_style='raw', verification_mode='light', finalization='answer_only'),router:PromptSlots(reasoning_mode='direct', upstream_usage='summary', output_style='raw', verification_mode='light', finalization='answer_only'),solver:PromptSlots(reasoning_mode='stepwise', upstream_usage='summary', output_style='raw', verification_mode='off', finalization='answer_only')|coder>skeptic,planner>coder||critique_revise|critic:coder,generator:planner,reviser:summarizer|critic:PromptSlots(reasoning_mode='direct', upstream_usage='summary', output_style='raw', verification_mode='strict', finalization='answer_only'),generator:PromptSlots(reasoning_mode='stepwise', upstream_usage='summary', output_style='raw', verification_mode='off', finalization='answer_only'),reviser:PromptSlots(reasoning_mode='direct', upstream_usage='summary', output_style='raw', verification_mode='light', finalization='answer_only')|coder>summarizer,planner>coder,planner>summarizer",1.0,1.0,1.0,1.0,sink_output,54437ed7f463,v4_4_code_bypass_stable_anchor,use_stage1_anchor,stage1+stage2,False,0,0
mbpp:234,0,38,phase3a,structure|critiq,"structure|critique_revise|critic:verifier,generator:planner,reviser:coder|critic:PromptSlots(reasoning_mode='direct', upstream_usage='summary', output_style='raw', verification_mode='strict', finalization='answer_only'),generator:PromptSlots(reasoning_mode='stepwise', upstream_usage='summary', output_style='raw', verification_mode='off', finalization='answer_only'),reviser:PromptSlots(reasoning_mode='direct', upstream_usage='summary', output_style='raw', verification_mode='light', finalization='answer_only')|planner>coder,planner>verifier,verifier>coder||route_solve|aggregator:summarizer,router:planner,solver:coder|aggregator:PromptSlots(reasoning_mode='direct', upstream_usage='summary', output_style='raw', verification_mode='light', finalization='answer_only'),router:PromptSlots(reasoning_mode='direct', upstream_usage='summary', output_style='raw', verification_mode='light', finalization='answer_only'),solver:PromptSlots(reasoning_mode='stepwise', upstream_usage='summary', output_style='raw', verification_mode='off', finalization='answer_only')|coder>summarizer,planner>coder||critique_revise|critic:coder,generator:planner,reviser:debater_a|critic:PromptSlots(reasoning_mode='direct', upstream_usage='summary', output_style='raw', verification_mode='strict', finalization='answer_only'),generator:PromptSlots(reasoning_mode='stepwise', upstream_usage='summary', output_style='raw', verification_mode='off', finalization='answer_only'),reviser:PromptSlots(reasoning_mode='direct', upstream_usage='summary', output_style='raw', verification_mode='light', finalization='answer_only')|coder>debater_a,planner>coder,planner>debater_a",1.0,1.0,1.0,1.0,stage1,9dd4202109d2,v4_4_code_bypass_stable_anchor,use_stage1_anchor,stage1,False,0,0
mbpp:249,1,46,phase2,structure|critiq,"structure|critique_revise|critic:math,generator:planner,reviser:coder|critic:PromptSlots(reasoning_mode='direct', upstream_usage='summary', output_style='raw', verification_mode='strict', finalization='answer_only'),generator:PromptSlots(reasoning_mode='stepwise', upstream_usage='summary', output_style='raw', verification_mode='off', finalization='answer_only'),reviser:PromptSlots(reasoning_mode='direct', upstream_usage='summary', output_style='raw', verification_mode='light', finalization='answer_only')|math>coder,planner>coder,planner>math||critique_revise|critic:verifier,generator:coder,reviser:summarizer|critic:PromptSlots(reasoning_mode='direct', upstream_usage='summary', output_style='raw', verification_mode='strict', finalization='answer_only'),generator:PromptSlots(reasoning_mode='stepwise', upstream_usage='summary', output_style='raw', verification_mode='off', finalization='answer_only'),reviser:PromptSlots(reasoning_mode='direct', upstream_usage='summary', output_style='raw', verification_mode='light', finalization='answer_only')|coder>summarizer,coder>verifier,verifier>summarizer||critique_revise|critic:math,generator:reasoner,reviser:planner|critic:PromptSlots(reasoning_mode='direct', upstream_usage='summary', output_style='raw', verification_mode='strict', finalization='answer_only'),generator:PromptSlots(reasoning_mode='stepwise', upstream_usage='summary', output_style='raw', verification_mode='off', finalization='answer_only'),reviser:PromptSlots(reasoning_mode='direct', upstream_usage='summary', output_style='raw', verification_mode='light', finalization='answer_only')|math>planner,reasoner>math,reasoner>planner",1.0,1.0,1.0,1.0,sink_output,8b5a2f7790ad,v4_4_code_bypass_stable_anchor,use_stage1_anchor,stage1+stage2,False,0,0
mbpp:249,1,46,phase3a,structure|critiq,"structure|critique_revise|critic:coder,generator:math,reviser:planner|critic:PromptSlots(reasoning_mode='direct', upstream_usage='summary', output_style='raw', verification_mode='strict', finalization='answer_only'),generator:PromptSlots(reasoning_mode='stepwise', upstream_usage='summary', output_style='raw', verification_mode='off', finalization='answer_only'),reviser:PromptSlots(reasoning_mode='direct', upstream_usage='summary', output_style='raw', verification_mode='light', finalization='answer_only')|coder>planner,math>coder,math>planner||critique_revise|critic:verifier,generator:planner,reviser:coder|critic:PromptSlots(reasoning_mode='direct', upstream_usage='summary', output_style='raw', verification_mode='strict', finalization='answer_only'),generator:PromptSlots(reasoning_mode='stepwise', upstream_usage='summary', output_style='raw', verification_mode='off', finalization='answer_only'),reviser:PromptSlots(reasoning_mode='direct', upstream_usage='summary', output_style='raw', verification_mode='light', finalization='answer_only')|planner>coder,planner>verifier,verifier>coder||critique_revise|critic:coder,generator:planner,reviser:summarizer|critic:PromptSlots(reasoning_mode='direct', upstream_usage='summary', output_style='raw', verification_mode='strict', finalization='answer_only'),generator:PromptSlots(reasoning_mode='stepwise', upstream_usage='summary', output_style='raw', verification_mode='off', finalization='answer_only'),reviser:PromptSlots(reasoning_mode='direct', upstream_usage='summary', output_style='raw', verification_mode='light', finalization='answer_only')|coder>summarizer,planner>coder,planner>summarizer",1.0,1.0,1.0,1.0,stage1,356e3da9adf8,v4_4_code_bypass_stable_anchor,use_stage1_anchor,stage1,False,0,0
mbpp:258,2,52,phase2,structure|critiq,"structure|critique_revise|critic:verifier,generator:planner,reviser:researcher|critic:PromptSlots(reasoning_mode='direct', upstream_usage='summary', output_style='raw', verification_mode='strict', finalization='answer_only'),generator:PromptSlots(reasoning_mode='stepwise', upstream_usage='summary', output_style='raw', verification_mode='off', finalization='answer_only'),reviser:PromptSlots(reasoning_mode='direct', upstream_usage='summary', output_style='raw', verification_mode='light', finalization='answer_only')|planner>researcher,planner>verifier,verifier>researcher||solve_verify|solver:planner,verifier:verifier|solver:PromptSlots(reasoning_mode='stepwise', upstream_usage='summary', output_style='raw', verification_mode='off', finalization='answer_only'),verifier:PromptSlots(reasoning_mode='direct', upstream_usage='summary', output_style='raw', verification_mode='strict', finalization='answer_only')|planner>verifier||critique_revise|critic:coder,generator:planner,reviser:summarizer|critic:PromptSlots(reasoning_mode='direct', upstream_usage='summary', output_style='raw', verification_mode='strict', finalization='answer_only'),generator:PromptSlots(reasoning_mode='stepwise', upstream_usage='summary', output_style='raw', verification_mode='off', finalization='answer_only'),reviser:PromptSlots(reasoning_mode='direct', upstream_usage='summary', output_style='raw', verification_mode='light', finalization='answer_only')|coder>summarizer,planner>coder,planner>summarizer",1.0,1.0,1.0,1.0,checker_approved_proposal,b63cb606d83f,v4_4_code_bypass_stable_anchor,use_stage1_anchor,stage1+stage2,False,0,0
mbpp:258,2,52,phase3a,structure|route_,"structure|route_solve|aggregator:math,router:planner,solver:coder|aggregator:PromptSlots(reasoning_mode='direct', upstream_usage='summary', output_style='raw', verification_mode='light', finalization='answer_only'),router:PromptSlots(reasoning_mode='direct', upstream_usage='summary', output_style='raw', verification_mode='light', finalization='answer_only'),solver:PromptSlots(reasoning_mode='stepwise', upstream_usage='summary', output_style='raw', verification_mode='off', finalization='answer_only')|coder>math,planner>coder||critique_revise|critic:verifier,generator:reasoner,reviser:coder|critic:PromptSlots(reasoning_mode='direct', upstream_usage='summary', output_style='raw', verification_mode='strict', finalization='answer_only'),generator:PromptSlots(reasoning_mode='stepwise', upstream_usage='summary', output_style='raw', verification_mode='off', finalization='answer_only'),reviser:PromptSlots(reasoning_mode='direct', upstream_usage='summary', output_style='raw', verification_mode='light', finalization='answer_only')|reasoner>coder,reasoner>verifier,verifier>coder||solve_verify|solver:planner,verifier:verifier|solver:PromptSlots(reasoning_mode='stepwise', upstream_usage='summary', output_style='raw', verification_mode='off', finalization='answer_only'),verifier:PromptSlots(reasoning_mode='direct', upstream_usage='summary', output_style='raw', verification_mode='strict', finalization='answer_only')|planner>verifier",1.0,1.0,1.0,1.0,stage1,8b2e2f18314e,v4_4_code_bypass_stable_anchor,use_stage1_anchor,stage1,False,0,0
mbpp:270,1,37,phase2,structure|critiq,"structure|critique_revise|critic:math,generator:planner,reviser:coder|critic:PromptSlots(reasoning_mode='direct', upstream_usage='summary', output_style='raw', verification_mode='strict', finalization='answer_only'),generator:PromptSlots(reasoning_mode='stepwise', upstream_usage='summary', output_style='raw', verification_mode='off', finalization='answer_only'),reviser:PromptSlots(reasoning_mode='direct', upstream_usage='summary', output_style='raw', verification_mode='light', finalization='answer_only')|math>coder,planner>coder,planner>math||critique_revise|critic:coder,generator:skeptic,reviser:summarizer|critic:PromptSlots(reasoning_mode='direct', upstream_usage='summary', output_style='raw', verification_mode='strict', finalization='answer_only'),generator:PromptSlots(reasoning_mode='stepwise', upstream_usage='summary', output_style='raw', verification_mode='off', finalization='answer_only'),reviser:PromptSlots(reasoning_mode='direct', upstream_usage='summary', output_style='raw', verification_mode='light', finalization='answer_only')|coder>summarizer,skeptic>coder,skeptic>summarizer||critique_revise|critic:verifier,generator:math,reviser:summarizer|critic:PromptSlots(reasoning_mode='direct', upstream_usage='summary', output_style='raw', verification_mode='strict', finalization='answer_only'),generator:PromptSlots(reasoning_mode='stepwise', upstream_usage='summary', output_style='raw', verification_mode='off', finalization='answer_only'),reviser:PromptSlots(reasoning_mode='direct', upstream_usage='summary', output_style='raw', verification_mode='light', finalization='answer_only')|math>summarizer,math>verifier,verifier>summarizer",1.0,1.0,1.0,1.0,stage1,ecf617afac8e,v4_4_code_bypass_stable_anchor,use_stage1_anchor,stage1,False,0,0
mbpp:270,1,37,phase3a,structure|critiq,"structure|critique_revise|critic:verifier,generator:math,reviser:debater_a|critic:PromptSlots(reasoning_mode='direct', upstream_usage='summary', output_style='raw', verification_mode='strict', finalization='answer_only'),generator:PromptSlots(reasoning_mode='stepwise', upstream_usage='summary', output_style='raw', verification_mode='off', finalization='answer_only'),reviser:PromptSlots(reasoning_mode='direct', upstream_usage='summary', output_style='raw', verification_mode='light', finalization='answer_only')|math>debater_a,math>verifier,verifier>debater_a||critique_revise|critic:coder,generator:planner,reviser:debater_a|critic:PromptSlots(reasoning_mode='direct', upstream_usage='summary', output_style='raw', verification_mode='strict', finalization='answer_only'),generator:PromptSlots(reasoning_mode='stepwise', upstream_usage='summary', output_style='raw', verification_mode='off', finalization='answer_only'),reviser:PromptSlots(reasoning_mode='direct', upstream_usage='summary', output_style='raw', verification_mode='light', finalization='answer_only')|coder>debater_a,planner>coder,planner>debater_a||critique_revise|critic:verifier,generator:debater_a,reviser:summarizer|critic:PromptSlots(reasoning_mode='direct', upstream_usage='summary', output_style='raw', verification_mode='strict', finalization='answer_only'),generator:PromptSlots(reasoning_mode='stepwise', upstream_usage='summary', output_style='raw', verification_mode='off', finalization='answer_only'),reviser:PromptSlots(reasoning_mode='direct', upstream_usage='summary', output_style='raw', verification_mode='light', finalization='answer_only')|debater_a>summarizer,debater_a>verifier,verifier>summarizer",1.0,1.0,1.0,1.0,stage1,a959a6028d2f,v4_4_code_bypass_stable_anchor,use_stage1_anchor,stage1,False,0,0
mbpp:285,1,48,phase2,structure|parall,"structure|parallel_vote|aggregator:summarizer,solver_a:planner,solver_b:reasoner|aggregator:PromptSlots(reasoning_mode='direct', upstream_usage='summary', output_style='raw', verification_mode='light', finalization='answer_only'),solver_a:PromptSlots(reasoning_mode='stepwise', upstream_usage='summary', output_style='raw', verification_mode='off', finalization='answer_only'),solver_b:PromptSlots(reasoning_mode='stepwise', upstream_usage='summary', output_style='raw', verification_mode='off', finalization='answer_only')|planner>summarizer,reasoner>summarizer||route_solve|aggregator:verifier,router:planner,solver:coder|aggregator:PromptSlots(reasoning_mode='direct', upstream_usage='summary', output_style='raw', verification_mode='light', finalization='answer_only'),router:PromptSlots(reasoning_mode='direct', upstream_usage='summary', output_style='raw', verification_mode='light', finalization='answer_only'),solver:PromptSlots(reasoning_mode='stepwise', upstream_usage='summary', output_style='raw', verification_mode='off', finalization='answer_only')|coder>verifier,planner>coder||parallel_vote|aggregator:verifier,solver_a:coder,solver_b:reasoner|aggregator:PromptSlots(reasoning_mode='direct', upstream_usage='summary', output_style='raw', verification_mode='light', finalization='answer_only'),solver_a:PromptSlots(reasoning_mode='stepwise', upstream_usage='summary', output_style='raw', verification_mode='off', finalization='answer_only'),solver_b:PromptSlots(reasoning_mode='stepwise', upstream_usage='summary', output_style='raw', verification_mode='off', finalization='answer_only')|coder>verifier,reasoner>verifier",0.0,0.0,0.76,0.76,stage1_anchor,053e3b58d9c5,v4_4_code_anchor_guard_preserve,use_stage1_anchor,stage1,False,3,1
mbpp:285,1,48,phase3a,structure|solve_,"structure|solve_verify|solver:planner,verifier:verifier|solver:PromptSlots(reasoning_mode='stepwise', upstream_usage='summary', output_style='raw', verification_mode='off', finalization='answer_only'),verifier:PromptSlots(reasoning_mode='direct', upstream_usage='summary', output_style='raw', verification_mode='strict', finalization='answer_only')|planner>verifier||route_solve|aggregator:verifier,router:planner,solver:coder|aggregator:PromptSlots(reasoning_mode='direct', upstream_usage='summary', output_style='raw', verification_mode='light', finalization='answer_only'),router:PromptSlots(reasoning_mode='direct', upstream_usage='summary', output_style='raw', verification_mode='light', finalization='answer_only'),solver:PromptSlots(reasoning_mode='stepwise', upstream_usage='summary', output_style='raw', verification_mode='off', finalization='answer_only')|coder>verifier,planner>coder||critique_revise|critic:planner,generator:coder,reviser:math|critic:PromptSlots(reasoning_mode='direct', upstream_usage='summary', output_style='raw', verification_mode='strict', finalization='answer_only'),generator:PromptSlots(reasoning_mode='stepwise', upstream_usage='summary', output_style='raw', verification_mode='off', finalization='answer_only'),reviser:PromptSlots(reasoning_mode='direct', upstream_usage='summary', output_style='raw', verification_mode='light', finalization='answer_only')|coder>math,coder>planner,planner>math",0.0,0.0,0.76,0.76,sink_output,2e797809e7d9,v4_4_code_anchor_guard_preserve,use_stage1_anchor,stage1+stage2,False,3,1
mbpp:29,1,28,phase2,structure|route_,"structure|route_solve|aggregator:verifier,router:planner,solver:coder|aggregator:PromptSlots(reasoning_mode='direct', upstream_usage='summary', output_style='raw', verification_mode='light', finalization='answer_only'),router:PromptSlots(reasoning_mode='direct', upstream_usage='summary', output_style='raw', verification_mode='light', finalization='answer_only'),solver:PromptSlots(reasoning_mode='stepwise', upstream_usage='summary', output_style='raw', verification_mode='off', finalization='answer_only')|coder>verifier,planner>coder||critique_revise|critic:verifier,generator:coder,reviser:summarizer|critic:PromptSlots(reasoning_mode='direct', upstream_usage='summary', output_style='raw', verification_mode='strict', finalization='answer_only'),generator:PromptSlots(reasoning_mode='stepwise', upstream_usage='summary', output_style='raw', verification_mode='off', finalization='answer_only'),reviser:PromptSlots(reasoning_mode='direct', upstream_usage='summary', output_style='raw', verification_mode='light', finalization='answer_only')|coder>summarizer,coder>verifier,verifier>summarizer||critique_revise|critic:coder,generator:planner,reviser:summarizer|critic:PromptSlots(reasoning_mode='direct', upstream_usage='summary', output_style='raw', verification_mode='strict', finalization='answer_only'),generator:PromptSlots(reasoning_mode='stepwise', upstream_usage='summary', output_style='raw', verification_mode='off', finalization='answer_only'),reviser:PromptSlots(reasoning_mode='direct', upstream_usage='summary', output_style='raw', verification_mode='light', finalization='answer_only')|coder>summarizer,planner>coder,planner>summarizer",1.0,1.0,1.0,1.0,stage1,f65924a1b049,v4_4_code_bypass_stable_anchor,use_stage1_anchor,stage1,False,0,0
mbpp:29,1,28,phase3a,structure|critiq,"structure|critique_revise|critic:coder,generator:math,reviser:reasoner|critic:PromptSlots(reasoning_mode='direct', upstream_usage='summary', output_style='raw', verification_mode='strict', finalization='answer_only'),generator:PromptSlots(reasoning_mode='stepwise', upstream_usage='summary', output_style='raw', verification_mode='off', finalization='answer_only'),reviser:PromptSlots(reasoning_mode='direct', upstream_usage='summary', output_style='raw', verification_mode='light', finalization='answer_only')|coder>reasoner,math>coder,math>reasoner||critique_revise|critic:verifier,generator:planner,reviser:coder|critic:PromptSlots(reasoning_mode='direct', upstream_usage='summary', output_style='raw', verification_mode='strict', finalization='answer_only'),generator:PromptSlots(reasoning_mode='stepwise', upstream_usage='summary', output_style='raw', verification_mode='off', finalization='answer_only'),reviser:PromptSlots(reasoning_mode='direct', upstream_usage='summary', output_style='raw', verification_mode='light', finalization='answer_only')|planner>coder,planner>verifier,verifier>coder||critique_revise|critic:coder,generator:planner,reviser:debater_a|critic:PromptSlots(reasoning_mode='direct', upstream_usage='summary', output_style='raw', verification_mode='strict', finalization='answer_only'),generator:PromptSlots(reasoning_mode='stepwise', upstream_usage='summary', output_style='raw', verification_mode='off', finalization='answer_only'),reviser:PromptSlots(reasoning_mode='direct', upstream_usage='summary', output_style='raw', verification_mode='light', finalization='answer_only')|coder>debater_a,planner>coder,planner>debater_a",1.0,1.0,1.0,1.0,stage1,272e68a400b9,v4_4_code_bypass_stable_anchor,use_stage1_anchor,stage1,False,0,0
mbpp:293,2,43,phase2,structure|critiq,"structure|critique_revise|critic:math,generator:planner,reviser:summarizer|critic:PromptSlots(reasoning_mode='direct', upstream_usage='summary', output_style='raw', verification_mode='strict', finalization='answer_only'),generator:PromptSlots(reasoning_mode='stepwise', upstream_usage='summary', output_style='raw', verification_mode='off', finalization='answer_only'),reviser:PromptSlots(reasoning_mode='direct', upstream_usage='summary', output_style='raw', verification_mode='light', finalization='answer_only')|math>summarizer,planner>math,planner>summarizer||parallel_vote|aggregator:verifier,solver_a:planner,solver_b:reasoner|aggregator:PromptSlots(reasoning_mode='direct', upstream_usage='summary', output_style='raw', verification_mode='light', finalization='answer_only'),solver_a:PromptSlots(reasoning_mode='stepwise', upstream_usage='summary', output_style='raw', verification_mode='off', finalization='answer_only'),solver_b:PromptSlots(reasoning_mode='stepwise', upstream_usage='summary', output_style='raw', verification_mode='off', finalization='answer_only')|planner>verifier,reasoner>verifier||critique_revise|critic:coder,generator:reasoner,reviser:summarizer|critic:PromptSlots(reasoning_mode='direct', upstream_usage='summary', output_style='raw', verification_mode='strict', finalization='answer_only'),generator:PromptSlots(reasoning_mode='stepwise', upstream_usage='summary', output_style='raw', verification_mode='off', finalization='answer_only'),reviser:PromptSlots(reasoning_mode='direct', upstream_usage='summary', output_style='raw', verification_mode='light', finalization='answer_only')|coder>summarizer,reasoner>coder,reasoner>summarizer",0.0,0.0,0.28,0.28,stage1_anchor,f0136206028b,v4_4_code_anchor_guard_preserve,use_stage1_anchor,stage1,False,3,1
mbpp:293,2,43,phase3a,structure|critiq,"structure|critique_revise|critic:verifier,generator:planner,reviser:researcher|critic:PromptSlots(reasoning_mode='direct', upstream_usage='summary', output_style='raw', verification_mode='strict', finalization='answer_only'),generator:PromptSlots(reasoning_mode='stepwise', upstream_usage='summary', output_style='raw', verification_mode='off', finalization='answer_only'),reviser:PromptSlots(reasoning_mode='direct', upstream_usage='summary', output_style='raw', verification_mode='light', finalization='answer_only')|planner>researcher,planner>verifier,verifier>researcher||critique_revise|critic:coder,generator:researcher,reviser:planner|critic:PromptSlots(reasoning_mode='direct', upstream_usage='summary', output_style='raw', verification_mode='strict', finalization='answer_only'),generator:PromptSlots(reasoning_mode='stepwise', upstream_usage='summary', output_style='raw', verification_mode='off', finalization='answer_only'),reviser:PromptSlots(reasoning_mode='direct', upstream_usage='summary', output_style='raw', verification_mode='light', finalization='answer_only')|coder>planner,researcher>coder,researcher>planner||critique_revise|critic:math,generator:planner,reviser:summarizer|critic:PromptSlots(reasoning_mode='direct', upstream_usage='summary', output_style='raw', verification_mode='strict', finalization='answer_only'),generator:PromptSlots(reasoning_mode='stepwise', upstream_usage='summary', output_style='raw', verification_mode='off', finalization='answer_only'),reviser:PromptSlots(reasoning_mode='direct', upstream_usage='summary', output_style='raw', verification_mode='light', finalization='answer_only')|math>summarizer,planner>math,planner>summarizer",0.0,1.0,0.28,1.0,sink_output,a5fbe63982d3,v4_4_code_override_verified_class,use_stage2_protocol,stage2,False,0,0
mbpp:297,0,4,phase2,structure|critiq,"structure|critique_revise|critic:coder,generator:planner,reviser:debater_a|critic:PromptSlots(reasoning_mode='direct', upstream_usage='summary', output_style='raw', verification_mode='strict', finalization='answer_only'),generator:PromptSlots(reasoning_mode='stepwise', upstream_usage='summary', output_style='raw', verification_mode='off', finalization='answer_only'),reviser:PromptSlots(reasoning_mode='direct', upstream_usage='summary', output_style='raw', verification_mode='light', finalization='answer_only')|coder>debater_a,planner>coder,planner>debater_a||critique_revise|critic:verifier,generator:planner,reviser:coder|critic:PromptSlots(reasoning_mode='direct', upstream_usage='summary', output_style='raw', verification_mode='strict', finalization='answer_only'),generator:PromptSlots(reasoning_mode='stepwise', upstream_usage='summary', output_style='raw', verification_mode='off', finalization='answer_only'),reviser:PromptSlots(reasoning_mode='direct', upstream_usage='summary', output_style='raw', verification_mode='light', finalization='answer_only')|planner>coder,planner>verifier,verifier>coder||critique_revise|critic:coder,generator:verifier,reviser:debater_a|critic:PromptSlots(reasoning_mode='direct', upstream_usage='summary', output_style='raw', verification_mode='strict', finalization='answer_only'),generator:PromptSlots(reasoning_mode='stepwise', upstream_usage='summary', output_style='raw', verification_mode='off', finalization='answer_only'),reviser:PromptSlots(reasoning_mode='direct', upstream_usage='summary', output_style='raw', verification_mode='light', finalization='answer_only')|coder>debater_a,verifier>coder,verifier>debater_a",1.0,1.0,1.0,1.0,sink_output,3809e88ebdb9,v4_4_code_bypass_stable_anchor,use_stage1_anchor,stage1+stage2,False,0,0
mbpp:297,0,4,phase3a,structure|critiq,"structure|critique_revise|critic:verifier,generator:planner,reviser:summarizer|critic:PromptSlots(reasoning_mode='direct', upstream_usage='summary', output_style='raw', verification_mode='strict', finalization='answer_only'),generator:PromptSlots(reasoning_mode='stepwise', upstream_usage='summary', output_style='raw', verification_mode='off', finalization='answer_only'),reviser:PromptSlots(reasoning_mode='direct', upstream_usage='summary', output_style='raw', verification_mode='light', finalization='answer_only')|planner>summarizer,planner>verifier,verifier>summarizer||critique_revise|critic:verifier,generator:planner,reviser:coder|critic:PromptSlots(reasoning_mode='direct', upstream_usage='summary', output_style='raw', verification_mode='strict', finalization='answer_only'),generator:PromptSlots(reasoning_mode='stepwise', upstream_usage='summary', output_style='raw', verification_mode='off', finalization='answer_only'),reviser:PromptSlots(reasoning_mode='direct', upstream_usage='summary', output_style='raw', verification_mode='light', finalization='answer_only')|planner>coder,planner>verifier,verifier>coder||critique_revise|critic:coder,generator:planner,reviser:debater_a|critic:PromptSlots(reasoning_mode='direct', upstream_usage='summary', output_style='raw', verification_mode='strict', finalization='answer_only'),generator:PromptSlots(reasoning_mode='stepwise', upstream_usage='summary', output_style='raw', verification_mode='off', finalization='answer_only'),reviser:PromptSlots(reasoning_mode='direct', upstream_usage='summary', output_style='raw', verification_mode='light', finalization='answer_only')|coder>debater_a,planner>coder,planner>debater_a",1.0,1.0,1.0,1.0,stage1,620b8ed1b287,v4_4_code_bypass_stable_anchor,use_stage1_anchor,stage1,False,0,0
mbpp:302,1,16,phase2,structure|critiq,"structure|critique_revise|critic:debater_a,generator:planner,reviser:coder|critic:PromptSlots(reasoning_mode='direct', upstream_usage='summary', output_style='raw', verification_mode='strict', finalization='answer_only'),generator:PromptSlots(reasoning_mode='stepwise', upstream_usage='summary', output_style='raw', verification_mode='off', finalization='answer_only'),reviser:PromptSlots(reasoning_mode='direct', upstream_usage='summary', output_style='raw', verification_mode='light', finalization='answer_only')|debater_a>coder,planner>coder,planner>debater_a||solve_verify|solver:coder,verifier:verifier|solver:PromptSlots(reasoning_mode='stepwise', upstream_usage='summary', output_style='raw', verification_mode='off', finalization='answer_only'),verifier:PromptSlots(reasoning_mode='direct', upstream_usage='summary', output_style='raw', verification_mode='strict', finalization='answer_only')|coder>verifier||critique_revise|critic:coder,generator:math,reviser:summarizer|critic:PromptSlots(reasoning_mode='direct', upstream_usage='summary', output_style='raw', verification_mode='strict', finalization='answer_only'),generator:PromptSlots(reasoning_mode='stepwise', upstream_usage='summary', output_style='raw', verification_mode='off', finalization='answer_only'),reviser:PromptSlots(reasoning_mode='direct', upstream_usage='summary', output_style='raw', verification_mode='light', finalization='answer_only')|coder>summarizer,math>coder,math>summarizer",1.0,1.0,1.0,1.0,stage1,0c41d527519f,v4_4_code_bypass_stable_anchor,use_stage1_anchor,stage1,False,0,0
mbpp:302,1,16,phase3a,structure|critiq,"structure|critique_revise|critic:verifier,generator:math,reviser:coder|critic:PromptSlots(reasoning_mode='direct', upstream_usage='summary', output_style='raw', verification_mode='strict', finalization='answer_only'),generator:PromptSlots(reasoning_mode='stepwise', upstream_usage='summary', output_style='raw', verification_mode='off', finalization='answer_only'),reviser:PromptSlots(reasoning_mode='direct', upstream_usage='summary', output_style='raw', verification_mode='light', finalization='answer_only')|math>coder,math>verifier,verifier>coder||solve_verify|solver:planner,verifier:verifier|solver:PromptSlots(reasoning_mode='stepwise', upstream_usage='summary', output_style='raw', verification_mode='off', finalization='answer_only'),verifier:PromptSlots(reasoning_mode='direct', upstream_usage='summary', output_style='raw', verification_mode='strict', finalization='answer_only')|planner>verifier||critique_revise|critic:coder,generator:planner,reviser:summarizer|critic:PromptSlots(reasoning_mode='direct', upstream_usage='summary', output_style='raw', verification_mode='strict', finalization='answer_only'),generator:PromptSlots(reasoning_mode='stepwise', upstream_usage='summary', output_style='raw', verification_mode='off', finalization='answer_only'),reviser:PromptSlots(reasoning_mode='direct', upstream_usage='summary', output_style='raw', verification_mode='light', finalization='answer_only')|coder>summarizer,planner>coder,planner>summarizer",1.0,1.0,1.0,1.0,sink_output,3c8f046e5117,v4_4_code_bypass_stable_anchor,use_stage1_anchor,stage1+stage2,False,0,0
mbpp:305,1,32,phase2,structure|critiq,"structure|critique_revise|critic:coder,generator:math,reviser:debater_b|critic:PromptSlots(reasoning_mode='direct', upstream_usage='summary', output_style='raw', verification_mode='strict', finalization='answer_only'),generator:PromptSlots(reasoning_mode='stepwise', upstream_usage='summary', output_style='raw', verification_mode='off', finalization='answer_only'),reviser:PromptSlots(reasoning_mode='direct', upstream_usage='summary', output_style='raw', verification_mode='light', finalization='answer_only')|coder>debater_b,math>coder,math>debater_b||critique_revise|critic:coder,generator:math,reviser:planner|critic:PromptSlots(reasoning_mode='direct', upstream_usage='summary', output_style='raw', verification_mode='strict', finalization='answer_only'),generator:PromptSlots(reasoning_mode='stepwise', upstream_usage='summary', output_style='raw', verification_mode='off', finalization='answer_only'),reviser:PromptSlots(reasoning_mode='direct', upstream_usage='summary', output_style='raw', verification_mode='light', finalization='answer_only')|coder>planner,math>coder,math>planner||critique_revise|critic:coder,generator:verifier,reviser:debater_b|critic:PromptSlots(reasoning_mode='direct', upstream_usage='summary', output_style='raw', verification_mode='strict', finalization='answer_only'),generator:PromptSlots(reasoning_mode='stepwise', upstream_usage='summary', output_style='raw', verification_mode='off', finalization='answer_only'),reviser:PromptSlots(reasoning_mode='direct', upstream_usage='summary', output_style='raw', verification_mode='light', finalization='answer_only')|coder>debater_b,verifier>coder,verifier>debater_b",1.0,1.0,1.0,1.0,stage1,1ab020b470fd,v4_4_code_bypass_stable_anchor,use_stage1_anchor,stage1,False,0,0
mbpp:305,1,32,phase3a,structure|parall,"structure|parallel_vote|aggregator:math,solver_a:planner,solver_b:reasoner|aggregator:PromptSlots(reasoning_mode='direct', upstream_usage='summary', output_style='raw', verification_mode='light', finalization='answer_only'),solver_a:PromptSlots(reasoning_mode='stepwise', upstream_usage='summary', output_style='raw', verification_mode='off', finalization='answer_only'),solver_b:PromptSlots(reasoning_mode='stepwise', upstream_usage='summary', output_style='raw', verification_mode='off', finalization='answer_only')|planner>math,reasoner>math||critique_revise|critic:verifier,generator:planner,reviser:summarizer|critic:PromptSlots(reasoning_mode='direct', upstream_usage='summary', output_style='raw', verification_mode='strict', finalization='answer_only'),generator:PromptSlots(reasoning_mode='stepwise', upstream_usage='summary', output_style='raw', verification_mode='off', finalization='answer_only'),reviser:PromptSlots(reasoning_mode='direct', upstream_usage='summary', output_style='raw', verification_mode='light', finalization='answer_only')|planner>summarizer,planner>verifier,verifier>summarizer||route_solve|aggregator:verifier,router:planner,solver:coder|aggregator:PromptSlots(reasoning_mode='direct', upstream_usage='summary', output_style='raw', verification_mode='light', finalization='answer_only'),router:PromptSlots(reasoning_mode='direct', upstream_usage='summary', output_style='raw', verification_mode='light', finalization='answer_only'),solver:PromptSlots(reasoning_mode='stepwise', upstream_usage='summary', output_style='raw', verification_mode='off', finalization='answer_only')|coder>verifier,planner>coder",1.0,1.0,1.0,1.0,stage1,47bfb371dc9f,v4_4_code_bypass_stable_anchor,use_stage1_anchor,stage1,False,0,0
mbpp:308,0,29,phase2,structure|critiq,"structure|critique_revise|critic:coder,generator:planner,reviser:researcher|critic:PromptSlots(reasoning_mode='direct', upstream_usage='summary', output_style='raw', verification_mode='strict', finalization='answer_only'),generator:PromptSlots(reasoning_mode='stepwise', upstream_usage='summary', output_style='raw', verification_mode='off', finalization='answer_only'),reviser:PromptSlots(reasoning_mode='direct', upstream_usage='summary', output_style='raw', verification_mode='light', finalization='answer_only')|coder>researcher,planner>coder,planner>researcher||solve_verify|solver:coder,verifier:verifier|solver:PromptSlots(reasoning_mode='stepwise', upstream_usage='summary', output_style='raw', verification_mode='off', finalization='answer_only'),verifier:PromptSlots(reasoning_mode='direct', upstream_usage='summary', output_style='raw', verification_mode='strict', finalization='answer_only')|coder>verifier||critique_revise|critic:coder,generator:verifier,reviser:summarizer|critic:PromptSlots(reasoning_mode='direct', upstream_usage='summary', output_style='raw', verification_mode='strict', finalization='answer_only'),generator:PromptSlots(reasoning_mode='stepwise', upstream_usage='summary', output_style='raw', verification_mode='off', finalization='answer_only'),reviser:PromptSlots(reasoning_mode='direct', upstream_usage='summary', output_style='raw', verification_mode='light', finalization='answer_only')|coder>summarizer,verifier>coder,verifier>summarizer",1.0,1.0,1.0,1.0,stage1,17098ffd569a,v4_4_code_bypass_stable_anchor,use_stage1_anchor,stage1,False,0,0
mbpp:308,0,29,phase3a,structure|parall,"structure|parallel_vote|aggregator:coder,solver_a:planner,solver_b:reasoner|aggregator:PromptSlots(reasoning_mode='direct', upstream_usage='summary', output_style='raw', verification_mode='light', finalization='answer_only'),solver_a:PromptSlots(reasoning_mode='stepwise', upstream_usage='summary', output_style='raw', verification_mode='off', finalization='answer_only'),solver_b:PromptSlots(reasoning_mode='stepwise', upstream_usage='summary', output_style='raw', verification_mode='off', finalization='answer_only')|planner>coder,reasoner>coder||parallel_vote|aggregator:verifier,solver_a:planner,solver_b:reasoner|aggregator:PromptSlots(reasoning_mode='direct', upstream_usage='summary', output_style='raw', verification_mode='light', finalization='answer_only'),solver_a:PromptSlots(reasoning_mode='stepwise', upstream_usage='summary', output_style='raw', verification_mode='off', finalization='answer_only'),solver_b:PromptSlots(reasoning_mode='stepwise', upstream_usage='summary', output_style='raw', verification_mode='off', finalization='answer_only')|planner>verifier,reasoner>verifier||critique_revise|critic:verifier,generator:coder,reviser:summarizer|critic:PromptSlots(reasoning_mode='direct', upstream_usage='summary', output_style='raw', verification_mode='strict', finalization='answer_only'),generator:PromptSlots(reasoning_mode='stepwise', upstream_usage='summary', output_style='raw', verification_mode='off', finalization='answer_only'),reviser:PromptSlots(reasoning_mode='direct', upstream_usage='summary', output_style='raw', verification_mode='light', finalization='answer_only')|coder>summarizer,coder>verifier,verifier>summarizer",1.0,1.0,1.0,1.0,stage1,9d2cfe6c7db3,v4_4_code_bypass_stable_anchor,use_stage1_anchor,stage1,False,0,0
mbpp:322,1,42,phase2,structure|critiq,"structure|critique_revise|critic:coder,generator:math,reviser:reasoner|critic:PromptSlots(reasoning_mode='direct', upstream_usage='summary', output_style='raw', verification_mode='strict', finalization='answer_only'),generator:PromptSlots(reasoning_mode='stepwise', upstream_usage='summary', output_style='raw', verification_mode='off', finalization='answer_only'),reviser:PromptSlots(reasoning_mode='direct', upstream_usage='summary', output_style='raw', verification_mode='light', finalization='answer_only')|coder>reasoner,math>coder,math>reasoner||critique_revise|critic:coder,generator:planner,reviser:reasoner|critic:PromptSlots(reasoning_mode='direct', upstream_usage='summary', output_style='raw', verification_mode='strict', finalization='answer_only'),generator:PromptSlots(reasoning_mode='stepwise', upstream_usage='summary', output_style='raw', verification_mode='off', finalization='answer_only'),reviser:PromptSlots(reasoning_mode='direct', upstream_usage='summary', output_style='raw', verification_mode='light', finalization='answer_only')|coder>reasoner,planner>coder,planner>reasoner||critique_revise|critic:verifier,generator:coder,reviser:summarizer|critic:PromptSlots(reasoning_mode='direct', upstream_usage='summary', output_style='raw', verification_mode='strict', finalization='answer_only'),generator:PromptSlots(reasoning_mode='stepwise', upstream_usage='summary', output_style='raw', verification_mode='off', finalization='answer_only'),reviser:PromptSlots(reasoning_mode='direct', upstream_usage='summary', output_style='raw', verification_mode='light', finalization='answer_only')|coder>summarizer,coder>verifier,verifier>summarizer",1.0,1.0,1.0,1.0,sink_output,9d26fe9f8f36,v4_4_code_bypass_stable_anchor,use_stage1_anchor,stage1+stage2,False,0,0
mbpp:322,1,42,phase3a,structure|critiq,"structure|critique_revise|critic:planner,generator:researcher,reviser:math|critic:PromptSlots(reasoning_mode='direct', upstream_usage='summary', output_style='raw', verification_mode='strict', finalization='answer_only'),generator:PromptSlots(reasoning_mode='stepwise', upstream_usage='summary', output_style='raw', verification_mode='off', finalization='answer_only'),reviser:PromptSlots(reasoning_mode='direct', upstream_usage='summary', output_style='raw', verification_mode='light', finalization='answer_only')|planner>math,researcher>math,researcher>planner||critique_revise|critic:verifier,generator:coder,reviser:summarizer|critic:PromptSlots(reasoning_mode='direct', upstream_usage='summary', output_style='raw', verification_mode='strict', finalization='answer_only'),generator:PromptSlots(reasoning_mode='stepwise', upstream_usage='summary', output_style='raw', verification_mode='off', finalization='answer_only'),reviser:PromptSlots(reasoning_mode='direct', upstream_usage='summary', output_style='raw', verification_mode='light', finalization='answer_only')|coder>summarizer,coder>verifier,verifier>summarizer||critique_revise|critic:coder,generator:planner,reviser:math|critic:PromptSlots(reasoning_mode='direct', upstream_usage='summary', output_style='raw', verification_mode='strict', finalization='answer_only'),generator:PromptSlots(reasoning_mode='stepwise', upstream_usage='summary', output_style='raw', verification_mode='off', finalization='answer_only'),reviser:PromptSlots(reasoning_mode='direct', upstream_usage='summary', output_style='raw', verification_mode='light', finalization='answer_only')|coder>math,planner>coder,planner>math",1.0,1.0,1.0,1.0,sink_output,9d26fe9f8f36,v4_4_code_bypass_stable_anchor,use_stage1_anchor,stage1+stage2,False,0,0
mbpp:323,1,9,phase2,structure|parall,"structure|parallel_vote|aggregator:math,solver_a:coder,solver_b:reasoner|aggregator:PromptSlots(reasoning_mode='direct', upstream_usage='summary', output_style='raw', verification_mode='light', finalization='answer_only'),solver_a:PromptSlots(reasoning_mode='stepwise', upstream_usage='summary', output_style='raw', verification_mode='off', finalization='answer_only'),solver_b:PromptSlots(reasoning_mode='stepwise', upstream_usage='summary', output_style='raw', verification_mode='off', finalization='answer_only')|coder>math,reasoner>math||route_solve|aggregator:verifier,router:planner,solver:coder|aggregator:PromptSlots(reasoning_mode='direct', upstream_usage='summary', output_style='raw', verification_mode='light', finalization='answer_only'),router:PromptSlots(reasoning_mode='direct', upstream_usage='summary', output_style='raw', verification_mode='light', finalization='answer_only'),solver:PromptSlots(reasoning_mode='stepwise', upstream_usage='summary', output_style='raw', verification_mode='off', finalization='answer_only')|coder>verifier,planner>coder||parallel_vote|aggregator:verifier,solver_a:coder,solver_b:planner|aggregator:PromptSlots(reasoning_mode='direct', upstream_usage='summary', output_style='raw', verification_mode='light', finalization='answer_only'),solver_a:PromptSlots(reasoning_mode='stepwise', upstream_usage='summary', output_style='raw', verification_mode='off', finalization='answer_only'),solver_b:PromptSlots(reasoning_mode='stepwise', upstream_usage='summary', output_style='raw', verification_mode='off', finalization='answer_only')|coder>verifier,planner>verifier",0.0,0.0,0.35,0.35,stage1_anchor,6e059555e019,v4_4_code_anchor_guard_preserve,use_stage1_anchor,stage1,False,3,1
mbpp:323,1,9,phase3a,structure|parall,"structure|parallel_vote|aggregator:researcher,solver_a:coder,solver_b:reasoner|aggregator:PromptSlots(reasoning_mode='direct', upstream_usage='summary', output_style='raw', verification_mode='light', finalization='answer_only'),solver_a:PromptSlots(reasoning_mode='stepwise', upstream_usage='summary', output_style='raw', verification_mode='off', finalization='answer_only'),solver_b:PromptSlots(reasoning_mode='stepwise', upstream_usage='summary', output_style='raw', verification_mode='off', finalization='answer_only')|coder>researcher,reasoner>researcher||route_solve|aggregator:verifier,router:planner,solver:coder|aggregator:PromptSlots(reasoning_mode='direct', upstream_usage='summary', output_style='raw', verification_mode='light', finalization='answer_only'),router:PromptSlots(reasoning_mode='direct', upstream_usage='summary', output_style='raw', verification_mode='light', finalization='answer_only'),solver:PromptSlots(reasoning_mode='stepwise', upstream_usage='summary', output_style='raw', verification_mode='off', finalization='answer_only')|coder>verifier,planner>coder||parallel_vote|aggregator:verifier,solver_a:planner,solver_b:coder|aggregator:PromptSlots(reasoning_mode='direct', upstream_usage='summary', output_style='raw', verification_mode='light', finalization='answer_only'),solver_a:PromptSlots(reasoning_mode='stepwise', upstream_usage='summary', output_style='raw', verification_mode='off', finalization='answer_only'),solver_b:PromptSlots(reasoning_mode='stepwise', upstream_usage='summary', output_style='raw', verification_mode='off', finalization='answer_only')|coder>verifier,planner>verifier",0.0,0.0,0.35,0.35,stage1_anchor,6e059555e019,v4_4_code_anchor_guard_preserve,use_stage1_anchor,stage1,False,3,1
mbpp:326,0,9,phase2,structure|critiq,"structure|critique_revise|critic:planner,generator:verifier,reviser:coder|critic:PromptSlots(reasoning_mode='direct', upstream_usage='summary', output_style='raw', verification_mode='strict', finalization='answer_only'),generator:PromptSlots(reasoning_mode='stepwise', upstream_usage='summary', output_style='raw', verification_mode='off', finalization='answer_only'),reviser:PromptSlots(reasoning_mode='direct', upstream_usage='summary', output_style='raw', verification_mode='light', finalization='answer_only')|planner>coder,verifier>coder,verifier>planner||route_solve|aggregator:skeptic,router:planner,solver:coder|aggregator:PromptSlots(reasoning_mode='direct', upstream_usage='summary', output_style='raw', verification_mode='light', finalization='answer_only'),router:PromptSlots(reasoning_mode='direct', upstream_usage='summary', output_style='raw', verification_mode='light', finalization='answer_only'),solver:PromptSlots(reasoning_mode='stepwise', upstream_usage='summary', output_style='raw', verification_mode='off', finalization='answer_only')|coder>skeptic,planner>coder||critique_revise|critic:coder,generator:planner,reviser:summarizer|critic:PromptSlots(reasoning_mode='direct', upstream_usage='summary', output_style='raw', verification_mode='strict', finalization='answer_only'),generator:PromptSlots(reasoning_mode='stepwise', upstream_usage='summary', output_style='raw', verification_mode='off', finalization='answer_only'),reviser:PromptSlots(reasoning_mode='direct', upstream_usage='summary', output_style='raw', verification_mode='light', finalization='answer_only')|coder>summarizer,planner>coder,planner>summarizer",1.0,1.0,1.0,1.0,stage1,6554a9bdcd29,v4_4_code_bypass_stable_anchor,use_stage1_anchor,stage1,False,0,0
mbpp:326,0,9,phase3a,structure|parall,"structure|parallel_vote|aggregator:debater_a,solver_a:planner,solver_b:reasoner|aggregator:PromptSlots(reasoning_mode='direct', upstream_usage='summary', output_style='raw', verification_mode='light', finalization='answer_only'),solver_a:PromptSlots(reasoning_mode='stepwise', upstream_usage='summary', output_style='raw', verification_mode='off', finalization='answer_only'),solver_b:PromptSlots(reasoning_mode='stepwise', upstream_usage='summary', output_style='raw', verification_mode='off', finalization='answer_only')|planner>debater_a,reasoner>debater_a||route_solve|aggregator:reasoner,router:planner,solver:coder|aggregator:PromptSlots(reasoning_mode='direct', upstream_usage='summary', output_style='raw', verification_mode='light', finalization='answer_only'),router:PromptSlots(reasoning_mode='direct', upstream_usage='summary', output_style='raw', verification_mode='light', finalization='answer_only'),solver:PromptSlots(reasoning_mode='stepwise', upstream_usage='summary', output_style='raw', verification_mode='off', finalization='answer_only')|coder>reasoner,planner>coder||solve_verify|solver:planner,verifier:verifier|solver:PromptSlots(reasoning_mode='stepwise', upstream_usage='summary', output_style='raw', verification_mode='off', finalization='answer_only'),verifier:PromptSlots(reasoning_mode='direct', upstream_usage='summary', output_style='raw', verification_mode='strict', finalization='answer_only')|planner>verifier",1.0,1.0,1.0,1.0,stage1,ac0b159cf97e,v4_4_code_bypass_stable_anchor,use_stage1_anchor,stage1,False,0,0
mbpp:33,2,10,phase2,structure|solve_,"structure|solve_verify|solver:planner,verifier:math|solver:PromptSlots(reasoning_mode='stepwise', upstream_usage='summary', output_style='raw', verification_mode='off', finalization='answer_only'),verifier:PromptSlots(reasoning_mode='direct', upstream_usage='summary', output_style='raw', verification_mode='strict', finalization='answer_only')|planner>math||route_solve|aggregator:verifier,router:planner,solver:coder|aggregator:PromptSlots(reasoning_mode='direct', upstream_usage='summary', output_style='raw', verification_mode='light', finalization='answer_only'),router:PromptSlots(reasoning_mode='direct', upstream_usage='summary', output_style='raw', verification_mode='light', finalization='answer_only'),solver:PromptSlots(reasoning_mode='stepwise', upstream_usage='summary', output_style='raw', verification_mode='off', finalization='answer_only')|coder>verifier,planner>coder||critique_revise|critic:coder,generator:reasoner,reviser:summarizer|critic:PromptSlots(reasoning_mode='direct', upstream_usage='summary', output_style='raw', verification_mode='strict', finalization='answer_only'),generator:PromptSlots(reasoning_mode='stepwise', upstream_usage='summary', output_style='raw', verification_mode='off', finalization='answer_only'),reviser:PromptSlots(reasoning_mode='direct', upstream_usage='summary', output_style='raw', verification_mode='light', finalization='answer_only')|coder>summarizer,reasoner>coder,reasoner>summarizer",0.0,0.0,0.28,0.28,sink_output,e2586939946d,v4_4_code_anchor_guard_preserve,use_stage1_anchor,stage1+stage2,False,3,1
mbpp:33,2,10,phase3a,structure|critiq,"structure|critique_revise|critic:verifier,generator:planner,reviser:debater_a|critic:PromptSlots(reasoning_mode='direct', upstream_usage='summary', output_style='raw', verification_mode='strict', finalization='answer_only'),generator:PromptSlots(reasoning_mode='stepwise', upstream_usage='summary', output_style='raw', verification_mode='off', finalization='answer_only'),reviser:PromptSlots(reasoning_mode='direct', upstream_usage='summary', output_style='raw', verification_mode='light', finalization='answer_only')|planner>debater_a,planner>verifier,verifier>debater_a||critique_revise|critic:verifier,generator:planner,reviser:math|critic:PromptSlots(reasoning_mode='direct', upstream_usage='summary', output_style='raw', verification_mode='strict', finalization='answer_only'),generator:PromptSlots(reasoning_mode='stepwise', upstream_usage='summary', output_style='raw', verification_mode='off', finalization='answer_only'),reviser:PromptSlots(reasoning_mode='direct', upstream_usage='summary', output_style='raw', verification_mode='light', finalization='answer_only')|planner>math,planner>verifier,verifier>math||critique_revise|critic:verifier,generator:reasoner,reviser:debater_a|critic:PromptSlots(reasoning_mode='direct', upstream_usage='summary', output_style='raw', verification_mode='strict', finalization='answer_only'),generator:PromptSlots(reasoning_mode='stepwise', upstream_usage='summary', output_style='raw', verification_mode='off', finalization='answer_only'),reviser:PromptSlots(reasoning_mode='direct', upstream_usage='summary', output_style='raw', verification_mode='light', finalization='answer_only')|reasoner>debater_a,reasoner>verifier,verifier>debater_a",0.0,0.0,0.28,0.28,stage1_anchor,ea250e95b6d5,v4_4_code_anchor_guard_preserve,use_stage1_anchor,stage1,False,3,1
mbpp:331,0,11,phase2,structure|critiq,"structure|critique_revise|critic:verifier,generator:planner,reviser:debater_b|critic:PromptSlots(reasoning_mode='direct', upstream_usage='summary', output_style='raw', verification_mode='strict', finalization='answer_only'),generator:PromptSlots(reasoning_mode='stepwise', upstream_usage='summary', output_style='raw', verification_mode='off', finalization='answer_only'),reviser:PromptSlots(reasoning_mode='direct', upstream_usage='summary', output_style='raw', verification_mode='light', finalization='answer_only')|planner>debater_b,planner>verifier,verifier>debater_b||critique_revise|critic:verifier,generator:summarizer,reviser:debater_b|critic:PromptSlots(reasoning_mode='direct', upstream_usage='summary', output_style='raw', verification_mode='strict', finalization='answer_only'),generator:PromptSlots(reasoning_mode='stepwise', upstream_usage='summary', output_style='raw', verification_mode='off', finalization='answer_only'),reviser:PromptSlots(reasoning_mode='direct', upstream_usage='summary', output_style='raw', verification_mode='light', finalization='answer_only')|summarizer>debater_b,summarizer>verifier,verifier>debater_b||critique_revise|critic:verifier,generator:coder,reviser:summarizer|critic:PromptSlots(reasoning_mode='direct', upstream_usage='summary', output_style='raw', verification_mode='strict', finalization='answer_only'),generator:PromptSlots(reasoning_mode='stepwise', upstream_usage='summary', output_style='raw', verification_mode='off', finalization='answer_only'),reviser:PromptSlots(reasoning_mode='direct', upstream_usage='summary', output_style='raw', verification_mode='light', finalization='answer_only')|coder>summarizer,coder>verifier,verifier>summarizer",1.0,1.0,1.0,1.0,stage1,d57d4808525e,v4_4_code_bypass_stable_anchor,use_stage1_anchor,stage1,False,0,0
mbpp:331,0,11,phase3a,structure|route_,"structure|route_solve|aggregator:debater_b,router:planner,solver:coder|aggregator:PromptSlots(reasoning_mode='direct', upstream_usage='summary', output_style='raw', verification_mode='light', finalization='answer_only'),router:PromptSlots(reasoning_mode='direct', upstream_usage='summary', output_style='raw', verification_mode='light', finalization='answer_only'),solver:PromptSlots(reasoning_mode='stepwise', upstream_usage='summary', output_style='raw', verification_mode='off', finalization='answer_only')|coder>debater_b,planner>coder||critique_revise|critic:verifier,generator:planner,reviser:coder|critic:PromptSlots(reasoning_mode='direct', upstream_usage='summary', output_style='raw', verification_mode='strict', finalization='answer_only'),generator:PromptSlots(reasoning_mode='stepwise', upstream_usage='summary', output_style='raw', verification_mode='off', finalization='answer_only'),reviser:PromptSlots(reasoning_mode='direct', upstream_usage='summary', output_style='raw', verification_mode='light', finalization='answer_only')|planner>coder,planner>verifier,verifier>coder||critique_revise|critic:verifier,generator:reasoner,reviser:summarizer|critic:PromptSlots(reasoning_mode='direct', upstream_usage='summary', output_style='raw', verification_mode='strict', finalization='answer_only'),generator:PromptSlots(reasoning_mode='stepwise', upstream_usage='summary', output_style='raw', verification_mode='off', finalization='answer_only'),reviser:PromptSlots(reasoning_mode='direct', upstream_usage='summary', output_style='raw', verification_mode='light', finalization='answer_only')|reasoner>summarizer,reasoner>verifier,verifier>summarizer",1.0,1.0,1.0,1.0,stage1,cfd6f75cc9ec,v4_4_code_bypass_stable_anchor,use_stage1_anchor,stage1,False,0,0
mbpp:340,2,50,phase2,structure|critiq,"structure|critique_revise|critic:coder,generator:planner,reviser:reasoner|critic:PromptSlots(reasoning_mode='direct', upstream_usage='summary', output_style='raw', verification_mode='strict', finalization='answer_only'),generator:PromptSlots(reasoning_mode='stepwise', upstream_usage='summary', output_style='raw', verification_mode='off', finalization='answer_only'),reviser:PromptSlots(reasoning_mode='direct', upstream_usage='summary', output_style='raw', verification_mode='light', finalization='answer_only')|coder>reasoner,planner>coder,planner>reasoner||solve_verify|solver:planner,verifier:verifier|solver:PromptSlots(reasoning_mode='stepwise', upstream_usage='summary', output_style='raw', verification_mode='off', finalization='answer_only'),verifier:PromptSlots(reasoning_mode='direct', upstream_usage='summary', output_style='raw', verification_mode='strict', finalization='answer_only')|planner>verifier||critique_revise|critic:verifier,generator:coder,reviser:planner|critic:PromptSlots(reasoning_mode='direct', upstream_usage='summary', output_style='raw', verification_mode='strict', finalization='answer_only'),generator:PromptSlots(reasoning_mode='stepwise', upstream_usage='summary', output_style='raw', verification_mode='off', finalization='answer_only'),reviser:PromptSlots(reasoning_mode='direct', upstream_usage='summary', output_style='raw', verification_mode='light', finalization='answer_only')|coder>planner,coder>verifier,verifier>planner",1.0,1.0,1.0,1.0,sink_output,4c1370aa6b9c,v4_4_code_bypass_stable_anchor,use_stage1_anchor,stage1+stage2,False,0,0
mbpp:340,2,50,phase3a,structure|solve_,"structure|solve_verify|solver:planner,verifier:researcher|solver:PromptSlots(reasoning_mode='stepwise', upstream_usage='summary', output_style='raw', verification_mode='off', finalization='answer_only'),verifier:PromptSlots(reasoning_mode='direct', upstream_usage='summary', output_style='raw', verification_mode='strict', finalization='answer_only')|planner>researcher||critique_revise|critic:coder,generator:math,reviser:planner|critic:PromptSlots(reasoning_mode='direct', upstream_usage='summary', output_style='raw', verification_mode='strict', finalization='answer_only'),generator:PromptSlots(reasoning_mode='stepwise', upstream_usage='summary', output_style='raw', verification_mode='off', finalization='answer_only'),reviser:PromptSlots(reasoning_mode='direct', upstream_usage='summary', output_style='raw', verification_mode='light', finalization='answer_only')|coder>planner,math>coder,math>planner||critique_revise|critic:coder,generator:planner,reviser:summarizer|critic:PromptSlots(reasoning_mode='direct', upstream_usage='summary', output_style='raw', verification_mode='strict', finalization='answer_only'),generator:PromptSlots(reasoning_mode='stepwise', upstream_usage='summary', output_style='raw', verification_mode='off', finalization='answer_only'),reviser:PromptSlots(reasoning_mode='direct', upstream_usage='summary', output_style='raw', verification_mode='light', finalization='answer_only')|coder>summarizer,planner>coder,planner>summarizer",1.0,1.0,1.0,1.0,stage1,4c1370aa6b9c,v4_4_code_bypass_stable_anchor,use_stage1_anchor,stage1,False,0,0
mbpp:341,0,18,phase2,structure|critiq,"structure|critique_revise|critic:verifier,generator:coder,reviser:researcher|critic:PromptSlots(reasoning_mode='direct', upstream_usage='summary', output_style='raw', verification_mode='strict', finalization='answer_only'),generator:PromptSlots(reasoning_mode='stepwise', upstream_usage='summary', output_style='raw', verification_mode='off', finalization='answer_only'),reviser:PromptSlots(reasoning_mode='direct', upstream_usage='summary', output_style='raw', verification_mode='light', finalization='answer_only')|coder>researcher,coder>verifier,verifier>researcher||critique_revise|critic:coder,generator:researcher,reviser:planner|critic:PromptSlots(reasoning_mode='direct', upstream_usage='summary', output_style='raw', verification_mode='strict', finalization='answer_only'),generator:PromptSlots(reasoning_mode='stepwise', upstream_usage='summary', output_style='raw', verification_mode='off', finalization='answer_only'),reviser:PromptSlots(reasoning_mode='direct', upstream_usage='summary', output_style='raw', verification_mode='light', finalization='answer_only')|coder>planner,researcher>coder,researcher>planner||critique_revise|critic:researcher,generator:planner,reviser:coder|critic:PromptSlots(reasoning_mode='direct', upstream_usage='summary', output_style='raw', verification_mode='strict', finalization='answer_only'),generator:PromptSlots(reasoning_mode='stepwise', upstream_usage='summary', output_style='raw', verification_mode='off', finalization='answer_only'),reviser:PromptSlots(reasoning_mode='direct', upstream_usage='summary', output_style='raw', verification_mode='light', finalization='answer_only')|planner>coder,planner>researcher,researcher>coder",1.0,1.0,1.0,1.0,sink_output,ef07404e4e6f,v4_4_code_bypass_stable_anchor,use_stage1_anchor,stage1+stage2,False,0,0
mbpp:341,0,18,phase3a,structure|critiq,"structure|critique_revise|critic:verifier,generator:planner,reviser:coder|critic:PromptSlots(reasoning_mode='direct', upstream_usage='summary', output_style='raw', verification_mode='strict', finalization='answer_only'),generator:PromptSlots(reasoning_mode='stepwise', upstream_usage='summary', output_style='raw', verification_mode='off', finalization='answer_only'),reviser:PromptSlots(reasoning_mode='direct', upstream_usage='summary', output_style='raw', verification_mode='light', finalization='answer_only')|planner>coder,planner>verifier,verifier>coder||solve_verify|solver:coder,verifier:verifier|solver:PromptSlots(reasoning_mode='stepwise', upstream_usage='summary', output_style='raw', verification_mode='off', finalization='answer_only'),verifier:PromptSlots(reasoning_mode='direct', upstream_usage='summary', output_style='raw', verification_mode='strict', finalization='answer_only')|coder>verifier||critique_revise|critic:coder,generator:math,reviser:planner|critic:PromptSlots(reasoning_mode='direct', upstream_usage='summary', output_style='raw', verification_mode='strict', finalization='answer_only'),generator:PromptSlots(reasoning_mode='stepwise', upstream_usage='summary', output_style='raw', verification_mode='off', finalization='answer_only'),reviser:PromptSlots(reasoning_mode='direct', upstream_usage='summary', output_style='raw', verification_mode='light', finalization='answer_only')|coder>planner,math>coder,math>planner",1.0,1.0,1.0,1.0,sink_output,ef07404e4e6f,v4_4_code_bypass_stable_anchor,use_stage1_anchor,stage1+stage2,False,0,0
mbpp:35,2,63,phase2,structure|route_,"structure|route_solve|aggregator:verifier,router:planner,solver:coder|aggregator:PromptSlots(reasoning_mode='direct', upstream_usage='summary', output_style='raw', verification_mode='light', finalization='answer_only'),router:PromptSlots(reasoning_mode='direct', upstream_usage='summary', output_style='raw', verification_mode='light', finalization='answer_only'),solver:PromptSlots(reasoning_mode='stepwise', upstream_usage='summary', output_style='raw', verification_mode='off', finalization='answer_only')|coder>verifier,planner>coder||parallel_vote|aggregator:coder,solver_a:planner,solver_b:reasoner|aggregator:PromptSlots(reasoning_mode='direct', upstream_usage='summary', output_style='raw', verification_mode='light', finalization='answer_only'),solver_a:PromptSlots(reasoning_mode='stepwise', upstream_usage='summary', output_style='raw', verification_mode='off', finalization='answer_only'),solver_b:PromptSlots(reasoning_mode='stepwise', upstream_usage='summary', output_style='raw', verification_mode='off', finalization='answer_only')|planner>coder,reasoner>coder||solve_verify|solver:planner,verifier:debater_a|solver:PromptSlots(reasoning_mode='stepwise', upstream_usage='summary', output_style='raw', verification_mode='off', finalization='answer_only'),verifier:PromptSlots(reasoning_mode='direct', upstream_usage='summary', output_style='raw', verification_mode='strict', finalization='answer_only')|planner>debater_a",1.0,1.0,1.0,1.0,sink_output,7b4139526a94,v4_4_code_bypass_stable_anchor,use_stage1_anchor,stage1+stage2,False,0,0
mbpp:35,2,63,phase3a,structure|solve_,"structure|solve_verify|solver:planner,verifier:skeptic|solver:PromptSlots(reasoning_mode='stepwise', upstream_usage='summary', output_style='raw', verification_mode='off', finalization='answer_only'),verifier:PromptSlots(reasoning_mode='direct', upstream_usage='summary', output_style='raw', verification_mode='strict', finalization='answer_only')|planner>skeptic||solve_verify|solver:planner,verifier:coder|solver:PromptSlots(reasoning_mode='stepwise', upstream_usage='summary', output_style='raw', verification_mode='off', finalization='answer_only'),verifier:PromptSlots(reasoning_mode='direct', upstream_usage='summary', output_style='raw', verification_mode='strict', finalization='answer_only')|planner>coder||debate_judge|debater_a:coder,debater_b:planner,judge:math|debater_a:PromptSlots(reasoning_mode='direct', upstream_usage='summary', output_style='raw', verification_mode='off', finalization='answer_only'),debater_b:PromptSlots(reasoning_mode='direct', upstream_usage='summary', output_style='raw', verification_mode='off', finalization='answer_only'),judge:PromptSlots(reasoning_mode='direct', upstream_usage='summary', output_style='raw', verification_mode='strict', finalization='answer_only')|coder>math,planner>math",1.0,1.0,1.0,1.0,checker_approved_proposal,7b4139526a94,v4_4_code_bypass_stable_anchor,use_stage1_anchor,stage1+stage2,False,0,0
mbpp:350,2,38,phase2,structure|critiq,"structure|critique_revise|critic:verifier,generator:planner,reviser:debater_a|critic:PromptSlots(reasoning_mode='direct', upstream_usage='summary', output_style='raw', verification_mode='strict', finalization='answer_only'),generator:PromptSlots(reasoning_mode='stepwise', upstream_usage='summary', output_style='raw', verification_mode='off', finalization='answer_only'),reviser:PromptSlots(reasoning_mode='direct', upstream_usage='summary', output_style='raw', verification_mode='light', finalization='answer_only')|planner>debater_a,planner>verifier,verifier>debater_a||critique_revise|critic:verifier,generator:planner,reviser:math|critic:PromptSlots(reasoning_mode='direct', upstream_usage='summary', output_style='raw', verification_mode='strict', finalization='answer_only'),generator:PromptSlots(reasoning_mode='stepwise', upstream_usage='summary', output_style='raw', verification_mode='off', finalization='answer_only'),reviser:PromptSlots(reasoning_mode='direct', upstream_usage='summary', output_style='raw', verification_mode='light', finalization='answer_only')|planner>math,planner>verifier,verifier>math||critique_revise|critic:coder,generator:debater_a,reviser:summarizer|critic:PromptSlots(reasoning_mode='direct', upstream_usage='summary', output_style='raw', verification_mode='strict', finalization='answer_only'),generator:PromptSlots(reasoning_mode='stepwise', upstream_usage='summary', output_style='raw', verification_mode='off', finalization='answer_only'),reviser:PromptSlots(reasoning_mode='direct', upstream_usage='summary', output_style='raw', verification_mode='light', finalization='answer_only')|coder>summarizer,debater_a>coder,debater_a>summarizer",0.0,0.0,0.52,0.52,stage1_anchor,4e83b04ddf5e,v4_4_code_anchor_guard_preserve,use_stage1_anchor,stage1,False,3,1
mbpp:350,2,38,phase3a,structure|critiq,"structure|critique_revise|critic:coder,generator:math,reviser:summarizer|critic:PromptSlots(reasoning_mode='direct', upstream_usage='summary', output_style='raw', verification_mode='strict', finalization='answer_only'),generator:PromptSlots(reasoning_mode='stepwise', upstream_usage='summary', output_style='raw', verification_mode='off', finalization='answer_only'),reviser:PromptSlots(reasoning_mode='direct', upstream_usage='summary', output_style='raw', verification_mode='light', finalization='answer_only')|coder>summarizer,math>coder,math>summarizer||critique_revise|critic:verifier,generator:coder,reviser:debater_a|critic:PromptSlots(reasoning_mode='direct', upstream_usage='summary', output_style='raw', verification_mode='strict', finalization='answer_only'),generator:PromptSlots(reasoning_mode='stepwise', upstream_usage='summary', output_style='raw', verification_mode='off', finalization='answer_only'),reviser:PromptSlots(reasoning_mode='direct', upstream_usage='summary', output_style='raw', verification_mode='light', finalization='answer_only')|coder>debater_a,coder>verifier,verifier>debater_a||critique_revise|critic:verifier,generator:planner,reviser:math|critic:PromptSlots(reasoning_mode='direct', upstream_usage='summary', output_style='raw', verification_mode='strict', finalization='answer_only'),generator:PromptSlots(reasoning_mode='stepwise', upstream_usage='summary', output_style='raw', verification_mode='off', finalization='answer_only'),reviser:PromptSlots(reasoning_mode='direct', upstream_usage='summary', output_style='raw', verification_mode='light', finalization='answer_only')|planner>math,planner>verifier,verifier>math",1.0,1.0,1.0,1.0,stage1,90e107995e22,v4_4_code_bypass_stable_anchor,use_stage1_anchor,stage1,False,0,0
mbpp:36,0,16,phase2,structure|critiq,"structure|critique_revise|critic:verifier,generator:planner,reviser:reasoner|critic:PromptSlots(reasoning_mode='direct', upstream_usage='summary', output_style='raw', verification_mode='strict', finalization='answer_only'),generator:PromptSlots(reasoning_mode='stepwise', upstream_usage='summary', output_style='raw', verification_mode='off', finalization='answer_only'),reviser:PromptSlots(reasoning_mode='direct', upstream_usage='summary', output_style='raw', verification_mode='light', finalization='answer_only')|planner>reasoner,planner>verifier,verifier>reasoner||critique_revise|critic:coder,generator:reasoner,reviser:debater_a|critic:PromptSlots(reasoning_mode='direct', upstream_usage='summary', output_style='raw', verification_mode='strict', finalization='answer_only'),generator:PromptSlots(reasoning_mode='stepwise', upstream_usage='summary', output_style='raw', verification_mode='off', finalization='answer_only'),reviser:PromptSlots(reasoning_mode='direct', upstream_usage='summary', output_style='raw', verification_mode='light', finalization='answer_only')|coder>debater_a,reasoner>coder,reasoner>debater_a||critique_revise|critic:verifier,generator:coder,reviser:summarizer|critic:PromptSlots(reasoning_mode='direct', upstream_usage='summary', output_style='raw', verification_mode='strict', finalization='answer_only'),generator:PromptSlots(reasoning_mode='stepwise', upstream_usage='summary', output_style='raw', verification_mode='off', finalization='answer_only'),reviser:PromptSlots(reasoning_mode='direct', upstream_usage='summary', output_style='raw', verification_mode='light', finalization='answer_only')|coder>summarizer,coder>verifier,verifier>summarizer",1.0,1.0,1.0,1.0,stage1,4526cdd3a672,v4_4_code_bypass_stable_anchor,use_stage1_anchor,stage1,False,0,0
mbpp:36,0,16,phase3a,structure|critiq,"structure|critique_revise|critic:math,generator:planner,reviser:coder|critic:PromptSlots(reasoning_mode='direct', upstream_usage='summary', output_style='raw', verification_mode='strict', finalization='answer_only'),generator:PromptSlots(reasoning_mode='stepwise', upstream_usage='summary', output_style='raw', verification_mode='off', finalization='answer_only'),reviser:PromptSlots(reasoning_mode='direct', upstream_usage='summary', output_style='raw', verification_mode='light', finalization='answer_only')|math>coder,planner>coder,planner>math||critique_revise|critic:coder,generator:math,reviser:planner|critic:PromptSlots(reasoning_mode='direct', upstream_usage='summary', output_style='raw', verification_mode='strict', finalization='answer_only'),generator:PromptSlots(reasoning_mode='stepwise', upstream_usage='summary', output_style='raw', verification_mode='off', finalization='answer_only'),reviser:PromptSlots(reasoning_mode='direct', upstream_usage='summary', output_style='raw', verification_mode='light', finalization='answer_only')|coder>planner,math>coder,math>planner||critique_revise|critic:verifier,generator:planner,reviser:debater_a|critic:PromptSlots(reasoning_mode='direct', upstream_usage='summary', output_style='raw', verification_mode='strict', finalization='answer_only'),generator:PromptSlots(reasoning_mode='stepwise', upstream_usage='summary', output_style='raw', verification_mode='off', finalization='answer_only'),reviser:PromptSlots(reasoning_mode='direct', upstream_usage='summary', output_style='raw', verification_mode='light', finalization='answer_only')|planner>debater_a,planner>verifier,verifier>debater_a",1.0,1.0,1.0,1.0,stage1,eb81c0b2f674,v4_4_code_bypass_stable_anchor,use_stage1_anchor,stage1,False,0,0
mbpp:362,1,43,phase2,structure|critiq,"structure|critique_revise|critic:reasoner,generator:planner,reviser:coder|critic:PromptSlots(reasoning_mode='direct', upstream_usage='summary', output_style='raw', verification_mode='strict', finalization='answer_only'),generator:PromptSlots(reasoning_mode='stepwise', upstream_usage='summary', output_style='raw', verification_mode='off', finalization='answer_only'),reviser:PromptSlots(reasoning_mode='direct', upstream_usage='summary', output_style='raw', verification_mode='light', finalization='answer_only')|planner>coder,planner>reasoner,reasoner>coder||critique_revise|critic:reasoner,generator:coder,reviser:summarizer|critic:PromptSlots(reasoning_mode='direct', upstream_usage='summary', output_style='raw', verification_mode='strict', finalization='answer_only'),generator:PromptSlots(reasoning_mode='stepwise', upstream_usage='summary', output_style='raw', verification_mode='off', finalization='answer_only'),reviser:PromptSlots(reasoning_mode='direct', upstream_usage='summary', output_style='raw', verification_mode='light', finalization='answer_only')|coder>reasoner,coder>summarizer,reasoner>summarizer||critique_revise|critic:verifier,generator:reasoner,reviser:planner|critic:PromptSlots(reasoning_mode='direct', upstream_usage='summary', output_style='raw', verification_mode='strict', finalization='answer_only'),generator:PromptSlots(reasoning_mode='stepwise', upstream_usage='summary', output_style='raw', verification_mode='off', finalization='answer_only'),reviser:PromptSlots(reasoning_mode='direct', upstream_usage='summary', output_style='raw', verification_mode='light', finalization='answer_only')|reasoner>planner,reasoner>verifier,verifier>planner",0.0,0.0,0.76,0.76,stage1_anchor,845ae4e98aef,v4_4_code_anchor_guard_preserve,use_stage1_anchor,stage1,False,3,1
mbpp:362,1,43,phase3a,structure|critiq,"structure|critique_revise|critic:math,generator:planner,reviser:summarizer|critic:PromptSlots(reasoning_mode='direct', upstream_usage='summary', output_style='raw', verification_mode='strict', finalization='answer_only'),generator:PromptSlots(reasoning_mode='stepwise', upstream_usage='summary', output_style='raw', verification_mode='off', finalization='answer_only'),reviser:PromptSlots(reasoning_mode='direct', upstream_usage='summary', output_style='raw', verification_mode='light', finalization='answer_only')|math>summarizer,planner>math,planner>summarizer||critique_revise|critic:coder,generator:planner,reviser:verifier|critic:PromptSlots(reasoning_mode='direct', upstream_usage='summary', output_style='raw', verification_mode='strict', finalization='answer_only'),generator:PromptSlots(reasoning_mode='stepwise', upstream_usage='summary', output_style='raw', verification_mode='off', finalization='answer_only'),reviser:PromptSlots(reasoning_mode='direct', upstream_usage='summary', output_style='raw', verification_mode='light', finalization='answer_only')|coder>verifier,planner>coder,planner>verifier||critique_revise|critic:verifier,generator:planner,reviser:math|critic:PromptSlots(reasoning_mode='direct', upstream_usage='summary', output_style='raw', verification_mode='strict', finalization='answer_only'),generator:PromptSlots(reasoning_mode='stepwise', upstream_usage='summary', output_style='raw', verification_mode='off', finalization='answer_only'),reviser:PromptSlots(reasoning_mode='direct', upstream_usage='summary', output_style='raw', verification_mode='light', finalization='answer_only')|planner>math,planner>verifier,verifier>math",0.0,0.0,0.76,0.76,stage1_anchor,8f52094f0889,v4_4_code_anchor_guard_preserve,use_stage1_anchor,stage1,False,3,1
mbpp:363,1,31,phase2,structure|route_,"structure|route_solve|aggregator:verifier,router:planner,solver:coder|aggregator:PromptSlots(reasoning_mode='direct', upstream_usage='summary', output_style='raw', verification_mode='light', finalization='answer_only'),router:PromptSlots(reasoning_mode='direct', upstream_usage='summary', output_style='raw', verification_mode='light', finalization='answer_only'),solver:PromptSlots(reasoning_mode='stepwise', upstream_usage='summary', output_style='raw', verification_mode='off', finalization='answer_only')|coder>verifier,planner>coder||parallel_vote|aggregator:coder,solver_a:planner,solver_b:reasoner|aggregator:PromptSlots(reasoning_mode='direct', upstream_usage='summary', output_style='raw', verification_mode='light', finalization='answer_only'),solver_a:PromptSlots(reasoning_mode='stepwise', upstream_usage='summary', output_style='raw', verification_mode='off', finalization='answer_only'),solver_b:PromptSlots(reasoning_mode='stepwise', upstream_usage='summary', output_style='raw', verification_mode='off', finalization='answer_only')|planner>coder,reasoner>coder||parallel_vote|aggregator:researcher,solver_a:coder,solver_b:reasoner|aggregator:PromptSlots(reasoning_mode='direct', upstream_usage='summary', output_style='raw', verification_mode='light', finalization='answer_only'),solver_a:PromptSlots(reasoning_mode='stepwise', upstream_usage='summary', output_style='raw', verification_mode='off', finalization='answer_only'),solver_b:PromptSlots(reasoning_mode='stepwise', upstream_usage='summary', output_style='raw', verification_mode='off', finalization='answer_only')|coder>researcher,reasoner>researcher",1.0,1.0,1.0,1.0,sink_output,ce6d3ebc5a87,v4_4_code_bypass_stable_anchor,use_stage1_anchor,stage1+stage2,False,0,0
mbpp:363,1,31,phase3a,structure|parall,"structure|parallel_vote|aggregator:researcher,solver_a:planner,solver_b:reasoner|aggregator:PromptSlots(reasoning_mode='direct', upstream_usage='summary', output_style='raw', verification_mode='light', finalization='answer_only'),solver_a:PromptSlots(reasoning_mode='stepwise', upstream_usage='summary', output_style='raw', verification_mode='off', finalization='answer_only'),solver_b:PromptSlots(reasoning_mode='stepwise', upstream_usage='summary', output_style='raw', verification_mode='off', finalization='answer_only')|planner>researcher,reasoner>researcher||parallel_vote|aggregator:coder,solver_a:planner,solver_b:reasoner|aggregator:PromptSlots(reasoning_mode='direct', upstream_usage='summary', output_style='raw', verification_mode='light', finalization='answer_only'),solver_a:PromptSlots(reasoning_mode='stepwise', upstream_usage='summary', output_style='raw', verification_mode='off', finalization='answer_only'),solver_b:PromptSlots(reasoning_mode='stepwise', upstream_usage='summary', output_style='raw', verification_mode='off', finalization='answer_only')|planner>coder,reasoner>coder||parallel_vote|aggregator:researcher,solver_a:verifier,solver_b:reasoner|aggregator:PromptSlots(reasoning_mode='direct', upstream_usage='summary', output_style='raw', verification_mode='light', finalization='answer_only'),solver_a:PromptSlots(reasoning_mode='stepwise', upstream_usage='summary', output_style='raw', verification_mode='off', finalization='answer_only'),solver_b:PromptSlots(reasoning_mode='stepwise', upstream_usage='summary', output_style='raw', verification_mode='off', finalization='answer_only')|reasoner>researcher,verifier>researcher",1.0,1.0,1.0,1.0,sink_output,ce6d3ebc5a87,v4_4_code_bypass_stable_anchor,use_stage1_anchor,stage1+stage2,False,0,0
mbpp:365,2,32,phase2,structure|parall,"structure|parallel_vote|aggregator:coder,solver_a:summarizer,solver_b:reasoner|aggregator:PromptSlots(reasoning_mode='direct', upstream_usage='summary', output_style='raw', verification_mode='light', finalization='answer_only'),solver_a:PromptSlots(reasoning_mode='stepwise', upstream_usage='summary', output_style='raw', verification_mode='off', finalization='answer_only'),solver_b:PromptSlots(reasoning_mode='stepwise', upstream_usage='summary', output_style='raw', verification_mode='off', finalization='answer_only')|reasoner>coder,summarizer>coder||parallel_vote|aggregator:coder,solver_a:planner,solver_b:reasoner|aggregator:PromptSlots(reasoning_mode='direct', upstream_usage='summary', output_style='raw', verification_mode='light', finalization='answer_only'),solver_a:PromptSlots(reasoning_mode='stepwise', upstream_usage='summary', output_style='raw', verification_mode='off', finalization='answer_only'),solver_b:PromptSlots(reasoning_mode='stepwise', upstream_usage='summary', output_style='raw', verification_mode='off', finalization='answer_only')|planner>coder,reasoner>coder||parallel_vote|aggregator:math,solver_a:summarizer,solver_b:coder|aggregator:PromptSlots(reasoning_mode='direct', upstream_usage='summary', output_style='raw', verification_mode='light', finalization='answer_only'),solver_a:PromptSlots(reasoning_mode='stepwise', upstream_usage='summary', output_style='raw', verification_mode='off', finalization='answer_only'),solver_b:PromptSlots(reasoning_mode='stepwise', upstream_usage='summary', output_style='raw', verification_mode='off', finalization='answer_only')|coder>math,summarizer>math",1.0,1.0,1.0,1.0,sink_output,62d5804f0bab,v4_4_code_bypass_stable_anchor,use_stage1_anchor,stage1+stage2,False,0,0
mbpp:365,2,32,phase3a,structure|solve_,"structure|solve_verify|solver:coder,verifier:verifier|solver:PromptSlots(reasoning_mode='stepwise', upstream_usage='summary', output_style='raw', verification_mode='off', finalization='answer_only'),verifier:PromptSlots(reasoning_mode='direct', upstream_usage='summary', output_style='raw', verification_mode='strict', finalization='answer_only')|coder>verifier||parallel_vote|aggregator:planner,solver_a:coder,solver_b:reasoner|aggregator:PromptSlots(reasoning_mode='direct', upstream_usage='summary', output_style='raw', verification_mode='light', finalization='answer_only'),solver_a:PromptSlots(reasoning_mode='stepwise', upstream_usage='summary', output_style='raw', verification_mode='off', finalization='answer_only'),solver_b:PromptSlots(reasoning_mode='stepwise', upstream_usage='summary', output_style='raw', verification_mode='off', finalization='answer_only')|coder>planner,reasoner>planner||route_solve|aggregator:reasoner,router:planner,solver:coder|aggregator:PromptSlots(reasoning_mode='direct', upstream_usage='summary', output_style='raw', verification_mode='light', finalization='answer_only'),router:PromptSlots(reasoning_mode='direct', upstream_usage='summary', output_style='raw', verification_mode='light', finalization='answer_only'),solver:PromptSlots(reasoning_mode='stepwise', upstream_usage='summary', output_style='raw', verification_mode='off', finalization='answer_only')|coder>reasoner,planner>coder",1.0,1.0,1.0,1.0,sink_output,62d5804f0bab,v4_4_code_bypass_stable_anchor,use_stage1_anchor,stage1+stage2,False,0,0
mbpp:381,1,62,phase2,structure|critiq,"structure|critique_revise|critic:coder,generator:planner,reviser:summarizer|critic:PromptSlots(reasoning_mode='direct', upstream_usage='summary', output_style='raw', verification_mode='strict', finalization='answer_only'),generator:PromptSlots(reasoning_mode='stepwise', upstream_usage='summary', output_style='raw', verification_mode='off', finalization='answer_only'),reviser:PromptSlots(reasoning_mode='direct', upstream_usage='summary', output_style='raw', verification_mode='light', finalization='answer_only')|coder>summarizer,planner>coder,planner>summarizer||solve_verify|solver:planner,verifier:verifier|solver:PromptSlots(reasoning_mode='stepwise', upstream_usage='summary', output_style='raw', verification_mode='off', finalization='answer_only'),verifier:PromptSlots(reasoning_mode='direct', upstream_usage='summary', output_style='raw', verification_mode='strict', finalization='answer_only')|planner>verifier||solve_verify|solver:planner,verifier:coder|solver:PromptSlots(reasoning_mode='stepwise', upstream_usage='summary', output_style='raw', verification_mode='off', finalization='answer_only'),verifier:PromptSlots(reasoning_mode='direct', upstream_usage='summary', output_style='raw', verification_mode='strict', finalization='answer_only')|planner>coder",1.0,1.0,1.0,1.0,checker_approved_proposal,b14678ab2b7d,v4_4_code_bypass_stable_anchor,use_stage1_anchor,stage1+stage2,False,0,0
mbpp:381,1,62,phase3a,structure|critiq,"structure|critique_revise|critic:verifier,generator:planner,reviser:researcher|critic:PromptSlots(reasoning_mode='direct', upstream_usage='summary', output_style='raw', verification_mode='strict', finalization='answer_only'),generator:PromptSlots(reasoning_mode='stepwise', upstream_usage='summary', output_style='raw', verification_mode='off', finalization='answer_only'),reviser:PromptSlots(reasoning_mode='direct', upstream_usage='summary', output_style='raw', verification_mode='light', finalization='answer_only')|planner>researcher,planner>verifier,verifier>researcher||solve_verify|solver:coder,verifier:verifier|solver:PromptSlots(reasoning_mode='stepwise', upstream_usage='summary', output_style='raw', verification_mode='off', finalization='answer_only'),verifier:PromptSlots(reasoning_mode='direct', upstream_usage='summary', output_style='raw', verification_mode='strict', finalization='answer_only')|coder>verifier||critique_revise|critic:verifier,generator:coder,reviser:summarizer|critic:PromptSlots(reasoning_mode='direct', upstream_usage='summary', output_style='raw', verification_mode='strict', finalization='answer_only'),generator:PromptSlots(reasoning_mode='stepwise', upstream_usage='summary', output_style='raw', verification_mode='off', finalization='answer_only'),reviser:PromptSlots(reasoning_mode='direct', upstream_usage='summary', output_style='raw', verification_mode='light', finalization='answer_only')|coder>summarizer,coder>verifier,verifier>summarizer",1.0,1.0,1.0,1.0,sink_output,b14678ab2b7d,v4_4_code_bypass_stable_anchor,use_stage1_anchor,stage1+stage2,False,0,0
mbpp:389,2,13,phase2,structure|critiq,"structure|critique_revise|critic:verifier,generator:math,reviser:planner|critic:PromptSlots(reasoning_mode='direct', upstream_usage='summary', output_style='raw', verification_mode='strict', finalization='answer_only'),generator:PromptSlots(reasoning_mode='stepwise', upstream_usage='summary', output_style='raw', verification_mode='off', finalization='answer_only'),reviser:PromptSlots(reasoning_mode='direct', upstream_usage='summary', output_style='raw', verification_mode='light', finalization='answer_only')|math>planner,math>verifier,verifier>planner||critique_revise|critic:debater_a,generator:planner,reviser:verifier|critic:PromptSlots(reasoning_mode='direct', upstream_usage='summary', output_style='raw', verification_mode='strict', finalization='answer_only'),generator:PromptSlots(reasoning_mode='stepwise', upstream_usage='summary', output_style='raw', verification_mode='off', finalization='answer_only'),reviser:PromptSlots(reasoning_mode='direct', upstream_usage='summary', output_style='raw', verification_mode='light', finalization='answer_only')|debater_a>verifier,planner>debater_a,planner>verifier||critique_revise|critic:coder,generator:reasoner,reviser:summarizer|critic:PromptSlots(reasoning_mode='direct', upstream_usage='summary', output_style='raw', verification_mode='strict', finalization='answer_only'),generator:PromptSlots(reasoning_mode='stepwise', upstream_usage='summary', output_style='raw', verification_mode='off', finalization='answer_only'),reviser:PromptSlots(reasoning_mode='direct', upstream_usage='summary', output_style='raw', verification_mode='light', finalization='answer_only')|coder>summarizer,reasoner>coder,reasoner>summarizer",1.0,1.0,1.0,1.0,sink_output,57ea3a74be8f,v4_4_code_bypass_stable_anchor,use_stage1_anchor,stage1+stage2,False,0,0
mbpp:389,2,13,phase3a,structure|debate,"structure|debate_judge|debater_a:coder,debater_b:planner,judge:math|debater_a:PromptSlots(reasoning_mode='direct', upstream_usage='summary', output_style='raw', verification_mode='off', finalization='answer_only'),debater_b:PromptSlots(reasoning_mode='direct', upstream_usage='summary', output_style='raw', verification_mode='off', finalization='answer_only'),judge:PromptSlots(reasoning_mode='direct', upstream_usage='summary', output_style='raw', verification_mode='strict', finalization='answer_only')|coder>math,planner>math||debate_judge|debater_a:planner,debater_b:coder,judge:verifier|debater_a:PromptSlots(reasoning_mode='direct', upstream_usage='summary', output_style='raw', verification_mode='off', finalization='answer_only'),debater_b:PromptSlots(reasoning_mode='direct', upstream_usage='summary', output_style='raw', verification_mode='off', finalization='answer_only'),judge:PromptSlots(reasoning_mode='direct', upstream_usage='summary', output_style='raw', verification_mode='strict', finalization='answer_only')|coder>verifier,planner>verifier||solve_verify|solver:coder,verifier:verifier|solver:PromptSlots(reasoning_mode='stepwise', upstream_usage='summary', output_style='raw', verification_mode='off', finalization='answer_only'),verifier:PromptSlots(reasoning_mode='direct', upstream_usage='summary', output_style='raw', verification_mode='strict', finalization='answer_only')|coder>verifier",1.0,1.0,1.0,1.0,stage1,50111e0640e8,v4_4_code_bypass_stable_anchor,use_stage1_anchor,stage1,False,0,0
mbpp:39,0,48,phase2,structure|parall,"structure|parallel_vote|aggregator:researcher,solver_a:math,solver_b:reasoner|aggregator:PromptSlots(reasoning_mode='direct', upstream_usage='summary', output_style='raw', verification_mode='light', finalization='answer_only'),solver_a:PromptSlots(reasoning_mode='stepwise', upstream_usage='summary', output_style='raw', verification_mode='off', finalization='answer_only'),solver_b:PromptSlots(reasoning_mode='stepwise', upstream_usage='summary', output_style='raw', verification_mode='off', finalization='answer_only')|math>researcher,reasoner>researcher||critique_revise|critic:verifier,generator:planner,reviser:summarizer|critic:PromptSlots(reasoning_mode='direct', upstream_usage='summary', output_style='raw', verification_mode='strict', finalization='answer_only'),generator:PromptSlots(reasoning_mode='stepwise', upstream_usage='summary', output_style='raw', verification_mode='off', finalization='answer_only'),reviser:PromptSlots(reasoning_mode='direct', upstream_usage='summary', output_style='raw', verification_mode='light', finalization='answer_only')|planner>summarizer,planner>verifier,verifier>summarizer||route_solve|aggregator:verifier,router:planner,solver:coder|aggregator:PromptSlots(reasoning_mode='direct', upstream_usage='summary', output_style='raw', verification_mode='light', finalization='answer_only'),router:PromptSlots(reasoning_mode='direct', upstream_usage='summary', output_style='raw', verification_mode='light', finalization='answer_only'),solver:PromptSlots(reasoning_mode='stepwise', upstream_usage='summary', output_style='raw', verification_mode='off', finalization='answer_only')|coder>verifier,planner>coder",1.0,1.0,1.0,1.0,stage1,b4b047cbcc8e,v4_4_code_bypass_stable_anchor,use_stage1_anchor,stage1,False,0,0
mbpp:39,0,48,phase3a,structure|debate,"structure|debate_judge|debater_a:coder,debater_b:planner,judge:verifier|debater_a:PromptSlots(reasoning_mode='direct', upstream_usage='summary', output_style='raw', verification_mode='off', finalization='answer_only'),debater_b:PromptSlots(reasoning_mode='direct', upstream_usage='summary', output_style='raw', verification_mode='off', finalization='answer_only'),judge:PromptSlots(reasoning_mode='direct', upstream_usage='summary', output_style='raw', verification_mode='strict', finalization='answer_only')|coder>verifier,planner>verifier||critique_revise|critic:verifier,generator:coder,reviser:summarizer|critic:PromptSlots(reasoning_mode='direct', upstream_usage='summary', output_style='raw', verification_mode='strict', finalization='answer_only'),generator:PromptSlots(reasoning_mode='stepwise', upstream_usage='summary', output_style='raw', verification_mode='off', finalization='answer_only'),reviser:PromptSlots(reasoning_mode='direct', upstream_usage='summary', output_style='raw', verification_mode='light', finalization='answer_only')|coder>summarizer,coder>verifier,verifier>summarizer||critique_revise|critic:verifier,generator:coder,reviser:researcher|critic:PromptSlots(reasoning_mode='direct', upstream_usage='summary', output_style='raw', verification_mode='strict', finalization='answer_only'),generator:PromptSlots(reasoning_mode='stepwise', upstream_usage='summary', output_style='raw', verification_mode='off', finalization='answer_only'),reviser:PromptSlots(reasoning_mode='direct', upstream_usage='summary', output_style='raw', verification_mode='light', finalization='answer_only')|coder>researcher,coder>verifier,verifier>researcher",1.0,1.0,1.0,1.0,stage1,96ccd1907122,v4_4_code_bypass_stable_anchor,use_stage1_anchor,stage1,False,0,0
mbpp:398,0,0,phase2,structure|critiq,"structure|critique_revise|critic:verifier,generator:planner,reviser:debater_a|critic:PromptSlots(reasoning_mode='direct', upstream_usage='summary', output_style='raw', verification_mode='strict', finalization='answer_only'),generator:PromptSlots(reasoning_mode='stepwise', upstream_usage='summary', output_style='raw', verification_mode='off', finalization='answer_only'),reviser:PromptSlots(reasoning_mode='direct', upstream_usage='summary', output_style='raw', verification_mode='light', finalization='answer_only')|planner>debater_a,planner>verifier,verifier>debater_a||solve_verify|solver:planner,verifier:verifier|solver:PromptSlots(reasoning_mode='stepwise', upstream_usage='summary', output_style='raw', verification_mode='off', finalization='answer_only'),verifier:PromptSlots(reasoning_mode='direct', upstream_usage='summary', output_style='raw', verification_mode='strict', finalization='answer_only')|planner>verifier||critique_revise|critic:coder,generator:math,reviser:summarizer|critic:PromptSlots(reasoning_mode='direct', upstream_usage='summary', output_style='raw', verification_mode='strict', finalization='answer_only'),generator:PromptSlots(reasoning_mode='stepwise', upstream_usage='summary', output_style='raw', verification_mode='off', finalization='answer_only'),reviser:PromptSlots(reasoning_mode='direct', upstream_usage='summary', output_style='raw', verification_mode='light', finalization='answer_only')|coder>summarizer,math>coder,math>summarizer",1.0,1.0,1.0,1.0,stage1,888b7607322c,v4_4_code_bypass_stable_anchor,use_stage1_anchor,stage1,False,0,0
mbpp:398,0,0,phase3a,structure|critiq,"structure|critique_revise|critic:verifier,generator:skeptic,reviser:coder|critic:PromptSlots(reasoning_mode='direct', upstream_usage='summary', output_style='raw', verification_mode='strict', finalization='answer_only'),generator:PromptSlots(reasoning_mode='stepwise', upstream_usage='summary', output_style='raw', verification_mode='off', finalization='answer_only'),reviser:PromptSlots(reasoning_mode='direct', upstream_usage='summary', output_style='raw', verification_mode='light', finalization='answer_only')|skeptic>coder,skeptic>verifier,verifier>coder||critique_revise|critic:coder,generator:planner,reviser:math|critic:PromptSlots(reasoning_mode='direct', upstream_usage='summary', output_style='raw', verification_mode='strict', finalization='answer_only'),generator:PromptSlots(reasoning_mode='stepwise', upstream_usage='summary', output_style='raw', verification_mode='off', finalization='answer_only'),reviser:PromptSlots(reasoning_mode='direct', upstream_usage='summary', output_style='raw', verification_mode='light', finalization='answer_only')|coder>math,planner>coder,planner>math||critique_revise|critic:coder,generator:math,reviser:summarizer|critic:PromptSlots(reasoning_mode='direct', upstream_usage='summary', output_style='raw', verification_mode='strict', finalization='answer_only'),generator:PromptSlots(reasoning_mode='stepwise', upstream_usage='summary', output_style='raw', verification_mode='off', finalization='answer_only'),reviser:PromptSlots(reasoning_mode='direct', upstream_usage='summary', output_style='raw', verification_mode='light', finalization='answer_only')|coder>summarizer,math>coder,math>summarizer",1.0,1.0,1.0,1.0,stage1,14523fd7df75,v4_4_code_bypass_stable_anchor,use_stage1_anchor,stage1,False,0,0
mbpp:405,1,49,phase2,structure|solve_,"structure|solve_verify|solver:planner,verifier:researcher|solver:PromptSlots(reasoning_mode='stepwise', upstream_usage='summary', output_style='raw', verification_mode='off', finalization='answer_only'),verifier:PromptSlots(reasoning_mode='direct', upstream_usage='summary', output_style='raw', verification_mode='strict', finalization='answer_only')|planner>researcher||route_solve|aggregator:researcher,router:planner,solver:coder|aggregator:PromptSlots(reasoning_mode='direct', upstream_usage='summary', output_style='raw', verification_mode='light', finalization='answer_only'),router:PromptSlots(reasoning_mode='direct', upstream_usage='summary', output_style='raw', verification_mode='light', finalization='answer_only'),solver:PromptSlots(reasoning_mode='stepwise', upstream_usage='summary', output_style='raw', verification_mode='off', finalization='answer_only')|coder>researcher,planner>coder||debate_judge|debater_a:coder,debater_b:reasoner,judge:verifier|debater_a:PromptSlots(reasoning_mode='direct', upstream_usage='summary', output_style='raw', verification_mode='off', finalization='answer_only'),debater_b:PromptSlots(reasoning_mode='direct', upstream_usage='summary', output_style='raw', verification_mode='off', finalization='answer_only'),judge:PromptSlots(reasoning_mode='direct', upstream_usage='summary', output_style='raw', verification_mode='strict', finalization='answer_only')|coder>verifier,reasoner>verifier",1.0,1.0,1.0,1.0,sink_output,929ce2e8a990,v4_4_code_bypass_stable_anchor,use_stage1_anchor,stage1+stage2,False,0,0
mbpp:405,1,49,phase3a,structure|critiq,"structure|critique_revise|critic:coder,generator:planner,reviser:researcher|critic:PromptSlots(reasoning_mode='direct', upstream_usage='summary', output_style='raw', verification_mode='strict', finalization='answer_only'),generator:PromptSlots(reasoning_mode='stepwise', upstream_usage='summary', output_style='raw', verification_mode='off', finalization='answer_only'),reviser:PromptSlots(reasoning_mode='direct', upstream_usage='summary', output_style='raw', verification_mode='light', finalization='answer_only')|coder>researcher,planner>coder,planner>researcher||solve_verify|solver:coder,verifier:verifier|solver:PromptSlots(reasoning_mode='stepwise', upstream_usage='summary', output_style='raw', verification_mode='off', finalization='answer_only'),verifier:PromptSlots(reasoning_mode='direct', upstream_usage='summary', output_style='raw', verification_mode='strict', finalization='answer_only')|coder>verifier||critique_revise|critic:verifier,generator:coder,reviser:summarizer|critic:PromptSlots(reasoning_mode='direct', upstream_usage='summary', output_style='raw', verification_mode='strict', finalization='answer_only'),generator:PromptSlots(reasoning_mode='stepwise', upstream_usage='summary', output_style='raw', verification_mode='off', finalization='answer_only'),reviser:PromptSlots(reasoning_mode='direct', upstream_usage='summary', output_style='raw', verification_mode='light', finalization='answer_only')|coder>summarizer,coder>verifier,verifier>summarizer",1.0,1.0,1.0,1.0,checker_approved_proposal,929ce2e8a990,v4_4_code_bypass_stable_anchor,use_stage1_anchor,stage1+stage2,False,0,0
mbpp:419,2,11,phase2,structure|critiq,"structure|critique_revise|critic:verifier,generator:planner,reviser:coder|critic:PromptSlots(reasoning_mode='direct', upstream_usage='summary', output_style='raw', verification_mode='strict', finalization='answer_only'),generator:PromptSlots(reasoning_mode='stepwise', upstream_usage='summary', output_style='raw', verification_mode='off', finalization='answer_only'),reviser:PromptSlots(reasoning_mode='direct', upstream_usage='summary', output_style='raw', verification_mode='light', finalization='answer_only')|planner>coder,planner>verifier,verifier>coder||solve_verify|solver:planner,verifier:verifier|solver:PromptSlots(reasoning_mode='stepwise', upstream_usage='summary', output_style='raw', verification_mode='off', finalization='answer_only'),verifier:PromptSlots(reasoning_mode='direct', upstream_usage='summary', output_style='raw', verification_mode='strict', finalization='answer_only')|planner>verifier||route_solve|aggregator:skeptic,router:planner,solver:coder|aggregator:PromptSlots(reasoning_mode='direct', upstream_usage='summary', output_style='raw', verification_mode='light', finalization='answer_only'),router:PromptSlots(reasoning_mode='direct', upstream_usage='summary', output_style='raw', verification_mode='light', finalization='answer_only'),solver:PromptSlots(reasoning_mode='stepwise', upstream_usage='summary', output_style='raw', verification_mode='off', finalization='answer_only')|coder>skeptic,planner>coder",1.0,1.0,1.0,1.0,stage1,374b0b0798dd,v4_4_code_bypass_stable_anchor,use_stage1_anchor,stage1,False,0,0
mbpp:419,2,11,phase3a,structure|parall,"structure|parallel_vote|aggregator:debater_a,solver_a:planner,solver_b:reasoner|aggregator:PromptSlots(reasoning_mode='direct', upstream_usage='summary', output_style='raw', verification_mode='light', finalization='answer_only'),solver_a:PromptSlots(reasoning_mode='stepwise', upstream_usage='summary', output_style='raw', verification_mode='off', finalization='answer_only'),solver_b:PromptSlots(reasoning_mode='stepwise', upstream_usage='summary', output_style='raw', verification_mode='off', finalization='answer_only')|planner>debater_a,reasoner>debater_a||solve_verify|solver:planner,verifier:verifier|solver:PromptSlots(reasoning_mode='stepwise', upstream_usage='summary', output_style='raw', verification_mode='off', finalization='answer_only'),verifier:PromptSlots(reasoning_mode='direct', upstream_usage='summary', output_style='raw', verification_mode='strict', finalization='answer_only')|planner>verifier||parallel_vote|aggregator:coder,solver_a:planner,solver_b:reasoner|aggregator:PromptSlots(reasoning_mode='direct', upstream_usage='summary', output_style='raw', verification_mode='light', finalization='answer_only'),solver_a:PromptSlots(reasoning_mode='stepwise', upstream_usage='summary', output_style='raw', verification_mode='off', finalization='answer_only'),solver_b:PromptSlots(reasoning_mode='stepwise', upstream_usage='summary', output_style='raw', verification_mode='off', finalization='answer_only')|planner>coder,reasoner>coder",1.0,1.0,1.0,1.0,checker_approved_proposal,8533cea4d452,v4_4_code_bypass_stable_anchor,use_stage1_anchor,stage1+stage2,False,0,0
mbpp:441,2,36,phase2,structure|parall,"structure|parallel_vote|aggregator:math,solver_a:planner,solver_b:reasoner|aggregator:PromptSlots(reasoning_mode='direct', upstream_usage='summary', output_style='raw', verification_mode='light', finalization='answer_only'),solver_a:PromptSlots(reasoning_mode='stepwise', upstream_usage='summary', output_style='raw', verification_mode='off', finalization='answer_only'),solver_b:PromptSlots(reasoning_mode='stepwise', upstream_usage='summary', output_style='raw', verification_mode='off', finalization='answer_only')|planner>math,reasoner>math||solve_verify|solver:planner,verifier:verifier|solver:PromptSlots(reasoning_mode='stepwise', upstream_usage='summary', output_style='raw', verification_mode='off', finalization='answer_only'),verifier:PromptSlots(reasoning_mode='direct', upstream_usage='summary', output_style='raw', verification_mode='strict', finalization='answer_only')|planner>verifier||parallel_vote|aggregator:coder,solver_a:planner,solver_b:reasoner|aggregator:PromptSlots(reasoning_mode='direct', upstream_usage='summary', output_style='raw', verification_mode='light', finalization='answer_only'),solver_a:PromptSlots(reasoning_mode='stepwise', upstream_usage='summary', output_style='raw', verification_mode='off', finalization='answer_only'),solver_b:PromptSlots(reasoning_mode='stepwise', upstream_usage='summary', output_style='raw', verification_mode='off', finalization='answer_only')|planner>coder,reasoner>coder",1.0,1.0,1.0,1.0,stage1,ab8c9e1b7a25,v4_4_code_bypass_stable_anchor,use_stage1_anchor,stage1,False,0,0
mbpp:441,2,36,phase3a,structure|solve_,"structure|solve_verify|solver:planner,verifier:verifier|solver:PromptSlots(reasoning_mode='stepwise', upstream_usage='summary', output_style='raw', verification_mode='off', finalization='answer_only'),verifier:PromptSlots(reasoning_mode='direct', upstream_usage='summary', output_style='raw', verification_mode='strict', finalization='answer_only')|planner>verifier||route_solve|aggregator:debater_a,router:planner,solver:coder|aggregator:PromptSlots(reasoning_mode='direct', upstream_usage='summary', output_style='raw', verification_mode='light', finalization='answer_only'),router:PromptSlots(reasoning_mode='direct', upstream_usage='summary', output_style='raw', verification_mode='light', finalization='answer_only'),solver:PromptSlots(reasoning_mode='stepwise', upstream_usage='summary', output_style='raw', verification_mode='off', finalization='answer_only')|coder>debater_a,planner>coder||solve_verify|solver:planner,verifier:coder|solver:PromptSlots(reasoning_mode='stepwise', upstream_usage='summary', output_style='raw', verification_mode='off', finalization='answer_only'),verifier:PromptSlots(reasoning_mode='direct', upstream_usage='summary', output_style='raw', verification_mode='strict', finalization='answer_only')|planner>coder",1.0,1.0,1.0,1.0,stage1,61e6ac4064b7,v4_4_code_bypass_stable_anchor,use_stage1_anchor,stage1,False,0,0
mbpp:445,2,35,phase2,structure|critiq,"structure|critique_revise|critic:coder,generator:math,reviser:planner|critic:PromptSlots(reasoning_mode='direct', upstream_usage='summary', output_style='raw', verification_mode='strict', finalization='answer_only'),generator:PromptSlots(reasoning_mode='stepwise', upstream_usage='summary', output_style='raw', verification_mode='off', finalization='answer_only'),reviser:PromptSlots(reasoning_mode='direct', upstream_usage='summary', output_style='raw', verification_mode='light', finalization='answer_only')|coder>planner,math>coder,math>planner||critique_revise|critic:verifier,generator:planner,reviser:coder|critic:PromptSlots(reasoning_mode='direct', upstream_usage='summary', output_style='raw', verification_mode='strict', finalization='answer_only'),generator:PromptSlots(reasoning_mode='stepwise', upstream_usage='summary', output_style='raw', verification_mode='off', finalization='answer_only'),reviser:PromptSlots(reasoning_mode='direct', upstream_usage='summary', output_style='raw', verification_mode='light', finalization='answer_only')|planner>coder,planner>verifier,verifier>coder||critique_revise|critic:verifier,generator:coder,reviser:researcher|critic:PromptSlots(reasoning_mode='direct', upstream_usage='summary', output_style='raw', verification_mode='strict', finalization='answer_only'),generator:PromptSlots(reasoning_mode='stepwise', upstream_usage='summary', output_style='raw', verification_mode='off', finalization='answer_only'),reviser:PromptSlots(reasoning_mode='direct', upstream_usage='summary', output_style='raw', verification_mode='light', finalization='answer_only')|coder>researcher,coder>verifier,verifier>researcher",1.0,1.0,1.0,1.0,stage1,9ebbc3718320,v4_4_code_bypass_stable_anchor,use_stage1_anchor,stage1,False,0,0
mbpp:445,2,35,phase3a,structure|critiq,"structure|critique_revise|critic:verifier,generator:planner,reviser:coder|critic:PromptSlots(reasoning_mode='direct', upstream_usage='summary', output_style='raw', verification_mode='strict', finalization='answer_only'),generator:PromptSlots(reasoning_mode='stepwise', upstream_usage='summary', output_style='raw', verification_mode='off', finalization='answer_only'),reviser:PromptSlots(reasoning_mode='direct', upstream_usage='summary', output_style='raw', verification_mode='light', finalization='answer_only')|planner>coder,planner>verifier,verifier>coder||critique_revise|critic:coder,generator:math,reviser:planner|critic:PromptSlots(reasoning_mode='direct', upstream_usage='summary', output_style='raw', verification_mode='strict', finalization='answer_only'),generator:PromptSlots(reasoning_mode='stepwise', upstream_usage='summary', output_style='raw', verification_mode='off', finalization='answer_only'),reviser:PromptSlots(reasoning_mode='direct', upstream_usage='summary', output_style='raw', verification_mode='light', finalization='answer_only')|coder>planner,math>coder,math>planner||critique_revise|critic:coder,generator:planner,reviser:summarizer|critic:PromptSlots(reasoning_mode='direct', upstream_usage='summary', output_style='raw', verification_mode='strict', finalization='answer_only'),generator:PromptSlots(reasoning_mode='stepwise', upstream_usage='summary', output_style='raw', verification_mode='off', finalization='answer_only'),reviser:PromptSlots(reasoning_mode='direct', upstream_usage='summary', output_style='raw', verification_mode='light', finalization='answer_only')|coder>summarizer,planner>coder,planner>summarizer",1.0,1.0,1.0,1.0,stage1,474b1dd82d8e,v4_4_code_bypass_stable_anchor,use_stage1_anchor,stage1,False,0,0
mbpp:451,2,57,phase2,structure|critiq,"structure|critique_revise|critic:coder,generator:reasoner,reviser:planner|critic:PromptSlots(reasoning_mode='direct', upstream_usage='summary', output_style='raw', verification_mode='strict', finalization='answer_only'),generator:PromptSlots(reasoning_mode='stepwise', upstream_usage='summary', output_style='raw', verification_mode='off', finalization='answer_only'),reviser:PromptSlots(reasoning_mode='direct', upstream_usage='summary', output_style='raw', verification_mode='light', finalization='answer_only')|coder>planner,reasoner>coder,reasoner>planner||solve_verify|solver:coder,verifier:verifier|solver:PromptSlots(reasoning_mode='stepwise', upstream_usage='summary', output_style='raw', verification_mode='off', finalization='answer_only'),verifier:PromptSlots(reasoning_mode='direct', upstream_usage='summary', output_style='raw', verification_mode='strict', finalization='answer_only')|coder>verifier||critique_revise|critic:verifier,generator:planner,reviser:coder|critic:PromptSlots(reasoning_mode='direct', upstream_usage='summary', output_style='raw', verification_mode='strict', finalization='answer_only'),generator:PromptSlots(reasoning_mode='stepwise', upstream_usage='summary', output_style='raw', verification_mode='off', finalization='answer_only'),reviser:PromptSlots(reasoning_mode='direct', upstream_usage='summary', output_style='raw', verification_mode='light', finalization='answer_only')|planner>coder,planner>verifier,verifier>coder",1.0,1.0,1.0,1.0,sink_output,f301100f2016,v4_4_code_bypass_stable_anchor,use_stage1_anchor,stage1+stage2,False,0,0
mbpp:451,2,57,phase3a,structure|parall,"structure|parallel_vote|aggregator:coder,solver_a:planner,solver_b:reasoner|aggregator:PromptSlots(reasoning_mode='direct', upstream_usage='summary', output_style='raw', verification_mode='light', finalization='answer_only'),solver_a:PromptSlots(reasoning_mode='stepwise', upstream_usage='summary', output_style='raw', verification_mode='off', finalization='answer_only'),solver_b:PromptSlots(reasoning_mode='stepwise', upstream_usage='summary', output_style='raw', verification_mode='off', finalization='answer_only')|planner>coder,reasoner>coder||parallel_vote|aggregator:verifier,solver_a:coder,solver_b:reasoner|aggregator:PromptSlots(reasoning_mode='direct', upstream_usage='summary', output_style='raw', verification_mode='light', finalization='answer_only'),solver_a:PromptSlots(reasoning_mode='stepwise', upstream_usage='summary', output_style='raw', verification_mode='off', finalization='answer_only'),solver_b:PromptSlots(reasoning_mode='stepwise', upstream_usage='summary', output_style='raw', verification_mode='off', finalization='answer_only')|coder>verifier,reasoner>verifier||critique_revise|critic:verifier,generator:reasoner,reviser:summarizer|critic:PromptSlots(reasoning_mode='direct', upstream_usage='summary', output_style='raw', verification_mode='strict', finalization='answer_only'),generator:PromptSlots(reasoning_mode='stepwise', upstream_usage='summary', output_style='raw', verification_mode='off', finalization='answer_only'),reviser:PromptSlots(reasoning_mode='direct', upstream_usage='summary', output_style='raw', verification_mode='light', finalization='answer_only')|reasoner>summarizer,reasoner>verifier,verifier>summarizer",1.0,1.0,1.0,1.0,sink_output,f301100f2016,v4_4_code_bypass_stable_anchor,use_stage1_anchor,stage1+stage2,False,0,0
mbpp:454,1,34,phase2,structure|critiq,"structure|critique_revise|critic:coder,generator:verifier,reviser:summarizer|critic:PromptSlots(reasoning_mode='direct', upstream_usage='summary', output_style='raw', verification_mode='strict', finalization='answer_only'),generator:PromptSlots(reasoning_mode='stepwise', upstream_usage='summary', output_style='raw', verification_mode='off', finalization='answer_only'),reviser:PromptSlots(reasoning_mode='direct', upstream_usage='summary', output_style='raw', verification_mode='light', finalization='answer_only')|coder>summarizer,verifier>coder,verifier>summarizer||critique_revise|critic:verifier,generator:debater_a,reviser:planner|critic:PromptSlots(reasoning_mode='direct', upstream_usage='summary', output_style='raw', verification_mode='strict', finalization='answer_only'),generator:PromptSlots(reasoning_mode='stepwise', upstream_usage='summary', output_style='raw', verification_mode='off', finalization='answer_only'),reviser:PromptSlots(reasoning_mode='direct', upstream_usage='summary', output_style='raw', verification_mode='light', finalization='answer_only')|debater_a>planner,debater_a>verifier,verifier>planner||critique_revise|critic:verifier,generator:planner,reviser:math|critic:PromptSlots(reasoning_mode='direct', upstream_usage='summary', output_style='raw', verification_mode='strict', finalization='answer_only'),generator:PromptSlots(reasoning_mode='stepwise', upstream_usage='summary', output_style='raw', verification_mode='off', finalization='answer_only'),reviser:PromptSlots(reasoning_mode='direct', upstream_usage='summary', output_style='raw', verification_mode='light', finalization='answer_only')|planner>math,planner>verifier,verifier>math",0.0,1.0,0.76,1.0,recovery_output,fe0e959abe9a,v4_4_code_reinsert_recollapse,use_stage2_protocol,code_repair_branch,True,2,1
mbpp:454,1,34,phase3a,structure|critiq,"structure|critique_revise|critic:coder,generator:planner,reviser:debater_a|critic:PromptSlots(reasoning_mode='direct', upstream_usage='summary', output_style='raw', verification_mode='strict', finalization='answer_only'),generator:PromptSlots(reasoning_mode='stepwise', upstream_usage='summary', output_style='raw', verification_mode='off', finalization='answer_only'),reviser:PromptSlots(reasoning_mode='direct', upstream_usage='summary', output_style='raw', verification_mode='light', finalization='answer_only')|coder>debater_a,planner>coder,planner>debater_a||critique_revise|critic:verifier,generator:debater_a,reviser:coder|critic:PromptSlots(reasoning_mode='direct', upstream_usage='summary', output_style='raw', verification_mode='strict', finalization='answer_only'),generator:PromptSlots(reasoning_mode='stepwise', upstream_usage='summary', output_style='raw', verification_mode='off', finalization='answer_only'),reviser:PromptSlots(reasoning_mode='direct', upstream_usage='summary', output_style='raw', verification_mode='light', finalization='answer_only')|debater_a>coder,debater_a>verifier,verifier>coder||critique_revise|critic:verifier,generator:math,reviser:planner|critic:PromptSlots(reasoning_mode='direct', upstream_usage='summary', output_style='raw', verification_mode='strict', finalization='answer_only'),generator:PromptSlots(reasoning_mode='stepwise', upstream_usage='summary', output_style='raw', verification_mode='off', finalization='answer_only'),reviser:PromptSlots(reasoning_mode='direct', upstream_usage='summary', output_style='raw', verification_mode='light', finalization='answer_only')|math>planner,math>verifier,verifier>planner",0.0,1.0,0.76,1.0,recovery_output,fe0e959abe9a,v4_4_code_reinsert_recollapse,use_stage2_protocol,code_repair_branch,True,2,1
mbpp:455,0,21,phase2,structure|critiq,"structure|critique_revise|critic:verifier,generator:planner,reviser:coder|critic:PromptSlots(reasoning_mode='direct', upstream_usage='summary', output_style='raw', verification_mode='strict', finalization='answer_only'),generator:PromptSlots(reasoning_mode='stepwise', upstream_usage='summary', output_style='raw', verification_mode='off', finalization='answer_only'),reviser:PromptSlots(reasoning_mode='direct', upstream_usage='summary', output_style='raw', verification_mode='light', finalization='answer_only')|planner>coder,planner>verifier,verifier>coder||critique_revise|critic:coder,generator:math,reviser:planner|critic:PromptSlots(reasoning_mode='direct', upstream_usage='summary', output_style='raw', verification_mode='strict', finalization='answer_only'),generator:PromptSlots(reasoning_mode='stepwise', upstream_usage='summary', output_style='raw', verification_mode='off', finalization='answer_only'),reviser:PromptSlots(reasoning_mode='direct', upstream_usage='summary', output_style='raw', verification_mode='light', finalization='answer_only')|coder>planner,math>coder,math>planner||critique_revise|critic:coder,generator:verifier,reviser:reasoner|critic:PromptSlots(reasoning_mode='direct', upstream_usage='summary', output_style='raw', verification_mode='strict', finalization='answer_only'),generator:PromptSlots(reasoning_mode='stepwise', upstream_usage='summary', output_style='raw', verification_mode='off', finalization='answer_only'),reviser:PromptSlots(reasoning_mode='direct', upstream_usage='summary', output_style='raw', verification_mode='light', finalization='answer_only')|coder>reasoner,verifier>coder,verifier>reasoner",1.0,1.0,1.0,1.0,sink_output,2034050f0019,v4_4_code_bypass_stable_anchor,use_stage1_anchor,stage1+stage2,False,0,0
mbpp:455,0,21,phase3a,structure|critiq,"structure|critique_revise|critic:coder,generator:planner,reviser:reasoner|critic:PromptSlots(reasoning_mode='direct', upstream_usage='summary', output_style='raw', verification_mode='strict', finalization='answer_only'),generator:PromptSlots(reasoning_mode='stepwise', upstream_usage='summary', output_style='raw', verification_mode='off', finalization='answer_only'),reviser:PromptSlots(reasoning_mode='direct', upstream_usage='summary', output_style='raw', verification_mode='light', finalization='answer_only')|coder>reasoner,planner>coder,planner>reasoner||solve_verify|solver:planner,verifier:verifier|solver:PromptSlots(reasoning_mode='stepwise', upstream_usage='summary', output_style='raw', verification_mode='off', finalization='answer_only'),verifier:PromptSlots(reasoning_mode='direct', upstream_usage='summary', output_style='raw', verification_mode='strict', finalization='answer_only')|planner>verifier||critique_revise|critic:coder,generator:verifier,reviser:reasoner|critic:PromptSlots(reasoning_mode='direct', upstream_usage='summary', output_style='raw', verification_mode='strict', finalization='answer_only'),generator:PromptSlots(reasoning_mode='stepwise', upstream_usage='summary', output_style='raw', verification_mode='off', finalization='answer_only'),reviser:PromptSlots(reasoning_mode='direct', upstream_usage='summary', output_style='raw', verification_mode='light', finalization='answer_only')|coder>reasoner,verifier>coder,verifier>reasoner",1.0,1.0,1.0,1.0,checker_approved_proposal,82930f975527,v4_4_code_bypass_stable_anchor,use_stage1_anchor,stage1+stage2,False,0,0
mbpp:46,1,36,phase2,structure|route_,"structure|route_solve|aggregator:summarizer,router:planner,solver:coder|aggregator:PromptSlots(reasoning_mode='direct', upstream_usage='summary', output_style='raw', verification_mode='light', finalization='answer_only'),router:PromptSlots(reasoning_mode='direct', upstream_usage='summary', output_style='raw', verification_mode='light', finalization='answer_only'),solver:PromptSlots(reasoning_mode='stepwise', upstream_usage='summary', output_style='raw', verification_mode='off', finalization='answer_only')|coder>summarizer,planner>coder||solve_verify|solver:planner,verifier:verifier|solver:PromptSlots(reasoning_mode='stepwise', upstream_usage='summary', output_style='raw', verification_mode='off', finalization='answer_only'),verifier:PromptSlots(reasoning_mode='direct', upstream_usage='summary', output_style='raw', verification_mode='strict', finalization='answer_only')|planner>verifier||route_solve|aggregator:summarizer,router:math,solver:coder|aggregator:PromptSlots(reasoning_mode='direct', upstream_usage='summary', output_style='raw', verification_mode='light', finalization='answer_only'),router:PromptSlots(reasoning_mode='direct', upstream_usage='summary', output_style='raw', verification_mode='light', finalization='answer_only'),solver:PromptSlots(reasoning_mode='stepwise', upstream_usage='summary', output_style='raw', verification_mode='off', finalization='answer_only')|coder>summarizer,math>coder",1.0,1.0,1.0,1.0,sink_output,6d90b9a3b091,v4_4_code_bypass_stable_anchor,use_stage1_anchor,stage1+stage2,False,0,0
mbpp:46,1,36,phase3a,structure|solve_,"structure|solve_verify|solver:planner,verifier:debater_b|solver:PromptSlots(reasoning_mode='stepwise', upstream_usage='summary', output_style='raw', verification_mode='off', finalization='answer_only'),verifier:PromptSlots(reasoning_mode='direct', upstream_usage='summary', output_style='raw', verification_mode='strict', finalization='answer_only')|planner>debater_b||route_solve|aggregator:math,router:planner,solver:coder|aggregator:PromptSlots(reasoning_mode='direct', upstream_usage='summary', output_style='raw', verification_mode='light', finalization='answer_only'),router:PromptSlots(reasoning_mode='direct', upstream_usage='summary', output_style='raw', verification_mode='light', finalization='answer_only'),solver:PromptSlots(reasoning_mode='stepwise', upstream_usage='summary', output_style='raw', verification_mode='off', finalization='answer_only')|coder>math,planner>coder||debate_judge|debater_a:coder,debater_b:reasoner,judge:verifier|debater_a:PromptSlots(reasoning_mode='direct', upstream_usage='summary', output_style='raw', verification_mode='off', finalization='answer_only'),debater_b:PromptSlots(reasoning_mode='direct', upstream_usage='summary', output_style='raw', verification_mode='off', finalization='answer_only'),judge:PromptSlots(reasoning_mode='direct', upstream_usage='summary', output_style='raw', verification_mode='strict', finalization='answer_only')|coder>verifier,reasoner>verifier",1.0,1.0,1.0,1.0,sink_output,6d90b9a3b091,v4_4_code_bypass_stable_anchor,use_stage1_anchor,stage1+stage2,False,0,0
mbpp:461,0,23,phase2,structure|parall,"structure|parallel_vote|aggregator:coder,solver_a:planner,solver_b:reasoner|aggregator:PromptSlots(reasoning_mode='direct', upstream_usage='summary', output_style='raw', verification_mode='light', finalization='answer_only'),solver_a:PromptSlots(reasoning_mode='stepwise', upstream_usage='summary', output_style='raw', verification_mode='off', finalization='answer_only'),solver_b:PromptSlots(reasoning_mode='stepwise', upstream_usage='summary', output_style='raw', verification_mode='off', finalization='answer_only')|planner>coder,reasoner>coder||route_solve|aggregator:verifier,router:planner,solver:coder|aggregator:PromptSlots(reasoning_mode='direct', upstream_usage='summary', output_style='raw', verification_mode='light', finalization='answer_only'),router:PromptSlots(reasoning_mode='direct', upstream_usage='summary', output_style='raw', verification_mode='light', finalization='answer_only'),solver:PromptSlots(reasoning_mode='stepwise', upstream_usage='summary', output_style='raw', verification_mode='off', finalization='answer_only')|coder>verifier,planner>coder||parallel_vote|aggregator:verifier,solver_a:planner,solver_b:coder|aggregator:PromptSlots(reasoning_mode='direct', upstream_usage='summary', output_style='raw', verification_mode='light', finalization='answer_only'),solver_a:PromptSlots(reasoning_mode='stepwise', upstream_usage='summary', output_style='raw', verification_mode='off', finalization='answer_only'),solver_b:PromptSlots(reasoning_mode='stepwise', upstream_usage='summary', output_style='raw', verification_mode='off', finalization='answer_only')|coder>verifier,planner>verifier",0.0,0.0,0.52,0.52,stage1_anchor,337a1f25d64c,v4_4_code_anchor_guard_preserve,use_stage1_anchor,stage1,False,3,1
mbpp:461,0,23,phase3a,structure|route_,"structure|route_solve|aggregator:debater_a,router:reasoner,solver:coder|aggregator:PromptSlots(reasoning_mode='direct', upstream_usage='summary', output_style='raw', verification_mode='light', finalization='answer_only'),router:PromptSlots(reasoning_mode='direct', upstream_usage='summary', output_style='raw', verification_mode='light', finalization='answer_only'),solver:PromptSlots(reasoning_mode='stepwise', upstream_usage='summary', output_style='raw', verification_mode='off', finalization='answer_only')|coder>debater_a,reasoner>coder||route_solve|aggregator:verifier,router:planner,solver:coder|aggregator:PromptSlots(reasoning_mode='direct', upstream_usage='summary', output_style='raw', verification_mode='light', finalization='answer_only'),router:PromptSlots(reasoning_mode='direct', upstream_usage='summary', output_style='raw', verification_mode='light', finalization='answer_only'),solver:PromptSlots(reasoning_mode='stepwise', upstream_usage='summary', output_style='raw', verification_mode='off', finalization='answer_only')|coder>verifier,planner>coder||critique_revise|critic:verifier,generator:reasoner,reviser:summarizer|critic:PromptSlots(reasoning_mode='direct', upstream_usage='summary', output_style='raw', verification_mode='strict', finalization='answer_only'),generator:PromptSlots(reasoning_mode='stepwise', upstream_usage='summary', output_style='raw', verification_mode='off', finalization='answer_only'),reviser:PromptSlots(reasoning_mode='direct', upstream_usage='summary', output_style='raw', verification_mode='light', finalization='answer_only')|reasoner>summarizer,reasoner>verifier,verifier>summarizer",0.0,0.0,0.52,0.52,sink_output,337a1f25d64c,v4_4_code_anchor_guard_preserve,use_stage1_anchor,stage1+stage2,False,3,1
mbpp:466,2,7,phase2,structure|solve_,"structure|solve_verify|solver:planner,verifier:verifier|solver:PromptSlots(reasoning_mode='stepwise', upstream_usage='summary', output_style='raw', verification_mode='off', finalization='answer_only'),verifier:PromptSlots(reasoning_mode='direct', upstream_usage='summary', output_style='raw', verification_mode='strict', finalization='answer_only')|planner>verifier||route_solve|aggregator:verifier,router:planner,solver:coder|aggregator:PromptSlots(reasoning_mode='direct', upstream_usage='summary', output_style='raw', verification_mode='light', finalization='answer_only'),router:PromptSlots(reasoning_mode='direct', upstream_usage='summary', output_style='raw', verification_mode='light', finalization='answer_only'),solver:PromptSlots(reasoning_mode='stepwise', upstream_usage='summary', output_style='raw', verification_mode='off', finalization='answer_only')|coder>verifier,planner>coder||critique_revise|critic:coder,generator:math,reviser:planner|critic:PromptSlots(reasoning_mode='direct', upstream_usage='summary', output_style='raw', verification_mode='strict', finalization='answer_only'),generator:PromptSlots(reasoning_mode='stepwise', upstream_usage='summary', output_style='raw', verification_mode='off', finalization='answer_only'),reviser:PromptSlots(reasoning_mode='direct', upstream_usage='summary', output_style='raw', verification_mode='light', finalization='answer_only')|coder>planner,math>coder,math>planner",0.0,1.0,0.28,1.0,recovery_output,afc8c05c6b00,v4_4_code_reinsert_recollapse,use_stage2_protocol,code_repair_branch,True,3,1
mbpp:466,2,7,phase3a,structure|critiq,"structure|critique_revise|critic:planner,generator:researcher,reviser:summarizer|critic:PromptSlots(reasoning_mode='direct', upstream_usage='summary', output_style='raw', verification_mode='strict', finalization='answer_only'),generator:PromptSlots(reasoning_mode='stepwise', upstream_usage='summary', output_style='raw', verification_mode='off', finalization='answer_only'),reviser:PromptSlots(reasoning_mode='direct', upstream_usage='summary', output_style='raw', verification_mode='light', finalization='answer_only')|planner>summarizer,researcher>planner,researcher>summarizer||route_solve|aggregator:verifier,router:planner,solver:coder|aggregator:PromptSlots(reasoning_mode='direct', upstream_usage='summary', output_style='raw', verification_mode='light', finalization='answer_only'),router:PromptSlots(reasoning_mode='direct', upstream_usage='summary', output_style='raw', verification_mode='light', finalization='answer_only'),solver:PromptSlots(reasoning_mode='stepwise', upstream_usage='summary', output_style='raw', verification_mode='off', finalization='answer_only')|coder>verifier,planner>coder||critique_revise|critic:verifier,generator:researcher,reviser:coder|critic:PromptSlots(reasoning_mode='direct', upstream_usage='summary', output_style='raw', verification_mode='strict', finalization='answer_only'),generator:PromptSlots(reasoning_mode='stepwise', upstream_usage='summary', output_style='raw', verification_mode='off', finalization='answer_only'),reviser:PromptSlots(reasoning_mode='direct', upstream_usage='summary', output_style='raw', verification_mode='light', finalization='answer_only')|researcher>coder,researcher>verifier,verifier>coder",0.0,0.0,0.28,0.28,stage1_anchor,f5500620b63f,v4_4_code_anchor_guard_preserve,use_stage1_anchor,stage1,False,1,1
mbpp:468,0,27,phase2,structure|critiq,"structure|critique_revise|critic:verifier,generator:planner,reviser:reasoner|critic:PromptSlots(reasoning_mode='direct', upstream_usage='summary', output_style='raw', verification_mode='strict', finalization='answer_only'),generator:PromptSlots(reasoning_mode='stepwise', upstream_usage='summary', output_style='raw', verification_mode='off', finalization='answer_only'),reviser:PromptSlots(reasoning_mode='direct', upstream_usage='summary', output_style='raw', verification_mode='light', finalization='answer_only')|planner>reasoner,planner>verifier,verifier>reasoner||critique_revise|critic:coder,generator:planner,reviser:reasoner|critic:PromptSlots(reasoning_mode='direct', upstream_usage='summary', output_style='raw', verification_mode='strict', finalization='answer_only'),generator:PromptSlots(reasoning_mode='stepwise', upstream_usage='summary', output_style='raw', verification_mode='off', finalization='answer_only'),reviser:PromptSlots(reasoning_mode='direct', upstream_usage='summary', output_style='raw', verification_mode='light', finalization='answer_only')|coder>reasoner,planner>coder,planner>reasoner||critique_revise|critic:verifier,generator:coder,reviser:summarizer|critic:PromptSlots(reasoning_mode='direct', upstream_usage='summary', output_style='raw', verification_mode='strict', finalization='answer_only'),generator:PromptSlots(reasoning_mode='stepwise', upstream_usage='summary', output_style='raw', verification_mode='off', finalization='answer_only'),reviser:PromptSlots(reasoning_mode='direct', upstream_usage='summary', output_style='raw', verification_mode='light', finalization='answer_only')|coder>summarizer,coder>verifier,verifier>summarizer",1.0,1.0,1.0,1.0,stage1,af6e564f74f4,v4_4_code_bypass_stable_anchor,use_stage1_anchor,stage1,False,0,0
mbpp:468,0,27,phase3a,structure|critiq,"structure|critique_revise|critic:verifier,generator:planner,reviser:coder|critic:PromptSlots(reasoning_mode='direct', upstream_usage='summary', output_style='raw', verification_mode='strict', finalization='answer_only'),generator:PromptSlots(reasoning_mode='stepwise', upstream_usage='summary', output_style='raw', verification_mode='off', finalization='answer_only'),reviser:PromptSlots(reasoning_mode='direct', upstream_usage='summary', output_style='raw', verification_mode='light', finalization='answer_only')|planner>coder,planner>verifier,verifier>coder||critique_revise|critic:math,generator:planner,reviser:summarizer|critic:PromptSlots(reasoning_mode='direct', upstream_usage='summary', output_style='raw', verification_mode='strict', finalization='answer_only'),generator:PromptSlots(reasoning_mode='stepwise', upstream_usage='summary', output_style='raw', verification_mode='off', finalization='answer_only'),reviser:PromptSlots(reasoning_mode='direct', upstream_usage='summary', output_style='raw', verification_mode='light', finalization='answer_only')|math>summarizer,planner>math,planner>summarizer||critique_revise|critic:verifier,generator:coder,reviser:summarizer|critic:PromptSlots(reasoning_mode='direct', upstream_usage='summary', output_style='raw', verification_mode='strict', finalization='answer_only'),generator:PromptSlots(reasoning_mode='stepwise', upstream_usage='summary', output_style='raw', verification_mode='off', finalization='answer_only'),reviser:PromptSlots(reasoning_mode='direct', upstream_usage='summary', output_style='raw', verification_mode='light', finalization='answer_only')|coder>summarizer,coder>verifier,verifier>summarizer",1.0,1.0,1.0,1.0,stage1,9e4cc123312c,v4_4_code_bypass_stable_anchor,use_stage1_anchor,stage1,False,0,0
mbpp:469,1,4,phase2,structure|critiq,"structure|critique_revise|critic:verifier,generator:planner,reviser:reasoner|critic:PromptSlots(reasoning_mode='direct', upstream_usage='summary', output_style='raw', verification_mode='strict', finalization='answer_only'),generator:PromptSlots(reasoning_mode='stepwise', upstream_usage='summary', output_style='raw', verification_mode='off', finalization='answer_only'),reviser:PromptSlots(reasoning_mode='direct', upstream_usage='summary', output_style='raw', verification_mode='light', finalization='answer_only')|planner>reasoner,planner>verifier,verifier>reasoner||solve_verify|solver:coder,verifier:verifier|solver:PromptSlots(reasoning_mode='stepwise', upstream_usage='summary', output_style='raw', verification_mode='off', finalization='answer_only'),verifier:PromptSlots(reasoning_mode='direct', upstream_usage='summary', output_style='raw', verification_mode='strict', finalization='answer_only')|coder>verifier||critique_revise|critic:coder,generator:planner,reviser:reasoner|critic:PromptSlots(reasoning_mode='direct', upstream_usage='summary', output_style='raw', verification_mode='strict', finalization='answer_only'),generator:PromptSlots(reasoning_mode='stepwise', upstream_usage='summary', output_style='raw', verification_mode='off', finalization='answer_only'),reviser:PromptSlots(reasoning_mode='direct', upstream_usage='summary', output_style='raw', verification_mode='light', finalization='answer_only')|coder>reasoner,planner>coder,planner>reasoner",1.0,1.0,1.0,1.0,stage1,a11a07b71172,v4_4_code_bypass_stable_anchor,use_stage1_anchor,stage1,False,0,0
mbpp:469,1,4,phase3a,structure|critiq,"structure|critique_revise|critic:debater_a,generator:planner,reviser:coder|critic:PromptSlots(reasoning_mode='direct', upstream_usage='summary', output_style='raw', verification_mode='strict', finalization='answer_only'),generator:PromptSlots(reasoning_mode='stepwise', upstream_usage='summary', output_style='raw', verification_mode='off', finalization='answer_only'),reviser:PromptSlots(reasoning_mode='direct', upstream_usage='summary', output_style='raw', verification_mode='light', finalization='answer_only')|debater_a>coder,planner>coder,planner>debater_a||critique_revise|critic:verifier,generator:math,reviser:summarizer|critic:PromptSlots(reasoning_mode='direct', upstream_usage='summary', output_style='raw', verification_mode='strict', finalization='answer_only'),generator:PromptSlots(reasoning_mode='stepwise', upstream_usage='summary', output_style='raw', verification_mode='off', finalization='answer_only'),reviser:PromptSlots(reasoning_mode='direct', upstream_usage='summary', output_style='raw', verification_mode='light', finalization='answer_only')|math>summarizer,math>verifier,verifier>summarizer||critique_revise|critic:coder,generator:skeptic,reviser:summarizer|critic:PromptSlots(reasoning_mode='direct', upstream_usage='summary', output_style='raw', verification_mode='strict', finalization='answer_only'),generator:PromptSlots(reasoning_mode='stepwise', upstream_usage='summary', output_style='raw', verification_mode='off', finalization='answer_only'),reviser:PromptSlots(reasoning_mode='direct', upstream_usage='summary', output_style='raw', verification_mode='light', finalization='answer_only')|coder>summarizer,skeptic>coder,skeptic>summarizer",1.0,1.0,1.0,1.0,stage1,0766ce122438,v4_4_code_bypass_stable_anchor,use_stage1_anchor,stage1,False,0,0
mbpp:471,2,42,phase2,structure|critiq,"structure|critique_revise|critic:coder,generator:planner,reviser:reasoner|critic:PromptSlots(reasoning_mode='direct', upstream_usage='summary', output_style='raw', verification_mode='strict', finalization='answer_only'),generator:PromptSlots(reasoning_mode='stepwise', upstream_usage='summary', output_style='raw', verification_mode='off', finalization='answer_only'),reviser:PromptSlots(reasoning_mode='direct', upstream_usage='summary', output_style='raw', verification_mode='light', finalization='answer_only')|coder>reasoner,planner>coder,planner>reasoner||critique_revise|critic:verifier,generator:reasoner,reviser:summarizer|critic:PromptSlots(reasoning_mode='direct', upstream_usage='summary', output_style='raw', verification_mode='strict', finalization='answer_only'),generator:PromptSlots(reasoning_mode='stepwise', upstream_usage='summary', output_style='raw', verification_mode='off', finalization='answer_only'),reviser:PromptSlots(reasoning_mode='direct', upstream_usage='summary', output_style='raw', verification_mode='light', finalization='answer_only')|reasoner>summarizer,reasoner>verifier,verifier>summarizer||critique_revise|critic:verifier,generator:math,reviser:coder|critic:PromptSlots(reasoning_mode='direct', upstream_usage='summary', output_style='raw', verification_mode='strict', finalization='answer_only'),generator:PromptSlots(reasoning_mode='stepwise', upstream_usage='summary', output_style='raw', verification_mode='off', finalization='answer_only'),reviser:PromptSlots(reasoning_mode='direct', upstream_usage='summary', output_style='raw', verification_mode='light', finalization='answer_only')|math>coder,math>verifier,verifier>coder",0.0,0.0,0.28,0.28,stage1_anchor,385ffbc0b588,v4_4_code_anchor_guard_preserve,use_stage1_anchor,stage1,False,3,1
mbpp:471,2,42,phase3a,structure|critiq,"structure|critique_revise|critic:reasoner,generator:planner,reviser:debater_b|critic:PromptSlots(reasoning_mode='direct', upstream_usage='summary', output_style='raw', verification_mode='strict', finalization='answer_only'),generator:PromptSlots(reasoning_mode='stepwise', upstream_usage='summary', output_style='raw', verification_mode='off', finalization='answer_only'),reviser:PromptSlots(reasoning_mode='direct', upstream_usage='summary', output_style='raw', verification_mode='light', finalization='answer_only')|planner>debater_b,planner>reasoner,reasoner>debater_b||critique_revise|critic:reasoner,generator:planner,reviser:verifier|critic:PromptSlots(reasoning_mode='direct', upstream_usage='summary', output_style='raw', verification_mode='strict', finalization='answer_only'),generator:PromptSlots(reasoning_mode='stepwise', upstream_usage='summary', output_style='raw', verification_mode='off', finalization='answer_only'),reviser:PromptSlots(reasoning_mode='direct', upstream_usage='summary', output_style='raw', verification_mode='light', finalization='answer_only')|planner>reasoner,planner>verifier,reasoner>verifier||critique_revise|critic:verifier,generator:coder,reviser:summarizer|critic:PromptSlots(reasoning_mode='direct', upstream_usage='summary', output_style='raw', verification_mode='strict', finalization='answer_only'),generator:PromptSlots(reasoning_mode='stepwise', upstream_usage='summary', output_style='raw', verification_mode='off', finalization='answer_only'),reviser:PromptSlots(reasoning_mode='direct', upstream_usage='summary', output_style='raw', verification_mode='light', finalization='answer_only')|coder>summarizer,coder>verifier,verifier>summarizer",1.0,1.0,1.0,1.0,stage1,b0a9e7dbbbd0,v4_4_code_bypass_stable_anchor,use_stage1_anchor,stage1,False,0,0
mbpp:474,1,53,phase2,structure|critiq,"structure|critique_revise|critic:verifier,generator:math,reviser:coder|critic:PromptSlots(reasoning_mode='direct', upstream_usage='summary', output_style='raw', verification_mode='strict', finalization='answer_only'),generator:PromptSlots(reasoning_mode='stepwise', upstream_usage='summary', output_style='raw', verification_mode='off', finalization='answer_only'),reviser:PromptSlots(reasoning_mode='direct', upstream_usage='summary', output_style='raw', verification_mode='light', finalization='answer_only')|math>coder,math>verifier,verifier>coder||critique_revise|critic:coder,generator:planner,reviser:debater_a|critic:PromptSlots(reasoning_mode='direct', upstream_usage='summary', output_style='raw', verification_mode='strict', finalization='answer_only'),generator:PromptSlots(reasoning_mode='stepwise', upstream_usage='summary', output_style='raw', verification_mode='off', finalization='answer_only'),reviser:PromptSlots(reasoning_mode='direct', upstream_usage='summary', output_style='raw', verification_mode='light', finalization='answer_only')|coder>debater_a,planner>coder,planner>debater_a||critique_revise|critic:verifier,generator:planner,reviser:summarizer|critic:PromptSlots(reasoning_mode='direct', upstream_usage='summary', output_style='raw', verification_mode='strict', finalization='answer_only'),generator:PromptSlots(reasoning_mode='stepwise', upstream_usage='summary', output_style='raw', verification_mode='off', finalization='answer_only'),reviser:PromptSlots(reasoning_mode='direct', upstream_usage='summary', output_style='raw', verification_mode='light', finalization='answer_only')|planner>summarizer,planner>verifier,verifier>summarizer",1.0,1.0,1.0,1.0,sink_output,7a6821a2b630,v4_4_code_bypass_stable_anchor,use_stage1_anchor,stage1+stage2,False,0,0
mbpp:474,1,53,phase3a,structure|critiq,"structure|critique_revise|critic:coder,generator:reasoner,reviser:math|critic:PromptSlots(reasoning_mode='direct', upstream_usage='summary', output_style='raw', verification_mode='strict', finalization='answer_only'),generator:PromptSlots(reasoning_mode='stepwise', upstream_usage='summary', output_style='raw', verification_mode='off', finalization='answer_only'),reviser:PromptSlots(reasoning_mode='direct', upstream_usage='summary', output_style='raw', verification_mode='light', finalization='answer_only')|coder>math,reasoner>coder,reasoner>math||critique_revise|critic:verifier,generator:coder,reviser:summarizer|critic:PromptSlots(reasoning_mode='direct', upstream_usage='summary', output_style='raw', verification_mode='strict', finalization='answer_only'),generator:PromptSlots(reasoning_mode='stepwise', upstream_usage='summary', output_style='raw', verification_mode='off', finalization='answer_only'),reviser:PromptSlots(reasoning_mode='direct', upstream_usage='summary', output_style='raw', verification_mode='light', finalization='answer_only')|coder>summarizer,coder>verifier,verifier>summarizer||critique_revise|critic:coder,generator:planner,reviser:debater_a|critic:PromptSlots(reasoning_mode='direct', upstream_usage='summary', output_style='raw', verification_mode='strict', finalization='answer_only'),generator:PromptSlots(reasoning_mode='stepwise', upstream_usage='summary', output_style='raw', verification_mode='off', finalization='answer_only'),reviser:PromptSlots(reasoning_mode='direct', upstream_usage='summary', output_style='raw', verification_mode='light', finalization='answer_only')|coder>debater_a,planner>coder,planner>debater_a",1.0,1.0,1.0,1.0,sink_output,7a6821a2b630,v4_4_code_bypass_stable_anchor,use_stage1_anchor,stage1+stage2,False,0,0
mbpp:477,1,33,phase2,structure|solve_,"structure|solve_verify|solver:planner,verifier:researcher|solver:PromptSlots(reasoning_mode='stepwise', upstream_usage='summary', output_style='raw', verification_mode='off', finalization='answer_only'),verifier:PromptSlots(reasoning_mode='direct', upstream_usage='summary', output_style='raw', verification_mode='strict', finalization='answer_only')|planner>researcher||solve_verify|solver:planner,verifier:verifier|solver:PromptSlots(reasoning_mode='stepwise', upstream_usage='summary', output_style='raw', verification_mode='off', finalization='answer_only'),verifier:PromptSlots(reasoning_mode='direct', upstream_usage='summary', output_style='raw', verification_mode='strict', finalization='answer_only')|planner>verifier||critique_revise|critic:coder,generator:planner,reviser:summarizer|critic:PromptSlots(reasoning_mode='direct', upstream_usage='summary', output_style='raw', verification_mode='strict', finalization='answer_only'),generator:PromptSlots(reasoning_mode='stepwise', upstream_usage='summary', output_style='raw', verification_mode='off', finalization='answer_only'),reviser:PromptSlots(reasoning_mode='direct', upstream_usage='summary', output_style='raw', verification_mode='light', finalization='answer_only')|coder>summarizer,planner>coder,planner>summarizer",1.0,1.0,1.0,1.0,checker_approved_proposal,7a0d0350425a,v4_4_code_bypass_stable_anchor,use_stage1_anchor,stage1+stage2,False,0,0
mbpp:477,1,33,phase3a,structure|critiq,"structure|critique_revise|critic:verifier,generator:planner,reviser:coder|critic:PromptSlots(reasoning_mode='direct', upstream_usage='summary', output_style='raw', verification_mode='strict', finalization='answer_only'),generator:PromptSlots(reasoning_mode='stepwise', upstream_usage='summary', output_style='raw', verification_mode='off', finalization='answer_only'),reviser:PromptSlots(reasoning_mode='direct', upstream_usage='summary', output_style='raw', verification_mode='light', finalization='answer_only')|planner>coder,planner>verifier,verifier>coder||critique_revise|critic:verifier,generator:summarizer,reviser:planner|critic:PromptSlots(reasoning_mode='direct', upstream_usage='summary', output_style='raw', verification_mode='strict', finalization='answer_only'),generator:PromptSlots(reasoning_mode='stepwise', upstream_usage='summary', output_style='raw', verification_mode='off', finalization='answer_only'),reviser:PromptSlots(reasoning_mode='direct', upstream_usage='summary', output_style='raw', verification_mode='light', finalization='answer_only')|summarizer>planner,summarizer>verifier,verifier>planner||critique_revise|critic:verifier,generator:planner,reviser:researcher|critic:PromptSlots(reasoning_mode='direct', upstream_usage='summary', output_style='raw', verification_mode='strict', finalization='answer_only'),generator:PromptSlots(reasoning_mode='stepwise', upstream_usage='summary', output_style='raw', verification_mode='off', finalization='answer_only'),reviser:PromptSlots(reasoning_mode='direct', upstream_usage='summary', output_style='raw', verification_mode='light', finalization='answer_only')|planner>researcher,planner>verifier,verifier>researcher",1.0,1.0,1.0,1.0,checker_approved_proposal,7a0d0350425a,v4_4_code_bypass_stable_anchor,use_stage1_anchor,stage1+stage2,False,0,0
mbpp:480,1,51,phase2,structure|critiq,"structure|critique_revise|critic:verifier,generator:planner,reviser:summarizer|critic:PromptSlots(reasoning_mode='direct', upstream_usage='summary', output_style='raw', verification_mode='strict', finalization='answer_only'),generator:PromptSlots(reasoning_mode='stepwise', upstream_usage='summary', output_style='raw', verification_mode='off', finalization='answer_only'),reviser:PromptSlots(reasoning_mode='direct', upstream_usage='summary', output_style='raw', verification_mode='light', finalization='answer_only')|planner>summarizer,planner>verifier,verifier>summarizer||critique_revise|critic:coder,generator:planner,reviser:summarizer|critic:PromptSlots(reasoning_mode='direct', upstream_usage='summary', output_style='raw', verification_mode='strict', finalization='answer_only'),generator:PromptSlots(reasoning_mode='stepwise', upstream_usage='summary', output_style='raw', verification_mode='off', finalization='answer_only'),reviser:PromptSlots(reasoning_mode='direct', upstream_usage='summary', output_style='raw', verification_mode='light', finalization='answer_only')|coder>summarizer,planner>coder,planner>summarizer||critique_revise|critic:verifier,generator:planner,reviser:debater_a|critic:PromptSlots(reasoning_mode='direct', upstream_usage='summary', output_style='raw', verification_mode='strict', finalization='answer_only'),generator:PromptSlots(reasoning_mode='stepwise', upstream_usage='summary', output_style='raw', verification_mode='off', finalization='answer_only'),reviser:PromptSlots(reasoning_mode='direct', upstream_usage='summary', output_style='raw', verification_mode='light', finalization='answer_only')|planner>debater_a,planner>verifier,verifier>debater_a",1.0,1.0,1.0,1.0,stage1,e0f06215db27,v4_4_code_bypass_stable_anchor,use_stage1_anchor,stage1,False,0,0
mbpp:480,1,51,phase3a,structure|critiq,"structure|critique_revise|critic:verifier,generator:planner,reviser:debater_a|critic:PromptSlots(reasoning_mode='direct', upstream_usage='summary', output_style='raw', verification_mode='strict', finalization='answer_only'),generator:PromptSlots(reasoning_mode='stepwise', upstream_usage='summary', output_style='raw', verification_mode='off', finalization='answer_only'),reviser:PromptSlots(reasoning_mode='direct', upstream_usage='summary', output_style='raw', verification_mode='light', finalization='answer_only')|planner>debater_a,planner>verifier,verifier>debater_a||solve_verify|solver:coder,verifier:verifier|solver:PromptSlots(reasoning_mode='stepwise', upstream_usage='summary', output_style='raw', verification_mode='off', finalization='answer_only'),verifier:PromptSlots(reasoning_mode='direct', upstream_usage='summary', output_style='raw', verification_mode='strict', finalization='answer_only')|coder>verifier||critique_revise|critic:coder,generator:math,reviser:debater_a|critic:PromptSlots(reasoning_mode='direct', upstream_usage='summary', output_style='raw', verification_mode='strict', finalization='answer_only'),generator:PromptSlots(reasoning_mode='stepwise', upstream_usage='summary', output_style='raw', verification_mode='off', finalization='answer_only'),reviser:PromptSlots(reasoning_mode='direct', upstream_usage='summary', output_style='raw', verification_mode='light', finalization='answer_only')|coder>debater_a,math>coder,math>debater_a",1.0,1.0,1.0,1.0,stage1,708769c1debc,v4_4_code_bypass_stable_anchor,use_stage1_anchor,stage1,False,0,0
mbpp:483,2,47,phase2,structure|critiq,"structure|critique_revise|critic:verifier,generator:planner,reviser:math|critic:PromptSlots(reasoning_mode='direct', upstream_usage='summary', output_style='raw', verification_mode='strict', finalization='answer_only'),generator:PromptSlots(reasoning_mode='stepwise', upstream_usage='summary', output_style='raw', verification_mode='off', finalization='answer_only'),reviser:PromptSlots(reasoning_mode='direct', upstream_usage='summary', output_style='raw', verification_mode='light', finalization='answer_only')|planner>math,planner>verifier,verifier>math||critique_revise|critic:verifier,generator:planner,reviser:researcher|critic:PromptSlots(reasoning_mode='direct', upstream_usage='summary', output_style='raw', verification_mode='strict', finalization='answer_only'),generator:PromptSlots(reasoning_mode='stepwise', upstream_usage='summary', output_style='raw', verification_mode='off', finalization='answer_only'),reviser:PromptSlots(reasoning_mode='direct', upstream_usage='summary', output_style='raw', verification_mode='light', finalization='answer_only')|planner>researcher,planner>verifier,verifier>researcher||critique_revise|critic:coder,generator:researcher,reviser:summarizer|critic:PromptSlots(reasoning_mode='direct', upstream_usage='summary', output_style='raw', verification_mode='strict', finalization='answer_only'),generator:PromptSlots(reasoning_mode='stepwise', upstream_usage='summary', output_style='raw', verification_mode='off', finalization='answer_only'),reviser:PromptSlots(reasoning_mode='direct', upstream_usage='summary', output_style='raw', verification_mode='light', finalization='answer_only')|coder>summarizer,researcher>coder,researcher>summarizer",0.0,0.0,0.76,0.76,stage1_anchor,6bd0a21ee171,v4_4_code_anchor_guard_preserve,use_stage1_anchor,stage1,False,3,1
mbpp:483,2,47,phase3a,structure|critiq,"structure|critique_revise|critic:verifier,generator:planner,reviser:math|critic:PromptSlots(reasoning_mode='direct', upstream_usage='summary', output_style='raw', verification_mode='strict', finalization='answer_only'),generator:PromptSlots(reasoning_mode='stepwise', upstream_usage='summary', output_style='raw', verification_mode='off', finalization='answer_only'),reviser:PromptSlots(reasoning_mode='direct', upstream_usage='summary', output_style='raw', verification_mode='light', finalization='answer_only')|planner>math,planner>verifier,verifier>math||critique_revise|critic:verifier,generator:researcher,reviser:coder|critic:PromptSlots(reasoning_mode='direct', upstream_usage='summary', output_style='raw', verification_mode='strict', finalization='answer_only'),generator:PromptSlots(reasoning_mode='stepwise', upstream_usage='summary', output_style='raw', verification_mode='off', finalization='answer_only'),reviser:PromptSlots(reasoning_mode='direct', upstream_usage='summary', output_style='raw', verification_mode='light', finalization='answer_only')|researcher>coder,researcher>verifier,verifier>coder||critique_revise|critic:verifier,generator:planner,reviser:researcher|critic:PromptSlots(reasoning_mode='direct', upstream_usage='summary', output_style='raw', verification_mode='strict', finalization='answer_only'),generator:PromptSlots(reasoning_mode='stepwise', upstream_usage='summary', output_style='raw', verification_mode='off', finalization='answer_only'),reviser:PromptSlots(reasoning_mode='direct', upstream_usage='summary', output_style='raw', verification_mode='light', finalization='answer_only')|planner>researcher,planner>verifier,verifier>researcher",0.0,0.0,0.76,0.76,stage1_anchor,c4ba37f2d85b,v4_4_code_anchor_guard_preserve,use_stage1_anchor,stage1,False,3,1
mbpp:489,1,12,phase2,structure|critiq,"structure|critique_revise|critic:verifier,generator:reasoner,reviser:coder|critic:PromptSlots(reasoning_mode='direct', upstream_usage='summary', output_style='raw', verification_mode='strict', finalization='answer_only'),generator:PromptSlots(reasoning_mode='stepwise', upstream_usage='summary', output_style='raw', verification_mode='off', finalization='answer_only'),reviser:PromptSlots(reasoning_mode='direct', upstream_usage='summary', output_style='raw', verification_mode='light', finalization='answer_only')|reasoner>coder,reasoner>verifier,verifier>coder||critique_revise|critic:coder,generator:planner,reviser:debater_a|critic:PromptSlots(reasoning_mode='direct', upstream_usage='summary', output_style='raw', verification_mode='strict', finalization='answer_only'),generator:PromptSlots(reasoning_mode='stepwise', upstream_usage='summary', output_style='raw', verification_mode='off', finalization='answer_only'),reviser:PromptSlots(reasoning_mode='direct', upstream_usage='summary', output_style='raw', verification_mode='light', finalization='answer_only')|coder>debater_a,planner>coder,planner>debater_a||critique_revise|critic:verifier,generator:coder,reviser:planner|critic:PromptSlots(reasoning_mode='direct', upstream_usage='summary', output_style='raw', verification_mode='strict', finalization='answer_only'),generator:PromptSlots(reasoning_mode='stepwise', upstream_usage='summary', output_style='raw', verification_mode='off', finalization='answer_only'),reviser:PromptSlots(reasoning_mode='direct', upstream_usage='summary', output_style='raw', verification_mode='light', finalization='answer_only')|coder>planner,coder>verifier,verifier>planner",1.0,1.0,1.0,1.0,sink_output,65d3ff8ff034,v4_4_code_bypass_stable_anchor,use_stage1_anchor,stage1+stage2,False,0,0
mbpp:489,1,12,phase3a,structure|critiq,"structure|critique_revise|critic:verifier,generator:coder,reviser:planner|critic:PromptSlots(reasoning_mode='direct', upstream_usage='summary', output_style='raw', verification_mode='strict', finalization='answer_only'),generator:PromptSlots(reasoning_mode='stepwise', upstream_usage='summary', output_style='raw', verification_mode='off', finalization='answer_only'),reviser:PromptSlots(reasoning_mode='direct', upstream_usage='summary', output_style='raw', verification_mode='light', finalization='answer_only')|coder>planner,coder>verifier,verifier>planner||critique_revise|critic:verifier,generator:math,reviser:coder|critic:PromptSlots(reasoning_mode='direct', upstream_usage='summary', output_style='raw', verification_mode='strict', finalization='answer_only'),generator:PromptSlots(reasoning_mode='stepwise', upstream_usage='summary', output_style='raw', verification_mode='off', finalization='answer_only'),reviser:PromptSlots(reasoning_mode='direct', upstream_usage='summary', output_style='raw', verification_mode='light', finalization='answer_only')|math>coder,math>verifier,verifier>coder||critique_revise|critic:verifier,generator:reasoner,reviser:summarizer|critic:PromptSlots(reasoning_mode='direct', upstream_usage='summary', output_style='raw', verification_mode='strict', finalization='answer_only'),generator:PromptSlots(reasoning_mode='stepwise', upstream_usage='summary', output_style='raw', verification_mode='off', finalization='answer_only'),reviser:PromptSlots(reasoning_mode='direct', upstream_usage='summary', output_style='raw', verification_mode='light', finalization='answer_only')|reasoner>summarizer,reasoner>verifier,verifier>summarizer",1.0,1.0,1.0,1.0,sink_output,65d3ff8ff034,v4_4_code_bypass_stable_anchor,use_stage1_anchor,stage1+stage2,False,0,0
mbpp:497,1,26,phase2,structure|critiq,"structure|critique_revise|critic:verifier,generator:math,reviser:reasoner|critic:PromptSlots(reasoning_mode='direct', upstream_usage='summary', output_style='raw', verification_mode='strict', finalization='answer_only'),generator:PromptSlots(reasoning_mode='stepwise', upstream_usage='summary', output_style='raw', verification_mode='off', finalization='answer_only'),reviser:PromptSlots(reasoning_mode='direct', upstream_usage='summary', output_style='raw', verification_mode='light', finalization='answer_only')|math>reasoner,math>verifier,verifier>reasoner||critique_revise|critic:verifier,generator:planner,reviser:coder|critic:PromptSlots(reasoning_mode='direct', upstream_usage='summary', output_style='raw', verification_mode='strict', finalization='answer_only'),generator:PromptSlots(reasoning_mode='stepwise', upstream_usage='summary', output_style='raw', verification_mode='off', finalization='answer_only'),reviser:PromptSlots(reasoning_mode='direct', upstream_usage='summary', output_style='raw', verification_mode='light', finalization='answer_only')|planner>coder,planner>verifier,verifier>coder||critique_revise|critic:coder,generator:planner,reviser:reasoner|critic:PromptSlots(reasoning_mode='direct', upstream_usage='summary', output_style='raw', verification_mode='strict', finalization='answer_only'),generator:PromptSlots(reasoning_mode='stepwise', upstream_usage='summary', output_style='raw', verification_mode='off', finalization='answer_only'),reviser:PromptSlots(reasoning_mode='direct', upstream_usage='summary', output_style='raw', verification_mode='light', finalization='answer_only')|coder>reasoner,planner>coder,planner>reasoner",1.0,1.0,1.0,1.0,sink_output,2022e16da310,v4_4_code_bypass_stable_anchor,use_stage1_anchor,stage1+stage2,False,0,0
mbpp:497,1,26,phase3a,structure|critiq,"structure|critique_revise|critic:planner,generator:math,reviser:reasoner|critic:PromptSlots(reasoning_mode='direct', upstream_usage='summary', output_style='raw', verification_mode='strict', finalization='answer_only'),generator:PromptSlots(reasoning_mode='stepwise', upstream_usage='summary', output_style='raw', verification_mode='off', finalization='answer_only'),reviser:PromptSlots(reasoning_mode='direct', upstream_usage='summary', output_style='raw', verification_mode='light', finalization='answer_only')|math>planner,math>reasoner,planner>reasoner||critique_revise|critic:coder,generator:verifier,reviser:reasoner|critic:PromptSlots(reasoning_mode='direct', upstream_usage='summary', output_style='raw', verification_mode='strict', finalization='answer_only'),generator:PromptSlots(reasoning_mode='stepwise', upstream_usage='summary', output_style='raw', verification_mode='off', finalization='answer_only'),reviser:PromptSlots(reasoning_mode='direct', upstream_usage='summary', output_style='raw', verification_mode='light', finalization='answer_only')|coder>reasoner,verifier>coder,verifier>reasoner||critique_revise|critic:coder,generator:planner,reviser:summarizer|critic:PromptSlots(reasoning_mode='direct', upstream_usage='summary', output_style='raw', verification_mode='strict', finalization='answer_only'),generator:PromptSlots(reasoning_mode='stepwise', upstream_usage='summary', output_style='raw', verification_mode='off', finalization='answer_only'),reviser:PromptSlots(reasoning_mode='direct', upstream_usage='summary', output_style='raw', verification_mode='light', finalization='answer_only')|coder>summarizer,planner>coder,planner>summarizer",1.0,1.0,1.0,1.0,sink_output,2022e16da310,v4_4_code_bypass_stable_anchor,use_stage1_anchor,stage1+stage2,False,0,0
mbpp:498,1,56,phase2,structure|critiq,"structure|critique_revise|critic:coder,generator:math,reviser:planner|critic:PromptSlots(reasoning_mode='direct', upstream_usage='summary', output_style='raw', verification_mode='strict', finalization='answer_only'),generator:PromptSlots(reasoning_mode='stepwise', upstream_usage='summary', output_style='raw', verification_mode='off', finalization='answer_only'),reviser:PromptSlots(reasoning_mode='direct', upstream_usage='summary', output_style='raw', verification_mode='light', finalization='answer_only')|coder>planner,math>coder,math>planner||solve_verify|solver:planner,verifier:coder|solver:PromptSlots(reasoning_mode='stepwise', upstream_usage='summary', output_style='raw', verification_mode='off', finalization='answer_only'),verifier:PromptSlots(reasoning_mode='direct', upstream_usage='summary', output_style='raw', verification_mode='strict', finalization='answer_only')|planner>coder||critique_revise|critic:verifier,generator:coder,reviser:summarizer|critic:PromptSlots(reasoning_mode='direct', upstream_usage='summary', output_style='raw', verification_mode='strict', finalization='answer_only'),generator:PromptSlots(reasoning_mode='stepwise', upstream_usage='summary', output_style='raw', verification_mode='off', finalization='answer_only'),reviser:PromptSlots(reasoning_mode='direct', upstream_usage='summary', output_style='raw', verification_mode='light', finalization='answer_only')|coder>summarizer,coder>verifier,verifier>summarizer",1.0,1.0,1.0,1.0,sink_output,dd924e192bcf,v4_4_code_bypass_stable_anchor,use_stage1_anchor,stage1+stage2,False,0,0
mbpp:498,1,56,phase3a,structure|parall,"structure|parallel_vote|aggregator:math,solver_a:planner,solver_b:reasoner|aggregator:PromptSlots(reasoning_mode='direct', upstream_usage='summary', output_style='raw', verification_mode='light', finalization='answer_only'),solver_a:PromptSlots(reasoning_mode='stepwise', upstream_usage='summary', output_style='raw', verification_mode='off', finalization='answer_only'),solver_b:PromptSlots(reasoning_mode='stepwise', upstream_usage='summary', output_style='raw', verification_mode='off', finalization='answer_only')|planner>math,reasoner>math||solve_verify|solver:planner,verifier:coder|solver:PromptSlots(reasoning_mode='stepwise', upstream_usage='summary', output_style='raw', verification_mode='off', finalization='answer_only'),verifier:PromptSlots(reasoning_mode='direct', upstream_usage='summary', output_style='raw', verification_mode='strict', finalization='answer_only')|planner>coder||critique_revise|critic:coder,generator:planner,reviser:summarizer|critic:PromptSlots(reasoning_mode='direct', upstream_usage='summary', output_style='raw', verification_mode='strict', finalization='answer_only'),generator:PromptSlots(reasoning_mode='stepwise', upstream_usage='summary', output_style='raw', verification_mode='off', finalization='answer_only'),reviser:PromptSlots(reasoning_mode='direct', upstream_usage='summary', output_style='raw', verification_mode='light', finalization='answer_only')|coder>summarizer,planner>coder,planner>summarizer",1.0,1.0,1.0,1.0,stage1,8ccb2cc288fe,v4_4_code_bypass_stable_anchor,use_stage1_anchor,stage1,False,0,0
mbpp:499,2,53,phase2,structure|critiq,"structure|critique_revise|critic:verifier,generator:planner,reviser:debater_a|critic:PromptSlots(reasoning_mode='direct', upstream_usage='summary', output_style='raw', verification_mode='strict', finalization='answer_only'),generator:PromptSlots(reasoning_mode='stepwise', upstream_usage='summary', output_style='raw', verification_mode='off', finalization='answer_only'),reviser:PromptSlots(reasoning_mode='direct', upstream_usage='summary', output_style='raw', verification_mode='light', finalization='answer_only')|planner>debater_a,planner>verifier,verifier>debater_a||critique_revise|critic:coder,generator:verifier,reviser:debater_a|critic:PromptSlots(reasoning_mode='direct', upstream_usage='summary', output_style='raw', verification_mode='strict', finalization='answer_only'),generator:PromptSlots(reasoning_mode='stepwise', upstream_usage='summary', output_style='raw', verification_mode='off', finalization='answer_only'),reviser:PromptSlots(reasoning_mode='direct', upstream_usage='summary', output_style='raw', verification_mode='light', finalization='answer_only')|coder>debater_a,verifier>coder,verifier>debater_a||critique_revise|critic:coder,generator:planner,reviser:reasoner|critic:PromptSlots(reasoning_mode='direct', upstream_usage='summary', output_style='raw', verification_mode='strict', finalization='answer_only'),generator:PromptSlots(reasoning_mode='stepwise', upstream_usage='summary', output_style='raw', verification_mode='off', finalization='answer_only'),reviser:PromptSlots(reasoning_mode='direct', upstream_usage='summary', output_style='raw', verification_mode='light', finalization='answer_only')|coder>reasoner,planner>coder,planner>reasoner",1.0,1.0,1.0,1.0,stage1,2f3c67eb1aa6,v4_4_code_bypass_stable_anchor,use_stage1_anchor,stage1,False,0,0
mbpp:499,2,53,phase3a,structure|critiq,"structure|critique_revise|critic:verifier,generator:reasoner,reviser:coder|critic:PromptSlots(reasoning_mode='direct', upstream_usage='summary', output_style='raw', verification_mode='strict', finalization='answer_only'),generator:PromptSlots(reasoning_mode='stepwise', upstream_usage='summary', output_style='raw', verification_mode='off', finalization='answer_only'),reviser:PromptSlots(reasoning_mode='direct', upstream_usage='summary', output_style='raw', verification_mode='light', finalization='answer_only')|reasoner>coder,reasoner>verifier,verifier>coder||critique_revise|critic:coder,generator:planner,reviser:summarizer|critic:PromptSlots(reasoning_mode='direct', upstream_usage='summary', output_style='raw', verification_mode='strict', finalization='answer_only'),generator:PromptSlots(reasoning_mode='stepwise', upstream_usage='summary', output_style='raw', verification_mode='off', finalization='answer_only'),reviser:PromptSlots(reasoning_mode='direct', upstream_usage='summary', output_style='raw', verification_mode='light', finalization='answer_only')|coder>summarizer,planner>coder,planner>summarizer||critique_revise|critic:planner,generator:verifier,reviser:coder|critic:PromptSlots(reasoning_mode='direct', upstream_usage='summary', output_style='raw', verification_mode='strict', finalization='answer_only'),generator:PromptSlots(reasoning_mode='stepwise', upstream_usage='summary', output_style='raw', verification_mode='off', finalization='answer_only'),reviser:PromptSlots(reasoning_mode='direct', upstream_usage='summary', output_style='raw', verification_mode='light', finalization='answer_only')|planner>coder,verifier>coder,verifier>planner",1.0,1.0,1.0,1.0,checker_approved_proposal,1978391fa6d2,v4_4_code_bypass_stable_anchor,use_stage1_anchor,stage1+stage2,False,0,0
mbpp:506,1,50,phase2,structure|critiq,"structure|critique_revise|critic:researcher,generator:planner,reviser:verifier|critic:PromptSlots(reasoning_mode='direct', upstream_usage='summary', output_style='raw', verification_mode='strict', finalization='answer_only'),generator:PromptSlots(reasoning_mode='stepwise', upstream_usage='summary', output_style='raw', verification_mode='off', finalization='answer_only'),reviser:PromptSlots(reasoning_mode='direct', upstream_usage='summary', output_style='raw', verification_mode='light', finalization='answer_only')|planner>researcher,planner>verifier,researcher>verifier||critique_revise|critic:verifier,generator:summarizer,reviser:coder|critic:PromptSlots(reasoning_mode='direct', upstream_usage='summary', output_style='raw', verification_mode='strict', finalization='answer_only'),generator:PromptSlots(reasoning_mode='stepwise', upstream_usage='summary', output_style='raw', verification_mode='off', finalization='answer_only'),reviser:PromptSlots(reasoning_mode='direct', upstream_usage='summary', output_style='raw', verification_mode='light', finalization='answer_only')|summarizer>coder,summarizer>verifier,verifier>coder||critique_revise|critic:math,generator:verifier,reviser:coder|critic:PromptSlots(reasoning_mode='direct', upstream_usage='summary', output_style='raw', verification_mode='strict', finalization='answer_only'),generator:PromptSlots(reasoning_mode='stepwise', upstream_usage='summary', output_style='raw', verification_mode='off', finalization='answer_only'),reviser:PromptSlots(reasoning_mode='direct', upstream_usage='summary', output_style='raw', verification_mode='light', finalization='answer_only')|math>coder,verifier>coder,verifier>math",1.0,1.0,1.0,1.0,stage1,6d73e55325f3,v4_4_code_bypass_stable_anchor,use_stage1_anchor,stage1,False,0,0
mbpp:506,1,50,phase3a,structure|critiq,"structure|critique_revise|critic:verifier,generator:coder,reviser:planner|critic:PromptSlots(reasoning_mode='direct', upstream_usage='summary', output_style='raw', verification_mode='strict', finalization='answer_only'),generator:PromptSlots(reasoning_mode='stepwise', upstream_usage='summary', output_style='raw', verification_mode='off', finalization='answer_only'),reviser:PromptSlots(reasoning_mode='direct', upstream_usage='summary', output_style='raw', verification_mode='light', finalization='answer_only')|coder>planner,coder>verifier,verifier>planner||critique_revise|critic:coder,generator:planner,reviser:summarizer|critic:PromptSlots(reasoning_mode='direct', upstream_usage='summary', output_style='raw', verification_mode='strict', finalization='answer_only'),generator:PromptSlots(reasoning_mode='stepwise', upstream_usage='summary', output_style='raw', verification_mode='off', finalization='answer_only'),reviser:PromptSlots(reasoning_mode='direct', upstream_usage='summary', output_style='raw', verification_mode='light', finalization='answer_only')|coder>summarizer,planner>coder,planner>summarizer||critique_revise|critic:researcher,generator:verifier,reviser:planner|critic:PromptSlots(reasoning_mode='direct', upstream_usage='summary', output_style='raw', verification_mode='strict', finalization='answer_only'),generator:PromptSlots(reasoning_mode='stepwise', upstream_usage='summary', output_style='raw', verification_mode='off', finalization='answer_only'),reviser:PromptSlots(reasoning_mode='direct', upstream_usage='summary', output_style='raw', verification_mode='light', finalization='answer_only')|researcher>planner,verifier>planner,verifier>researcher",1.0,1.0,1.0,1.0,stage1,ec035fce37e7,v4_4_code_bypass_stable_anchor,use_stage1_anchor,stage1,False,0,0
mbpp:512,2,20,phase2,structure|critiq,"structure|critique_revise|critic:verifier,generator:math,reviser:reasoner|critic:PromptSlots(reasoning_mode='direct', upstream_usage='summary', output_style='raw', verification_mode='strict', finalization='answer_only'),generator:PromptSlots(reasoning_mode='stepwise', upstream_usage='summary', output_style='raw', verification_mode='off', finalization='answer_only'),reviser:PromptSlots(reasoning_mode='direct', upstream_usage='summary', output_style='raw', verification_mode='light', finalization='answer_only')|math>reasoner,math>verifier,verifier>reasoner||critique_revise|critic:coder,generator:planner,reviser:summarizer|critic:PromptSlots(reasoning_mode='direct', upstream_usage='summary', output_style='raw', verification_mode='strict', finalization='answer_only'),generator:PromptSlots(reasoning_mode='stepwise', upstream_usage='summary', output_style='raw', verification_mode='off', finalization='answer_only'),reviser:PromptSlots(reasoning_mode='direct', upstream_usage='summary', output_style='raw', verification_mode='light', finalization='answer_only')|coder>summarizer,planner>coder,planner>summarizer||critique_revise|critic:planner,generator:math,reviser:coder|critic:PromptSlots(reasoning_mode='direct', upstream_usage='summary', output_style='raw', verification_mode='strict', finalization='answer_only'),generator:PromptSlots(reasoning_mode='stepwise', upstream_usage='summary', output_style='raw', verification_mode='off', finalization='answer_only'),reviser:PromptSlots(reasoning_mode='direct', upstream_usage='summary', output_style='raw', verification_mode='light', finalization='answer_only')|math>coder,math>planner,planner>coder",1.0,1.0,1.0,1.0,stage1,b5de5e4449ed,v4_4_code_bypass_stable_anchor,use_stage1_anchor,stage1,False,0,0
mbpp:512,2,20,phase3a,structure|critiq,"structure|critique_revise|critic:researcher,generator:planner,reviser:coder|critic:PromptSlots(reasoning_mode='direct', upstream_usage='summary', output_style='raw', verification_mode='strict', finalization='answer_only'),generator:PromptSlots(reasoning_mode='stepwise', upstream_usage='summary', output_style='raw', verification_mode='off', finalization='answer_only'),reviser:PromptSlots(reasoning_mode='direct', upstream_usage='summary', output_style='raw', verification_mode='light', finalization='answer_only')|planner>coder,planner>researcher,researcher>coder||critique_revise|critic:coder,generator:verifier,reviser:summarizer|critic:PromptSlots(reasoning_mode='direct', upstream_usage='summary', output_style='raw', verification_mode='strict', finalization='answer_only'),generator:PromptSlots(reasoning_mode='stepwise', upstream_usage='summary', output_style='raw', verification_mode='off', finalization='answer_only'),reviser:PromptSlots(reasoning_mode='direct', upstream_usage='summary', output_style='raw', verification_mode='light', finalization='answer_only')|coder>summarizer,verifier>coder,verifier>summarizer||critique_revise|critic:coder,generator:math,reviser:researcher|critic:PromptSlots(reasoning_mode='direct', upstream_usage='summary', output_style='raw', verification_mode='strict', finalization='answer_only'),generator:PromptSlots(reasoning_mode='stepwise', upstream_usage='summary', output_style='raw', verification_mode='off', finalization='answer_only'),reviser:PromptSlots(reasoning_mode='direct', upstream_usage='summary', output_style='raw', verification_mode='light', finalization='answer_only')|coder>researcher,math>coder,math>researcher",1.0,1.0,1.0,1.0,stage1,37f839ffb7ae,v4_4_code_bypass_stable_anchor,use_stage1_anchor,stage1,False,0,0
mbpp:516,0,43,phase2,structure|critiq,"structure|critique_revise|critic:verifier,generator:coder,reviser:researcher|critic:PromptSlots(reasoning_mode='direct', upstream_usage='summary', output_style='raw', verification_mode='strict', finalization='answer_only'),generator:PromptSlots(reasoning_mode='stepwise', upstream_usage='summary', output_style='raw', verification_mode='off', finalization='answer_only'),reviser:PromptSlots(reasoning_mode='direct', upstream_usage='summary', output_style='raw', verification_mode='light', finalization='answer_only')|coder>researcher,coder>verifier,verifier>researcher||solve_verify|solver:planner,verifier:verifier|solver:PromptSlots(reasoning_mode='stepwise', upstream_usage='summary', output_style='raw', verification_mode='off', finalization='answer_only'),verifier:PromptSlots(reasoning_mode='direct', upstream_usage='summary', output_style='raw', verification_mode='strict', finalization='answer_only')|planner>verifier||critique_revise|critic:planner,generator:researcher,reviser:coder|critic:PromptSlots(reasoning_mode='direct', upstream_usage='summary', output_style='raw', verification_mode='strict', finalization='answer_only'),generator:PromptSlots(reasoning_mode='stepwise', upstream_usage='summary', output_style='raw', verification_mode='off', finalization='answer_only'),reviser:PromptSlots(reasoning_mode='direct', upstream_usage='summary', output_style='raw', verification_mode='light', finalization='answer_only')|planner>coder,researcher>coder,researcher>planner",1.0,1.0,1.0,1.0,stage1,e356ceab413e,v4_4_code_bypass_stable_anchor,use_stage1_anchor,stage1,False,0,0
mbpp:516,0,43,phase3a,structure|parall,"structure|parallel_vote|aggregator:coder,solver_a:planner,solver_b:reasoner|aggregator:PromptSlots(reasoning_mode='direct', upstream_usage='summary', output_style='raw', verification_mode='light', finalization='answer_only'),solver_a:PromptSlots(reasoning_mode='stepwise', upstream_usage='summary', output_style='raw', verification_mode='off', finalization='answer_only'),solver_b:PromptSlots(reasoning_mode='stepwise', upstream_usage='summary', output_style='raw', verification_mode='off', finalization='answer_only')|planner>coder,reasoner>coder||critique_revise|critic:coder,generator:math,reviser:planner|critic:PromptSlots(reasoning_mode='direct', upstream_usage='summary', output_style='raw', verification_mode='strict', finalization='answer_only'),generator:PromptSlots(reasoning_mode='stepwise', upstream_usage='summary', output_style='raw', verification_mode='off', finalization='answer_only'),reviser:PromptSlots(reasoning_mode='direct', upstream_usage='summary', output_style='raw', verification_mode='light', finalization='answer_only')|coder>planner,math>coder,math>planner||critique_revise|critic:verifier,generator:coder,reviser:researcher|critic:PromptSlots(reasoning_mode='direct', upstream_usage='summary', output_style='raw', verification_mode='strict', finalization='answer_only'),generator:PromptSlots(reasoning_mode='stepwise', upstream_usage='summary', output_style='raw', verification_mode='off', finalization='answer_only'),reviser:PromptSlots(reasoning_mode='direct', upstream_usage='summary', output_style='raw', verification_mode='light', finalization='answer_only')|coder>researcher,coder>verifier,verifier>researcher",1.0,1.0,1.0,1.0,stage1,8ed2be06e0dc,v4_4_code_bypass_stable_anchor,use_stage1_anchor,stage1,False,0,0
mbpp:52,1,0,phase2,structure|critiq,"structure|critique_revise|critic:verifier,generator:coder,reviser:summarizer|critic:PromptSlots(reasoning_mode='direct', upstream_usage='summary', output_style='raw', verification_mode='strict', finalization='answer_only'),generator:PromptSlots(reasoning_mode='stepwise', upstream_usage='summary', output_style='raw', verification_mode='off', finalization='answer_only'),reviser:PromptSlots(reasoning_mode='direct', upstream_usage='summary', output_style='raw', verification_mode='light', finalization='answer_only')|coder>summarizer,coder>verifier,verifier>summarizer||route_solve|aggregator:verifier,router:reasoner,solver:coder|aggregator:PromptSlots(reasoning_mode='direct', upstream_usage='summary', output_style='raw', verification_mode='light', finalization='answer_only'),router:PromptSlots(reasoning_mode='direct', upstream_usage='summary', output_style='raw', verification_mode='light', finalization='answer_only'),solver:PromptSlots(reasoning_mode='stepwise', upstream_usage='summary', output_style='raw', verification_mode='off', finalization='answer_only')|coder>verifier,reasoner>coder||route_solve|aggregator:skeptic,router:planner,solver:coder|aggregator:PromptSlots(reasoning_mode='direct', upstream_usage='summary', output_style='raw', verification_mode='light', finalization='answer_only'),router:PromptSlots(reasoning_mode='direct', upstream_usage='summary', output_style='raw', verification_mode='light', finalization='answer_only'),solver:PromptSlots(reasoning_mode='stepwise', upstream_usage='summary', output_style='raw', verification_mode='off', finalization='answer_only')|coder>skeptic,planner>coder",1.0,1.0,1.0,1.0,stage1,271c72f1e9bc,v4_4_code_bypass_stable_anchor,use_stage1_anchor,stage1,False,0,0
mbpp:52,1,0,phase3a,structure|critiq,"structure|critique_revise|critic:verifier,generator:coder,reviser:summarizer|critic:PromptSlots(reasoning_mode='direct', upstream_usage='summary', output_style='raw', verification_mode='strict', finalization='answer_only'),generator:PromptSlots(reasoning_mode='stepwise', upstream_usage='summary', output_style='raw', verification_mode='off', finalization='answer_only'),reviser:PromptSlots(reasoning_mode='direct', upstream_usage='summary', output_style='raw', verification_mode='light', finalization='answer_only')|coder>summarizer,coder>verifier,verifier>summarizer||route_solve|aggregator:skeptic,router:planner,solver:coder|aggregator:PromptSlots(reasoning_mode='direct', upstream_usage='summary', output_style='raw', verification_mode='light', finalization='answer_only'),router:PromptSlots(reasoning_mode='direct', upstream_usage='summary', output_style='raw', verification_mode='light', finalization='answer_only'),solver:PromptSlots(reasoning_mode='stepwise', upstream_usage='summary', output_style='raw', verification_mode='off', finalization='answer_only')|coder>skeptic,planner>coder||route_solve|aggregator:verifier,router:reasoner,solver:coder|aggregator:PromptSlots(reasoning_mode='direct', upstream_usage='summary', output_style='raw', verification_mode='light', finalization='answer_only'),router:PromptSlots(reasoning_mode='direct', upstream_usage='summary', output_style='raw', verification_mode='light', finalization='answer_only'),solver:PromptSlots(reasoning_mode='stepwise', upstream_usage='summary', output_style='raw', verification_mode='off', finalization='answer_only')|coder>verifier,reasoner>coder",1.0,1.0,1.0,1.0,sink_output,3c36ed86029a,v4_4_code_bypass_stable_anchor,use_stage1_anchor,stage1+stage2,False,0,0
mbpp:526,1,23,phase2,structure|critiq,"structure|critique_revise|critic:verifier,generator:planner,reviser:coder|critic:PromptSlots(reasoning_mode='direct', upstream_usage='summary', output_style='raw', verification_mode='strict', finalization='answer_only'),generator:PromptSlots(reasoning_mode='stepwise', upstream_usage='summary', output_style='raw', verification_mode='off', finalization='answer_only'),reviser:PromptSlots(reasoning_mode='direct', upstream_usage='summary', output_style='raw', verification_mode='light', finalization='answer_only')|planner>coder,planner>verifier,verifier>coder||route_solve|aggregator:math,router:planner,solver:coder|aggregator:PromptSlots(reasoning_mode='direct', upstream_usage='summary', output_style='raw', verification_mode='light', finalization='answer_only'),router:PromptSlots(reasoning_mode='direct', upstream_usage='summary', output_style='raw', verification_mode='light', finalization='answer_only'),solver:PromptSlots(reasoning_mode='stepwise', upstream_usage='summary', output_style='raw', verification_mode='off', finalization='answer_only')|coder>math,planner>coder||solve_verify|solver:planner,verifier:coder|solver:PromptSlots(reasoning_mode='stepwise', upstream_usage='summary', output_style='raw', verification_mode='off', finalization='answer_only'),verifier:PromptSlots(reasoning_mode='direct', upstream_usage='summary', output_style='raw', verification_mode='strict', finalization='answer_only')|planner>coder",1.0,1.0,1.0,1.0,stage1,190b68e54a20,v4_4_code_bypass_stable_anchor,use_stage1_anchor,stage1,False,0,0
mbpp:526,1,23,phase3a,structure|parall,"structure|parallel_vote|aggregator:summarizer,solver_a:coder,solver_b:reasoner|aggregator:PromptSlots(reasoning_mode='direct', upstream_usage='summary', output_style='raw', verification_mode='light', finalization='answer_only'),solver_a:PromptSlots(reasoning_mode='stepwise', upstream_usage='summary', output_style='raw', verification_mode='off', finalization='answer_only'),solver_b:PromptSlots(reasoning_mode='stepwise', upstream_usage='summary', output_style='raw', verification_mode='off', finalization='answer_only')|coder>summarizer,reasoner>summarizer||parallel_vote|aggregator:coder,solver_a:planner,solver_b:reasoner|aggregator:PromptSlots(reasoning_mode='direct', upstream_usage='summary', output_style='raw', verification_mode='light', finalization='answer_only'),solver_a:PromptSlots(reasoning_mode='stepwise', upstream_usage='summary', output_style='raw', verification_mode='off', finalization='answer_only'),solver_b:PromptSlots(reasoning_mode='stepwise', upstream_usage='summary', output_style='raw', verification_mode='off', finalization='answer_only')|planner>coder,reasoner>coder||critique_revise|critic:verifier,generator:planner,reviser:math|critic:PromptSlots(reasoning_mode='direct', upstream_usage='summary', output_style='raw', verification_mode='strict', finalization='answer_only'),generator:PromptSlots(reasoning_mode='stepwise', upstream_usage='summary', output_style='raw', verification_mode='off', finalization='answer_only'),reviser:PromptSlots(reasoning_mode='direct', upstream_usage='summary', output_style='raw', verification_mode='light', finalization='answer_only')|planner>math,planner>verifier,verifier>math",1.0,1.0,1.0,1.0,stage1,08242325cd2e,v4_4_code_bypass_stable_anchor,use_stage1_anchor,stage1,False,0,0
mbpp:527,1,17,phase2,structure|parall,"structure|parallel_vote|aggregator:verifier,solver_a:debater_b,solver_b:reasoner|aggregator:PromptSlots(reasoning_mode='direct', upstream_usage='summary', output_style='raw', verification_mode='light', finalization='answer_only'),solver_a:PromptSlots(reasoning_mode='stepwise', upstream_usage='summary', output_style='raw', verification_mode='off', finalization='answer_only'),solver_b:PromptSlots(reasoning_mode='stepwise', upstream_usage='summary', output_style='raw', verification_mode='off', finalization='answer_only')|debater_b>verifier,reasoner>verifier||critique_revise|critic:verifier,generator:planner,reviser:coder|critic:PromptSlots(reasoning_mode='direct', upstream_usage='summary', output_style='raw', verification_mode='strict', finalization='answer_only'),generator:PromptSlots(reasoning_mode='stepwise', upstream_usage='summary', output_style='raw', verification_mode='off', finalization='answer_only'),reviser:PromptSlots(reasoning_mode='direct', upstream_usage='summary', output_style='raw', verification_mode='light', finalization='answer_only')|planner>coder,planner>verifier,verifier>coder||route_solve|aggregator:verifier,router:planner,solver:coder|aggregator:PromptSlots(reasoning_mode='direct', upstream_usage='summary', output_style='raw', verification_mode='light', finalization='answer_only'),router:PromptSlots(reasoning_mode='direct', upstream_usage='summary', output_style='raw', verification_mode='light', finalization='answer_only'),solver:PromptSlots(reasoning_mode='stepwise', upstream_usage='summary', output_style='raw', verification_mode='off', finalization='answer_only')|coder>verifier,planner>coder",1.0,1.0,1.0,1.0,stage1,d68db6862e39,v4_4_code_bypass_stable_anchor,use_stage1_anchor,stage1,False,0,0
mbpp:527,1,17,phase3a,structure|critiq,"structure|critique_revise|critic:verifier,generator:coder,reviser:planner|critic:PromptSlots(reasoning_mode='direct', upstream_usage='summary', output_style='raw', verification_mode='strict', finalization='answer_only'),generator:PromptSlots(reasoning_mode='stepwise', upstream_usage='summary', output_style='raw', verification_mode='off', finalization='answer_only'),reviser:PromptSlots(reasoning_mode='direct', upstream_usage='summary', output_style='raw', verification_mode='light', finalization='answer_only')|coder>planner,coder>verifier,verifier>planner||critique_revise|critic:verifier,generator:planner,reviser:summarizer|critic:PromptSlots(reasoning_mode='direct', upstream_usage='summary', output_style='raw', verification_mode='strict', finalization='answer_only'),generator:PromptSlots(reasoning_mode='stepwise', upstream_usage='summary', output_style='raw', verification_mode='off', finalization='answer_only'),reviser:PromptSlots(reasoning_mode='direct', upstream_usage='summary', output_style='raw', verification_mode='light', finalization='answer_only')|planner>summarizer,planner>verifier,verifier>summarizer||critique_revise|critic:verifier,generator:math,reviser:coder|critic:PromptSlots(reasoning_mode='direct', upstream_usage='summary', output_style='raw', verification_mode='strict', finalization='answer_only'),generator:PromptSlots(reasoning_mode='stepwise', upstream_usage='summary', output_style='raw', verification_mode='off', finalization='answer_only'),reviser:PromptSlots(reasoning_mode='direct', upstream_usage='summary', output_style='raw', verification_mode='light', finalization='answer_only')|math>coder,math>verifier,verifier>coder",1.0,1.0,1.0,1.0,stage1,ba40b8e0e59b,v4_4_code_bypass_stable_anchor,use_stage1_anchor,stage1,False,0,0
mbpp:531,2,2,phase2,structure|critiq,"structure|critique_revise|critic:coder,generator:reasoner,reviser:debater_a|critic:PromptSlots(reasoning_mode='direct', upstream_usage='summary', output_style='raw', verification_mode='strict', finalization='answer_only'),generator:PromptSlots(reasoning_mode='stepwise', upstream_usage='summary', output_style='raw', verification_mode='off', finalization='answer_only'),reviser:PromptSlots(reasoning_mode='direct', upstream_usage='summary', output_style='raw', verification_mode='light', finalization='answer_only')|coder>debater_a,reasoner>coder,reasoner>debater_a||critique_revise|critic:verifier,generator:coder,reviser:summarizer|critic:PromptSlots(reasoning_mode='direct', upstream_usage='summary', output_style='raw', verification_mode='strict', finalization='answer_only'),generator:PromptSlots(reasoning_mode='stepwise', upstream_usage='summary', output_style='raw', verification_mode='off', finalization='answer_only'),reviser:PromptSlots(reasoning_mode='direct', upstream_usage='summary', output_style='raw', verification_mode='light', finalization='answer_only')|coder>summarizer,coder>verifier,verifier>summarizer||critique_revise|critic:coder,generator:reasoner,reviser:planner|critic:PromptSlots(reasoning_mode='direct', upstream_usage='summary', output_style='raw', verification_mode='strict', finalization='answer_only'),generator:PromptSlots(reasoning_mode='stepwise', upstream_usage='summary', output_style='raw', verification_mode='off', finalization='answer_only'),reviser:PromptSlots(reasoning_mode='direct', upstream_usage='summary', output_style='raw', verification_mode='light', finalization='answer_only')|coder>planner,reasoner>coder,reasoner>planner",1.0,1.0,1.0,1.0,stage1,4438e4596f32,v4_4_code_bypass_stable_anchor,use_stage1_anchor,stage1,False,0,0
mbpp:531,2,2,phase3a,structure|critiq,"structure|critique_revise|critic:coder,generator:math,reviser:debater_a|critic:PromptSlots(reasoning_mode='direct', upstream_usage='summary', output_style='raw', verification_mode='strict', finalization='answer_only'),generator:PromptSlots(reasoning_mode='stepwise', upstream_usage='summary', output_style='raw', verification_mode='off', finalization='answer_only'),reviser:PromptSlots(reasoning_mode='direct', upstream_usage='summary', output_style='raw', verification_mode='light', finalization='answer_only')|coder>debater_a,math>coder,math>debater_a||critique_revise|critic:verifier,generator:coder,reviser:summarizer|critic:PromptSlots(reasoning_mode='direct', upstream_usage='summary', output_style='raw', verification_mode='strict', finalization='answer_only'),generator:PromptSlots(reasoning_mode='stepwise', upstream_usage='summary', output_style='raw', verification_mode='off', finalization='answer_only'),reviser:PromptSlots(reasoning_mode='direct', upstream_usage='summary', output_style='raw', verification_mode='light', finalization='answer_only')|coder>summarizer,coder>verifier,verifier>summarizer||critique_revise|critic:coder,generator:verifier,reviser:planner|critic:PromptSlots(reasoning_mode='direct', upstream_usage='summary', output_style='raw', verification_mode='strict', finalization='answer_only'),generator:PromptSlots(reasoning_mode='stepwise', upstream_usage='summary', output_style='raw', verification_mode='off', finalization='answer_only'),reviser:PromptSlots(reasoning_mode='direct', upstream_usage='summary', output_style='raw', verification_mode='light', finalization='answer_only')|coder>planner,verifier>coder,verifier>planner",1.0,1.0,1.0,1.0,stage1,ac4335881858,v4_4_code_bypass_stable_anchor,use_stage1_anchor,stage1,False,0,0
mbpp:540,0,47,phase2,structure|critiq,"structure|critique_revise|critic:verifier,generator:planner,reviser:math|critic:PromptSlots(reasoning_mode='direct', upstream_usage='summary', output_style='raw', verification_mode='strict', finalization='answer_only'),generator:PromptSlots(reasoning_mode='stepwise', upstream_usage='summary', output_style='raw', verification_mode='off', finalization='answer_only'),reviser:PromptSlots(reasoning_mode='direct', upstream_usage='summary', output_style='raw', verification_mode='light', finalization='answer_only')|planner>math,planner>verifier,verifier>math||debate_judge|debater_a:coder,debater_b:reasoner,judge:verifier|debater_a:PromptSlots(reasoning_mode='direct', upstream_usage='summary', output_style='raw', verification_mode='off', finalization='answer_only'),debater_b:PromptSlots(reasoning_mode='direct', upstream_usage='summary', output_style='raw', verification_mode='off', finalization='answer_only'),judge:PromptSlots(reasoning_mode='direct', upstream_usage='summary', output_style='raw', verification_mode='strict', finalization='answer_only')|coder>verifier,reasoner>verifier||solve_verify|solver:planner,verifier:coder|solver:PromptSlots(reasoning_mode='stepwise', upstream_usage='summary', output_style='raw', verification_mode='off', finalization='answer_only'),verifier:PromptSlots(reasoning_mode='direct', upstream_usage='summary', output_style='raw', verification_mode='strict', finalization='answer_only')|planner>coder",1.0,1.0,1.0,1.0,stage1,61f329800742,v4_4_code_bypass_stable_anchor,use_stage1_anchor,stage1,False,0,0
mbpp:540,0,47,phase3a,structure|critiq,"structure|critique_revise|critic:verifier,generator:planner,reviser:debater_a|critic:PromptSlots(reasoning_mode='direct', upstream_usage='summary', output_style='raw', verification_mode='strict', finalization='answer_only'),generator:PromptSlots(reasoning_mode='stepwise', upstream_usage='summary', output_style='raw', verification_mode='off', finalization='answer_only'),reviser:PromptSlots(reasoning_mode='direct', upstream_usage='summary', output_style='raw', verification_mode='light', finalization='answer_only')|planner>debater_a,planner>verifier,verifier>debater_a||parallel_vote|aggregator:coder,solver_a:planner,solver_b:reasoner|aggregator:PromptSlots(reasoning_mode='direct', upstream_usage='summary', output_style='raw', verification_mode='light', finalization='answer_only'),solver_a:PromptSlots(reasoning_mode='stepwise', upstream_usage='summary', output_style='raw', verification_mode='off', finalization='answer_only'),solver_b:PromptSlots(reasoning_mode='stepwise', upstream_usage='summary', output_style='raw', verification_mode='off', finalization='answer_only')|planner>coder,reasoner>coder||critique_revise|critic:coder,generator:planner,reviser:summarizer|critic:PromptSlots(reasoning_mode='direct', upstream_usage='summary', output_style='raw', verification_mode='strict', finalization='answer_only'),generator:PromptSlots(reasoning_mode='stepwise', upstream_usage='summary', output_style='raw', verification_mode='off', finalization='answer_only'),reviser:PromptSlots(reasoning_mode='direct', upstream_usage='summary', output_style='raw', verification_mode='light', finalization='answer_only')|coder>summarizer,planner>coder,planner>summarizer",1.0,1.0,1.0,1.0,stage1,aae4d268e471,v4_4_code_bypass_stable_anchor,use_stage1_anchor,stage1,False,0,0
mbpp:547,2,18,phase2,structure|critiq,"structure|critique_revise|critic:planner,generator:reasoner,reviser:coder|critic:PromptSlots(reasoning_mode='direct', upstream_usage='summary', output_style='raw', verification_mode='strict', finalization='answer_only'),generator:PromptSlots(reasoning_mode='stepwise', upstream_usage='summary', output_style='raw', verification_mode='off', finalization='answer_only'),reviser:PromptSlots(reasoning_mode='direct', upstream_usage='summary', output_style='raw', verification_mode='light', finalization='answer_only')|planner>coder,reasoner>coder,reasoner>planner||critique_revise|critic:coder,generator:reasoner,reviser:math|critic:PromptSlots(reasoning_mode='direct', upstream_usage='summary', output_style='raw', verification_mode='strict', finalization='answer_only'),generator:PromptSlots(reasoning_mode='stepwise', upstream_usage='summary', output_style='raw', verification_mode='off', finalization='answer_only'),reviser:PromptSlots(reasoning_mode='direct', upstream_usage='summary', output_style='raw', verification_mode='light', finalization='answer_only')|coder>math,reasoner>coder,reasoner>math||critique_revise|critic:verifier,generator:coder,reviser:researcher|critic:PromptSlots(reasoning_mode='direct', upstream_usage='summary', output_style='raw', verification_mode='strict', finalization='answer_only'),generator:PromptSlots(reasoning_mode='stepwise', upstream_usage='summary', output_style='raw', verification_mode='off', finalization='answer_only'),reviser:PromptSlots(reasoning_mode='direct', upstream_usage='summary', output_style='raw', verification_mode='light', finalization='answer_only')|coder>researcher,coder>verifier,verifier>researcher",1.0,1.0,1.0,1.0,stage1,64761e2d4f2d,v4_4_code_bypass_stable_anchor,use_stage1_anchor,stage1,False,0,0
mbpp:547,2,18,phase3a,structure|critiq,"structure|critique_revise|critic:verifier,generator:math,reviser:coder|critic:PromptSlots(reasoning_mode='direct', upstream_usage='summary', output_style='raw', verification_mode='strict', finalization='answer_only'),generator:PromptSlots(reasoning_mode='stepwise', upstream_usage='summary', output_style='raw', verification_mode='off', finalization='answer_only'),reviser:PromptSlots(reasoning_mode='direct', upstream_usage='summary', output_style='raw', verification_mode='light', finalization='answer_only')|math>coder,math>verifier,verifier>coder||critique_revise|critic:researcher,generator:planner,reviser:summarizer|critic:PromptSlots(reasoning_mode='direct', upstream_usage='summary', output_style='raw', verification_mode='strict', finalization='answer_only'),generator:PromptSlots(reasoning_mode='stepwise', upstream_usage='summary', output_style='raw', verification_mode='off', finalization='answer_only'),reviser:PromptSlots(reasoning_mode='direct', upstream_usage='summary', output_style='raw', verification_mode='light', finalization='answer_only')|planner>researcher,planner>summarizer,researcher>summarizer||critique_revise|critic:verifier,generator:planner,reviser:researcher|critic:PromptSlots(reasoning_mode='direct', upstream_usage='summary', output_style='raw', verification_mode='strict', finalization='answer_only'),generator:PromptSlots(reasoning_mode='stepwise', upstream_usage='summary', output_style='raw', verification_mode='off', finalization='answer_only'),reviser:PromptSlots(reasoning_mode='direct', upstream_usage='summary', output_style='raw', verification_mode='light', finalization='answer_only')|planner>researcher,planner>verifier,verifier>researcher",1.0,1.0,1.0,1.0,stage1,64761e2d4f2d,v4_4_code_bypass_stable_anchor,use_stage1_anchor,stage1,False,0,0
mbpp:55,0,30,phase2,structure|critiq,"structure|critique_revise|critic:verifier,generator:math,reviser:coder|critic:PromptSlots(reasoning_mode='direct', upstream_usage='summary', output_style='raw', verification_mode='strict', finalization='answer_only'),generator:PromptSlots(reasoning_mode='stepwise', upstream_usage='summary', output_style='raw', verification_mode='off', finalization='answer_only'),reviser:PromptSlots(reasoning_mode='direct', upstream_usage='summary', output_style='raw', verification_mode='light', finalization='answer_only')|math>coder,math>verifier,verifier>coder||route_solve|aggregator:debater_a,router:planner,solver:coder|aggregator:PromptSlots(reasoning_mode='direct', upstream_usage='summary', output_style='raw', verification_mode='light', finalization='answer_only'),router:PromptSlots(reasoning_mode='direct', upstream_usage='summary', output_style='raw', verification_mode='light', finalization='answer_only'),solver:PromptSlots(reasoning_mode='stepwise', upstream_usage='summary', output_style='raw', verification_mode='off', finalization='answer_only')|coder>debater_a,planner>coder||route_solve|aggregator:verifier,router:reasoner,solver:coder|aggregator:PromptSlots(reasoning_mode='direct', upstream_usage='summary', output_style='raw', verification_mode='light', finalization='answer_only'),router:PromptSlots(reasoning_mode='direct', upstream_usage='summary', output_style='raw', verification_mode='light', finalization='answer_only'),solver:PromptSlots(reasoning_mode='stepwise', upstream_usage='summary', output_style='raw', verification_mode='off', finalization='answer_only')|coder>verifier,reasoner>coder",1.0,1.0,1.0,1.0,sink_output,3ed2b5724a05,v4_4_code_bypass_stable_anchor,use_stage1_anchor,stage1+stage2,False,0,0
mbpp:55,0,30,phase3a,structure|parall,"structure|parallel_vote|aggregator:coder,solver_a:skeptic,solver_b:reasoner|aggregator:PromptSlots(reasoning_mode='direct', upstream_usage='summary', output_style='raw', verification_mode='light', finalization='answer_only'),solver_a:PromptSlots(reasoning_mode='stepwise', upstream_usage='summary', output_style='raw', verification_mode='off', finalization='answer_only'),solver_b:PromptSlots(reasoning_mode='stepwise', upstream_usage='summary', output_style='raw', verification_mode='off', finalization='answer_only')|reasoner>coder,skeptic>coder||route_solve|aggregator:math,router:planner,solver:coder|aggregator:PromptSlots(reasoning_mode='direct', upstream_usage='summary', output_style='raw', verification_mode='light', finalization='answer_only'),router:PromptSlots(reasoning_mode='direct', upstream_usage='summary', output_style='raw', verification_mode='light', finalization='answer_only'),solver:PromptSlots(reasoning_mode='stepwise', upstream_usage='summary', output_style='raw', verification_mode='off', finalization='answer_only')|coder>math,planner>coder||parallel_vote|aggregator:coder,solver_a:planner,solver_b:reasoner|aggregator:PromptSlots(reasoning_mode='direct', upstream_usage='summary', output_style='raw', verification_mode='light', finalization='answer_only'),solver_a:PromptSlots(reasoning_mode='stepwise', upstream_usage='summary', output_style='raw', verification_mode='off', finalization='answer_only'),solver_b:PromptSlots(reasoning_mode='stepwise', upstream_usage='summary', output_style='raw', verification_mode='off', finalization='answer_only')|planner>coder,reasoner>coder",1.0,1.0,1.0,1.0,stage1,3ed2b5724a05,v4_4_code_bypass_stable_anchor,use_stage1_anchor,stage1,False,0,0
mbpp:550,1,14,phase2,structure|solve_,"structure|solve_verify|solver:planner,verifier:verifier|solver:PromptSlots(reasoning_mode='stepwise', upstream_usage='summary', output_style='raw', verification_mode='off', finalization='answer_only'),verifier:PromptSlots(reasoning_mode='direct', upstream_usage='summary', output_style='raw', verification_mode='strict', finalization='answer_only')|planner>verifier||parallel_vote|aggregator:skeptic,solver_a:planner,solver_b:reasoner|aggregator:PromptSlots(reasoning_mode='direct', upstream_usage='summary', output_style='raw', verification_mode='light', finalization='answer_only'),solver_a:PromptSlots(reasoning_mode='stepwise', upstream_usage='summary', output_style='raw', verification_mode='off', finalization='answer_only'),solver_b:PromptSlots(reasoning_mode='stepwise', upstream_usage='summary', output_style='raw', verification_mode='off', finalization='answer_only')|planner>skeptic,reasoner>skeptic||debate_judge|debater_a:coder,debater_b:reasoner,judge:verifier|debater_a:PromptSlots(reasoning_mode='direct', upstream_usage='summary', output_style='raw', verification_mode='off', finalization='answer_only'),debater_b:PromptSlots(reasoning_mode='direct', upstream_usage='summary', output_style='raw', verification_mode='off', finalization='answer_only'),judge:PromptSlots(reasoning_mode='direct', upstream_usage='summary', output_style='raw', verification_mode='strict', finalization='answer_only')|coder>verifier,reasoner>verifier",1.0,1.0,1.0,1.0,stage1,c4814449d6fe,v4_4_code_bypass_stable_anchor,use_stage1_anchor,stage1,False,0,0
mbpp:550,1,14,phase3a,structure|critiq,"structure|critique_revise|critic:verifier,generator:debater_a,reviser:coder|critic:PromptSlots(reasoning_mode='direct', upstream_usage='summary', output_style='raw', verification_mode='strict', finalization='answer_only'),generator:PromptSlots(reasoning_mode='stepwise', upstream_usage='summary', output_style='raw', verification_mode='off', finalization='answer_only'),reviser:PromptSlots(reasoning_mode='direct', upstream_usage='summary', output_style='raw', verification_mode='light', finalization='answer_only')|debater_a>coder,debater_a>verifier,verifier>coder||critique_revise|critic:verifier,generator:planner,reviser:reasoner|critic:PromptSlots(reasoning_mode='direct', upstream_usage='summary', output_style='raw', verification_mode='strict', finalization='answer_only'),generator:PromptSlots(reasoning_mode='stepwise', upstream_usage='summary', output_style='raw', verification_mode='off', finalization='answer_only'),reviser:PromptSlots(reasoning_mode='direct', upstream_usage='summary', output_style='raw', verification_mode='light', finalization='answer_only')|planner>reasoner,planner>verifier,verifier>reasoner||critique_revise|critic:verifier,generator:coder,reviser:summarizer|critic:PromptSlots(reasoning_mode='direct', upstream_usage='summary', output_style='raw', verification_mode='strict', finalization='answer_only'),generator:PromptSlots(reasoning_mode='stepwise', upstream_usage='summary', output_style='raw', verification_mode='off', finalization='answer_only'),reviser:PromptSlots(reasoning_mode='direct', upstream_usage='summary', output_style='raw', verification_mode='light', finalization='answer_only')|coder>summarizer,coder>verifier,verifier>summarizer",1.0,1.0,1.0,1.0,stage1,1e3e914d0a03,v4_4_code_bypass_stable_anchor,use_stage1_anchor,stage1,False,0,0
mbpp:552,2,30,phase2,structure|critiq,"structure|critique_revise|critic:verifier,generator:planner,reviser:debater_a|critic:PromptSlots(reasoning_mode='direct', upstream_usage='summary', output_style='raw', verification_mode='strict', finalization='answer_only'),generator:PromptSlots(reasoning_mode='stepwise', upstream_usage='summary', output_style='raw', verification_mode='off', finalization='answer_only'),reviser:PromptSlots(reasoning_mode='direct', upstream_usage='summary', output_style='raw', verification_mode='light', finalization='answer_only')|planner>debater_a,planner>verifier,verifier>debater_a||route_solve|aggregator:skeptic,router:planner,solver:coder|aggregator:PromptSlots(reasoning_mode='direct', upstream_usage='summary', output_style='raw', verification_mode='light', finalization='answer_only'),router:PromptSlots(reasoning_mode='direct', upstream_usage='summary', output_style='raw', verification_mode='light', finalization='answer_only'),solver:PromptSlots(reasoning_mode='stepwise', upstream_usage='summary', output_style='raw', verification_mode='off', finalization='answer_only')|coder>skeptic,planner>coder||critique_revise|critic:verifier,generator:planner,reviser:coder|critic:PromptSlots(reasoning_mode='direct', upstream_usage='summary', output_style='raw', verification_mode='strict', finalization='answer_only'),generator:PromptSlots(reasoning_mode='stepwise', upstream_usage='summary', output_style='raw', verification_mode='off', finalization='answer_only'),reviser:PromptSlots(reasoning_mode='direct', upstream_usage='summary', output_style='raw', verification_mode='light', finalization='answer_only')|planner>coder,planner>verifier,verifier>coder",0.0,0.0,0.76,0.76,stage1_anchor,5d3d6a36418b,v4_4_code_anchor_guard_preserve,use_stage1_anchor,stage1,False,3,1
mbpp:552,2,30,phase3a,structure|critiq,"structure|critique_revise|critic:verifier,generator:debater_a,reviser:summarizer|critic:PromptSlots(reasoning_mode='direct', upstream_usage='summary', output_style='raw', verification_mode='strict', finalization='answer_only'),generator:PromptSlots(reasoning_mode='stepwise', upstream_usage='summary', output_style='raw', verification_mode='off', finalization='answer_only'),reviser:PromptSlots(reasoning_mode='direct', upstream_usage='summary', output_style='raw', verification_mode='light', finalization='answer_only')|debater_a>summarizer,debater_a>verifier,verifier>summarizer||route_solve|aggregator:skeptic,router:planner,solver:coder|aggregator:PromptSlots(reasoning_mode='direct', upstream_usage='summary', output_style='raw', verification_mode='light', finalization='answer_only'),router:PromptSlots(reasoning_mode='direct', upstream_usage='summary', output_style='raw', verification_mode='light', finalization='answer_only'),solver:PromptSlots(reasoning_mode='stepwise', upstream_usage='summary', output_style='raw', verification_mode='off', finalization='answer_only')|coder>skeptic,planner>coder||critique_revise|critic:verifier,generator:planner,reviser:coder|critic:PromptSlots(reasoning_mode='direct', upstream_usage='summary', output_style='raw', verification_mode='strict', finalization='answer_only'),generator:PromptSlots(reasoning_mode='stepwise', upstream_usage='summary', output_style='raw', verification_mode='off', finalization='answer_only'),reviser:PromptSlots(reasoning_mode='direct', upstream_usage='summary', output_style='raw', verification_mode='light', finalization='answer_only')|planner>coder,planner>verifier,verifier>coder",0.0,0.0,0.76,0.76,sink_output,3ebfab9bedcd,v4_4_code_anchor_guard_preserve,use_stage1_anchor,stage1+stage2,False,3,1
mbpp:560,0,32,phase2,structure|solve_,"structure|solve_verify|solver:planner,verifier:verifier|solver:PromptSlots(reasoning_mode='stepwise', upstream_usage='summary', output_style='raw', verification_mode='off', finalization='answer_only'),verifier:PromptSlots(reasoning_mode='direct', upstream_usage='summary', output_style='raw', verification_mode='strict', finalization='answer_only')|planner>verifier||solve_verify|solver:planner,verifier:coder|solver:PromptSlots(reasoning_mode='stepwise', upstream_usage='summary', output_style='raw', verification_mode='off', finalization='answer_only'),verifier:PromptSlots(reasoning_mode='direct', upstream_usage='summary', output_style='raw', verification_mode='strict', finalization='answer_only')|planner>coder||critique_revise|critic:verifier,generator:planner,reviser:summarizer|critic:PromptSlots(reasoning_mode='direct', upstream_usage='summary', output_style='raw', verification_mode='strict', finalization='answer_only'),generator:PromptSlots(reasoning_mode='stepwise', upstream_usage='summary', output_style='raw', verification_mode='off', finalization='answer_only'),reviser:PromptSlots(reasoning_mode='direct', upstream_usage='summary', output_style='raw', verification_mode='light', finalization='answer_only')|planner>summarizer,planner>verifier,verifier>summarizer",1.0,1.0,1.0,1.0,stage1,2834137f9fa6,v4_4_code_bypass_stable_anchor,use_stage1_anchor,stage1,False,0,0
mbpp:560,0,32,phase3a,structure|parall,"structure|parallel_vote|aggregator:researcher,solver_a:planner,solver_b:reasoner|aggregator:PromptSlots(reasoning_mode='direct', upstream_usage='summary', output_style='raw', verification_mode='light', finalization='answer_only'),solver_a:PromptSlots(reasoning_mode='stepwise', upstream_usage='summary', output_style='raw', verification_mode='off', finalization='answer_only'),solver_b:PromptSlots(reasoning_mode='stepwise', upstream_usage='summary', output_style='raw', verification_mode='off', finalization='answer_only')|planner>researcher,reasoner>researcher||parallel_vote|aggregator:coder,solver_a:planner,solver_b:reasoner|aggregator:PromptSlots(reasoning_mode='direct', upstream_usage='summary', output_style='raw', verification_mode='light', finalization='answer_only'),solver_a:PromptSlots(reasoning_mode='stepwise', upstream_usage='summary', output_style='raw', verification_mode='off', finalization='answer_only'),solver_b:PromptSlots(reasoning_mode='stepwise', upstream_usage='summary', output_style='raw', verification_mode='off', finalization='answer_only')|planner>coder,reasoner>coder||parallel_vote|aggregator:planner,solver_a:math,solver_b:coder|aggregator:PromptSlots(reasoning_mode='direct', upstream_usage='summary', output_style='raw', verification_mode='light', finalization='answer_only'),solver_a:PromptSlots(reasoning_mode='stepwise', upstream_usage='summary', output_style='raw', verification_mode='off', finalization='answer_only'),solver_b:PromptSlots(reasoning_mode='stepwise', upstream_usage='summary', output_style='raw', verification_mode='off', finalization='answer_only')|coder>planner,math>planner",1.0,1.0,1.0,1.0,stage1,0b05a0af5b84,v4_4_code_bypass_stable_anchor,use_stage1_anchor,stage1,False,0,0
mbpp:574,0,12,phase2,structure|critiq,"structure|critique_revise|critic:verifier,generator:planner,reviser:math|critic:PromptSlots(reasoning_mode='direct', upstream_usage='summary', output_style='raw', verification_mode='strict', finalization='answer_only'),generator:PromptSlots(reasoning_mode='stepwise', upstream_usage='summary', output_style='raw', verification_mode='off', finalization='answer_only'),reviser:PromptSlots(reasoning_mode='direct', upstream_usage='summary', output_style='raw', verification_mode='light', finalization='answer_only')|planner>math,planner>verifier,verifier>math||critique_revise|critic:coder,generator:debater_a,reviser:planner|critic:PromptSlots(reasoning_mode='direct', upstream_usage='summary', output_style='raw', verification_mode='strict', finalization='answer_only'),generator:PromptSlots(reasoning_mode='stepwise', upstream_usage='summary', output_style='raw', verification_mode='off', finalization='answer_only'),reviser:PromptSlots(reasoning_mode='direct', upstream_usage='summary', output_style='raw', verification_mode='light', finalization='answer_only')|coder>planner,debater_a>coder,debater_a>planner||critique_revise|critic:verifier,generator:debater_a,reviser:coder|critic:PromptSlots(reasoning_mode='direct', upstream_usage='summary', output_style='raw', verification_mode='strict', finalization='answer_only'),generator:PromptSlots(reasoning_mode='stepwise', upstream_usage='summary', output_style='raw', verification_mode='off', finalization='answer_only'),reviser:PromptSlots(reasoning_mode='direct', upstream_usage='summary', output_style='raw', verification_mode='light', finalization='answer_only')|debater_a>coder,debater_a>verifier,verifier>coder",0.0,0.0,0.28,0.28,stage1_anchor,55969b4d4471,v4_4_code_anchor_guard_preserve,use_stage1_anchor,stage1,False,3,1
mbpp:574,0,12,phase3a,structure|route_,"structure|route_solve|aggregator:skeptic,router:planner,solver:coder|aggregator:PromptSlots(reasoning_mode='direct', upstream_usage='summary', output_style='raw', verification_mode='light', finalization='answer_only'),router:PromptSlots(reasoning_mode='direct', upstream_usage='summary', output_style='raw', verification_mode='light', finalization='answer_only'),solver:PromptSlots(reasoning_mode='stepwise', upstream_usage='summary', output_style='raw', verification_mode='off', finalization='answer_only')|coder>skeptic,planner>coder||critique_revise|critic:verifier,generator:debater_a,reviser:coder|critic:PromptSlots(reasoning_mode='direct', upstream_usage='summary', output_style='raw', verification_mode='strict', finalization='answer_only'),generator:PromptSlots(reasoning_mode='stepwise', upstream_usage='summary', output_style='raw', verification_mode='off', finalization='answer_only'),reviser:PromptSlots(reasoning_mode='direct', upstream_usage='summary', output_style='raw', verification_mode='light', finalization='answer_only')|debater_a>coder,debater_a>verifier,verifier>coder||critique_revise|critic:coder,generator:debater_a,reviser:summarizer|critic:PromptSlots(reasoning_mode='direct', upstream_usage='summary', output_style='raw', verification_mode='strict', finalization='answer_only'),generator:PromptSlots(reasoning_mode='stepwise', upstream_usage='summary', output_style='raw', verification_mode='off', finalization='answer_only'),reviser:PromptSlots(reasoning_mode='direct', upstream_usage='summary', output_style='raw', verification_mode='light', finalization='answer_only')|coder>summarizer,debater_a>coder,debater_a>summarizer",0.0,0.0,0.28,0.28,stage1_anchor,4ce8f9f9530f,v4_4_code_anchor_guard_preserve,use_stage1_anchor,stage1,False,3,1
mbpp:576,1,47,phase2,structure|route_,"structure|route_solve|aggregator:verifier,router:planner,solver:coder|aggregator:PromptSlots(reasoning_mode='direct', upstream_usage='summary', output_style='raw', verification_mode='light', finalization='answer_only'),router:PromptSlots(reasoning_mode='direct', upstream_usage='summary', output_style='raw', verification_mode='light', finalization='answer_only'),solver:PromptSlots(reasoning_mode='stepwise', upstream_usage='summary', output_style='raw', verification_mode='off', finalization='answer_only')|coder>verifier,planner>coder||critique_revise|critic:verifier,generator:planner,reviser:coder|critic:PromptSlots(reasoning_mode='direct', upstream_usage='summary', output_style='raw', verification_mode='strict', finalization='answer_only'),generator:PromptSlots(reasoning_mode='stepwise', upstream_usage='summary', output_style='raw', verification_mode='off', finalization='answer_only'),reviser:PromptSlots(reasoning_mode='direct', upstream_usage='summary', output_style='raw', verification_mode='light', finalization='answer_only')|planner>coder,planner>verifier,verifier>coder||debate_judge|debater_a:coder,debater_b:reasoner,judge:verifier|debater_a:PromptSlots(reasoning_mode='direct', upstream_usage='summary', output_style='raw', verification_mode='off', finalization='answer_only'),debater_b:PromptSlots(reasoning_mode='direct', upstream_usage='summary', output_style='raw', verification_mode='off', finalization='answer_only'),judge:PromptSlots(reasoning_mode='direct', upstream_usage='summary', output_style='raw', verification_mode='strict', finalization='answer_only')|coder>verifier,reasoner>verifier",1.0,1.0,1.0,1.0,stage1,578c8575ba29,v4_4_code_bypass_stable_anchor,use_stage1_anchor,stage1,False,0,0
mbpp:576,1,47,phase3a,structure|solve_,"structure|solve_verify|solver:planner,verifier:math|solver:PromptSlots(reasoning_mode='stepwise', upstream_usage='summary', output_style='raw', verification_mode='off', finalization='answer_only'),verifier:PromptSlots(reasoning_mode='direct', upstream_usage='summary', output_style='raw', verification_mode='strict', finalization='answer_only')|planner>math||route_solve|aggregator:math,router:planner,solver:coder|aggregator:PromptSlots(reasoning_mode='direct', upstream_usage='summary', output_style='raw', verification_mode='light', finalization='answer_only'),router:PromptSlots(reasoning_mode='direct', upstream_usage='summary', output_style='raw', verification_mode='light', finalization='answer_only'),solver:PromptSlots(reasoning_mode='stepwise', upstream_usage='summary', output_style='raw', verification_mode='off', finalization='answer_only')|coder>math,planner>coder||solve_verify|solver:planner,verifier:verifier|solver:PromptSlots(reasoning_mode='stepwise', upstream_usage='summary', output_style='raw', verification_mode='off', finalization='answer_only'),verifier:PromptSlots(reasoning_mode='direct', upstream_usage='summary', output_style='raw', verification_mode='strict', finalization='answer_only')|planner>verifier",1.0,1.0,1.0,1.0,stage1,578c8575ba29,v4_4_code_bypass_stable_anchor,use_stage1_anchor,stage1,False,0,0
mbpp:577,1,27,phase2,structure|route_,"structure|route_solve|aggregator:math,router:planner,solver:coder|aggregator:PromptSlots(reasoning_mode='direct', upstream_usage='summary', output_style='raw', verification_mode='light', finalization='answer_only'),router:PromptSlots(reasoning_mode='direct', upstream_usage='summary', output_style='raw', verification_mode='light', finalization='answer_only'),solver:PromptSlots(reasoning_mode='stepwise', upstream_usage='summary', output_style='raw', verification_mode='off', finalization='answer_only')|coder>math,planner>coder||critique_revise|critic:verifier,generator:planner,reviser:coder|critic:PromptSlots(reasoning_mode='direct', upstream_usage='summary', output_style='raw', verification_mode='strict', finalization='answer_only'),generator:PromptSlots(reasoning_mode='stepwise', upstream_usage='summary', output_style='raw', verification_mode='off', finalization='answer_only'),reviser:PromptSlots(reasoning_mode='direct', upstream_usage='summary', output_style='raw', verification_mode='light', finalization='answer_only')|planner>coder,planner>verifier,verifier>coder||solve_verify|solver:planner,verifier:verifier|solver:PromptSlots(reasoning_mode='stepwise', upstream_usage='summary', output_style='raw', verification_mode='off', finalization='answer_only'),verifier:PromptSlots(reasoning_mode='direct', upstream_usage='summary', output_style='raw', verification_mode='strict', finalization='answer_only')|planner>verifier",1.0,1.0,1.0,1.0,sink_output,c475b728ef44,v4_4_code_bypass_stable_anchor,use_stage1_anchor,stage1+stage2,False,0,0
mbpp:577,1,27,phase3a,structure|critiq,"structure|critique_revise|critic:verifier,generator:planner,reviser:math|critic:PromptSlots(reasoning_mode='direct', upstream_usage='summary', output_style='raw', verification_mode='strict', finalization='answer_only'),generator:PromptSlots(reasoning_mode='stepwise', upstream_usage='summary', output_style='raw', verification_mode='off', finalization='answer_only'),reviser:PromptSlots(reasoning_mode='direct', upstream_usage='summary', output_style='raw', verification_mode='light', finalization='answer_only')|planner>math,planner>verifier,verifier>math||route_solve|aggregator:summarizer,router:planner,solver:coder|aggregator:PromptSlots(reasoning_mode='direct', upstream_usage='summary', output_style='raw', verification_mode='light', finalization='answer_only'),router:PromptSlots(reasoning_mode='direct', upstream_usage='summary', output_style='raw', verification_mode='light', finalization='answer_only'),solver:PromptSlots(reasoning_mode='stepwise', upstream_usage='summary', output_style='raw', verification_mode='off', finalization='answer_only')|coder>summarizer,planner>coder||critique_revise|critic:coder,generator:planner,reviser:math|critic:PromptSlots(reasoning_mode='direct', upstream_usage='summary', output_style='raw', verification_mode='strict', finalization='answer_only'),generator:PromptSlots(reasoning_mode='stepwise', upstream_usage='summary', output_style='raw', verification_mode='off', finalization='answer_only'),reviser:PromptSlots(reasoning_mode='direct', upstream_usage='summary', output_style='raw', verification_mode='light', finalization='answer_only')|coder>math,planner>coder,planner>math",1.0,1.0,1.0,1.0,sink_output,c475b728ef44,v4_4_code_bypass_stable_anchor,use_stage1_anchor,stage1+stage2,False,0,0
mbpp:581,0,19,phase2,structure|parall,"structure|parallel_vote|aggregator:debater_a,solver_a:planner,solver_b:reasoner|aggregator:PromptSlots(reasoning_mode='direct', upstream_usage='summary', output_style='raw', verification_mode='light', finalization='answer_only'),solver_a:PromptSlots(reasoning_mode='stepwise', upstream_usage='summary', output_style='raw', verification_mode='off', finalization='answer_only'),solver_b:PromptSlots(reasoning_mode='stepwise', upstream_usage='summary', output_style='raw', verification_mode='off', finalization='answer_only')|planner>debater_a,reasoner>debater_a||route_solve|aggregator:math,router:planner,solver:coder|aggregator:PromptSlots(reasoning_mode='direct', upstream_usage='summary', output_style='raw', verification_mode='light', finalization='answer_only'),router:PromptSlots(reasoning_mode='direct', upstream_usage='summary', output_style='raw', verification_mode='light', finalization='answer_only'),solver:PromptSlots(reasoning_mode='stepwise', upstream_usage='summary', output_style='raw', verification_mode='off', finalization='answer_only')|coder>math,planner>coder||solve_verify|solver:planner,verifier:verifier|solver:PromptSlots(reasoning_mode='stepwise', upstream_usage='summary', output_style='raw', verification_mode='off', finalization='answer_only'),verifier:PromptSlots(reasoning_mode='direct', upstream_usage='summary', output_style='raw', verification_mode='strict', finalization='answer_only')|planner>verifier",1.0,1.0,1.0,1.0,stage1,54350a0a2969,v4_4_code_bypass_stable_anchor,use_stage1_anchor,stage1,False,0,0
mbpp:581,0,19,phase3a,structure|critiq,"structure|critique_revise|critic:verifier,generator:math,reviser:coder|critic:PromptSlots(reasoning_mode='direct', upstream_usage='summary', output_style='raw', verification_mode='strict', finalization='answer_only'),generator:PromptSlots(reasoning_mode='stepwise', upstream_usage='summary', output_style='raw', verification_mode='off', finalization='answer_only'),reviser:PromptSlots(reasoning_mode='direct', upstream_usage='summary', output_style='raw', verification_mode='light', finalization='answer_only')|math>coder,math>verifier,verifier>coder||route_solve|aggregator:verifier,router:planner,solver:coder|aggregator:PromptSlots(reasoning_mode='direct', upstream_usage='summary', output_style='raw', verification_mode='light', finalization='answer_only'),router:PromptSlots(reasoning_mode='direct', upstream_usage='summary', output_style='raw', verification_mode='light', finalization='answer_only'),solver:PromptSlots(reasoning_mode='stepwise', upstream_usage='summary', output_style='raw', verification_mode='off', finalization='answer_only')|coder>verifier,planner>coder||solve_verify|solver:planner,verifier:verifier|solver:PromptSlots(reasoning_mode='stepwise', upstream_usage='summary', output_style='raw', verification_mode='off', finalization='answer_only'),verifier:PromptSlots(reasoning_mode='direct', upstream_usage='summary', output_style='raw', verification_mode='strict', finalization='answer_only')|planner>verifier",1.0,1.0,1.0,1.0,checker_approved_proposal,ce13bea5a415,v4_4_code_bypass_stable_anchor,use_stage1_anchor,stage1+stage2,False,0,0
mbpp:582,2,64,phase2,structure|critiq,"structure|critique_revise|critic:verifier,generator:coder,reviser:planner|critic:PromptSlots(reasoning_mode='direct', upstream_usage='summary', output_style='raw', verification_mode='strict', finalization='answer_only'),generator:PromptSlots(reasoning_mode='stepwise', upstream_usage='summary', output_style='raw', verification_mode='off', finalization='answer_only'),reviser:PromptSlots(reasoning_mode='direct', upstream_usage='summary', output_style='raw', verification_mode='light', finalization='answer_only')|coder>planner,coder>verifier,verifier>planner||critique_revise|critic:verifier,generator:planner,reviser:summarizer|critic:PromptSlots(reasoning_mode='direct', upstream_usage='summary', output_style='raw', verification_mode='strict', finalization='answer_only'),generator:PromptSlots(reasoning_mode='stepwise', upstream_usage='summary', output_style='raw', verification_mode='off', finalization='answer_only'),reviser:PromptSlots(reasoning_mode='direct', upstream_usage='summary', output_style='raw', verification_mode='light', finalization='answer_only')|planner>summarizer,planner>verifier,verifier>summarizer||critique_revise|critic:coder,generator:verifier,reviser:planner|critic:PromptSlots(reasoning_mode='direct', upstream_usage='summary', output_style='raw', verification_mode='strict', finalization='answer_only'),generator:PromptSlots(reasoning_mode='stepwise', upstream_usage='summary', output_style='raw', verification_mode='off', finalization='answer_only'),reviser:PromptSlots(reasoning_mode='direct', upstream_usage='summary', output_style='raw', verification_mode='light', finalization='answer_only')|coder>planner,verifier>coder,verifier>planner",1.0,1.0,1.0,1.0,stage1,faef8cc324b9,v4_4_code_bypass_stable_anchor,use_stage1_anchor,stage1,False,0,0
mbpp:582,2,64,phase3a,structure|critiq,"structure|critique_revise|critic:verifier,generator:coder,reviser:planner|critic:PromptSlots(reasoning_mode='direct', upstream_usage='summary', output_style='raw', verification_mode='strict', finalization='answer_only'),generator:PromptSlots(reasoning_mode='stepwise', upstream_usage='summary', output_style='raw', verification_mode='off', finalization='answer_only'),reviser:PromptSlots(reasoning_mode='direct', upstream_usage='summary', output_style='raw', verification_mode='light', finalization='answer_only')|coder>planner,coder>verifier,verifier>planner||critique_revise|critic:verifier,generator:planner,reviser:summarizer|critic:PromptSlots(reasoning_mode='direct', upstream_usage='summary', output_style='raw', verification_mode='strict', finalization='answer_only'),generator:PromptSlots(reasoning_mode='stepwise', upstream_usage='summary', output_style='raw', verification_mode='off', finalization='answer_only'),reviser:PromptSlots(reasoning_mode='direct', upstream_usage='summary', output_style='raw', verification_mode='light', finalization='answer_only')|planner>summarizer,planner>verifier,verifier>summarizer||critique_revise|critic:coder,generator:reasoner,reviser:planner|critic:PromptSlots(reasoning_mode='direct', upstream_usage='summary', output_style='raw', verification_mode='strict', finalization='answer_only'),generator:PromptSlots(reasoning_mode='stepwise', upstream_usage='summary', output_style='raw', verification_mode='off', finalization='answer_only'),reviser:PromptSlots(reasoning_mode='direct', upstream_usage='summary', output_style='raw', verification_mode='light', finalization='answer_only')|coder>planner,reasoner>coder,reasoner>planner",1.0,1.0,1.0,1.0,stage1,2e4470f62742,v4_4_code_bypass_stable_anchor,use_stage1_anchor,stage1,False,0,0
mbpp:587,2,25,phase2,structure|route_,"structure|route_solve|aggregator:summarizer,router:planner,solver:coder|aggregator:PromptSlots(reasoning_mode='direct', upstream_usage='summary', output_style='raw', verification_mode='light', finalization='answer_only'),router:PromptSlots(reasoning_mode='direct', upstream_usage='summary', output_style='raw', verification_mode='light', finalization='answer_only'),solver:PromptSlots(reasoning_mode='stepwise', upstream_usage='summary', output_style='raw', verification_mode='off', finalization='answer_only')|coder>summarizer,planner>coder||solve_verify|solver:planner,verifier:verifier|solver:PromptSlots(reasoning_mode='stepwise', upstream_usage='summary', output_style='raw', verification_mode='off', finalization='answer_only'),verifier:PromptSlots(reasoning_mode='direct', upstream_usage='summary', output_style='raw', verification_mode='strict', finalization='answer_only')|planner>verifier||debate_judge|debater_a:coder,debater_b:reasoner,judge:verifier|debater_a:PromptSlots(reasoning_mode='direct', upstream_usage='summary', output_style='raw', verification_mode='off', finalization='answer_only'),debater_b:PromptSlots(reasoning_mode='direct', upstream_usage='summary', output_style='raw', verification_mode='off', finalization='answer_only'),judge:PromptSlots(reasoning_mode='direct', upstream_usage='summary', output_style='raw', verification_mode='strict', finalization='answer_only')|coder>verifier,reasoner>verifier",1.0,1.0,1.0,1.0,sink_output,27e7c596bc0d,v4_4_code_bypass_stable_anchor,use_stage1_anchor,stage1+stage2,False,0,0
mbpp:587,2,25,phase3a,structure|parall,"structure|parallel_vote|aggregator:coder,solver_a:planner,solver_b:reasoner|aggregator:PromptSlots(reasoning_mode='direct', upstream_usage='summary', output_style='raw', verification_mode='light', finalization='answer_only'),solver_a:PromptSlots(reasoning_mode='stepwise', upstream_usage='summary', output_style='raw', verification_mode='off', finalization='answer_only'),solver_b:PromptSlots(reasoning_mode='stepwise', upstream_usage='summary', output_style='raw', verification_mode='off', finalization='answer_only')|planner>coder,reasoner>coder||debate_judge|debater_a:coder,debater_b:reasoner,judge:verifier|debater_a:PromptSlots(reasoning_mode='direct', upstream_usage='summary', output_style='raw', verification_mode='off', finalization='answer_only'),debater_b:PromptSlots(reasoning_mode='direct', upstream_usage='summary', output_style='raw', verification_mode='off', finalization='answer_only'),judge:PromptSlots(reasoning_mode='direct', upstream_usage='summary', output_style='raw', verification_mode='strict', finalization='answer_only')|coder>verifier,reasoner>verifier||solve_verify|solver:planner,verifier:verifier|solver:PromptSlots(reasoning_mode='stepwise', upstream_usage='summary', output_style='raw', verification_mode='off', finalization='answer_only'),verifier:PromptSlots(reasoning_mode='direct', upstream_usage='summary', output_style='raw', verification_mode='strict', finalization='answer_only')|planner>verifier",1.0,1.0,1.0,1.0,sink_output,27e7c596bc0d,v4_4_code_bypass_stable_anchor,use_stage1_anchor,stage1+stage2,False,0,0
mbpp:590,0,17,phase2,structure|critiq,"structure|critique_revise|critic:coder,generator:planner,reviser:researcher|critic:PromptSlots(reasoning_mode='direct', upstream_usage='summary', output_style='raw', verification_mode='strict', finalization='answer_only'),generator:PromptSlots(reasoning_mode='stepwise', upstream_usage='summary', output_style='raw', verification_mode='off', finalization='answer_only'),reviser:PromptSlots(reasoning_mode='direct', upstream_usage='summary', output_style='raw', verification_mode='light', finalization='answer_only')|coder>researcher,planner>coder,planner>researcher||critique_revise|critic:coder,generator:researcher,reviser:planner|critic:PromptSlots(reasoning_mode='direct', upstream_usage='summary', output_style='raw', verification_mode='strict', finalization='answer_only'),generator:PromptSlots(reasoning_mode='stepwise', upstream_usage='summary', output_style='raw', verification_mode='off', finalization='answer_only'),reviser:PromptSlots(reasoning_mode='direct', upstream_usage='summary', output_style='raw', verification_mode='light', finalization='answer_only')|coder>planner,researcher>coder,researcher>planner||critique_revise|critic:coder,generator:verifier,reviser:summarizer|critic:PromptSlots(reasoning_mode='direct', upstream_usage='summary', output_style='raw', verification_mode='strict', finalization='answer_only'),generator:PromptSlots(reasoning_mode='stepwise', upstream_usage='summary', output_style='raw', verification_mode='off', finalization='answer_only'),reviser:PromptSlots(reasoning_mode='direct', upstream_usage='summary', output_style='raw', verification_mode='light', finalization='answer_only')|coder>summarizer,verifier>coder,verifier>summarizer",0.0,0.0,0.28,0.28,stage1_anchor,4867af210dd5,v4_4_code_anchor_guard_preserve,use_stage1_anchor,stage1,False,3,1
mbpp:590,0,17,phase3a,structure|critiq,"structure|critique_revise|critic:verifier,generator:planner,reviser:researcher|critic:PromptSlots(reasoning_mode='direct', upstream_usage='summary', output_style='raw', verification_mode='strict', finalization='answer_only'),generator:PromptSlots(reasoning_mode='stepwise', upstream_usage='summary', output_style='raw', verification_mode='off', finalization='answer_only'),reviser:PromptSlots(reasoning_mode='direct', upstream_usage='summary', output_style='raw', verification_mode='light', finalization='answer_only')|planner>researcher,planner>verifier,verifier>researcher||critique_revise|critic:coder,generator:skeptic,reviser:planner|critic:PromptSlots(reasoning_mode='direct', upstream_usage='summary', output_style='raw', verification_mode='strict', finalization='answer_only'),generator:PromptSlots(reasoning_mode='stepwise', upstream_usage='summary', output_style='raw', verification_mode='off', finalization='answer_only'),reviser:PromptSlots(reasoning_mode='direct', upstream_usage='summary', output_style='raw', verification_mode='light', finalization='answer_only')|coder>planner,skeptic>coder,skeptic>planner||critique_revise|critic:verifier,generator:reasoner,reviser:coder|critic:PromptSlots(reasoning_mode='direct', upstream_usage='summary', output_style='raw', verification_mode='strict', finalization='answer_only'),generator:PromptSlots(reasoning_mode='stepwise', upstream_usage='summary', output_style='raw', verification_mode='off', finalization='answer_only'),reviser:PromptSlots(reasoning_mode='direct', upstream_usage='summary', output_style='raw', verification_mode='light', finalization='answer_only')|reasoner>coder,reasoner>verifier,verifier>coder",0.0,0.0,0.28,0.28,stage1_anchor,4867af210dd5,v4_4_code_anchor_guard_preserve,use_stage1_anchor,stage1,False,3,1
mbpp:596,2,23,phase2,structure|debate,"structure|debate_judge|debater_a:coder,debater_b:planner,judge:researcher|debater_a:PromptSlots(reasoning_mode='direct', upstream_usage='summary', output_style='raw', verification_mode='off', finalization='answer_only'),debater_b:PromptSlots(reasoning_mode='direct', upstream_usage='summary', output_style='raw', verification_mode='off', finalization='answer_only'),judge:PromptSlots(reasoning_mode='direct', upstream_usage='summary', output_style='raw', verification_mode='strict', finalization='answer_only')|coder>researcher,planner>researcher||critique_revise|critic:verifier,generator:coder,reviser:summarizer|critic:PromptSlots(reasoning_mode='direct', upstream_usage='summary', output_style='raw', verification_mode='strict', finalization='answer_only'),generator:PromptSlots(reasoning_mode='stepwise', upstream_usage='summary', output_style='raw', verification_mode='off', finalization='answer_only'),reviser:PromptSlots(reasoning_mode='direct', upstream_usage='summary', output_style='raw', verification_mode='light', finalization='answer_only')|coder>summarizer,coder>verifier,verifier>summarizer||solve_verify|solver:planner,verifier:coder|solver:PromptSlots(reasoning_mode='stepwise', upstream_usage='summary', output_style='raw', verification_mode='off', finalization='answer_only'),verifier:PromptSlots(reasoning_mode='direct', upstream_usage='summary', output_style='raw', verification_mode='strict', finalization='answer_only')|planner>coder",1.0,1.0,1.0,1.0,checker_approved_proposal,44c407888cb5,v4_4_code_bypass_stable_anchor,use_stage1_anchor,stage1+stage2,False,0,0
mbpp:596,2,23,phase3a,structure|critiq,"structure|critique_revise|critic:verifier,generator:math,reviser:summarizer|critic:PromptSlots(reasoning_mode='direct', upstream_usage='summary', output_style='raw', verification_mode='strict', finalization='answer_only'),generator:PromptSlots(reasoning_mode='stepwise', upstream_usage='summary', output_style='raw', verification_mode='off', finalization='answer_only'),reviser:PromptSlots(reasoning_mode='direct', upstream_usage='summary', output_style='raw', verification_mode='light', finalization='answer_only')|math>summarizer,math>verifier,verifier>summarizer||route_solve|aggregator:math,router:planner,solver:coder|aggregator:PromptSlots(reasoning_mode='direct', upstream_usage='summary', output_style='raw', verification_mode='light', finalization='answer_only'),router:PromptSlots(reasoning_mode='direct', upstream_usage='summary', output_style='raw', verification_mode='light', finalization='answer_only'),solver:PromptSlots(reasoning_mode='stepwise', upstream_usage='summary', output_style='raw', verification_mode='off', finalization='answer_only')|coder>math,planner>coder||critique_revise|critic:coder,generator:planner,reviser:summarizer|critic:PromptSlots(reasoning_mode='direct', upstream_usage='summary', output_style='raw', verification_mode='strict', finalization='answer_only'),generator:PromptSlots(reasoning_mode='stepwise', upstream_usage='summary', output_style='raw', verification_mode='off', finalization='answer_only'),reviser:PromptSlots(reasoning_mode='direct', upstream_usage='summary', output_style='raw', verification_mode='light', finalization='answer_only')|coder>summarizer,planner>coder,planner>summarizer",1.0,1.0,1.0,1.0,sink_output,44c407888cb5,v4_4_code_bypass_stable_anchor,use_stage1_anchor,stage1+stage2,False,0,0
mbpp:61,0,8,phase2,structure|critiq,"structure|critique_revise|critic:coder,generator:planner,reviser:debater_a|critic:PromptSlots(reasoning_mode='direct', upstream_usage='summary', output_style='raw', verification_mode='strict', finalization='answer_only'),generator:PromptSlots(reasoning_mode='stepwise', upstream_usage='summary', output_style='raw', verification_mode='off', finalization='answer_only'),reviser:PromptSlots(reasoning_mode='direct', upstream_usage='summary', output_style='raw', verification_mode='light', finalization='answer_only')|coder>debater_a,planner>coder,planner>debater_a||critique_revise|critic:math,generator:planner,reviser:coder|critic:PromptSlots(reasoning_mode='direct', upstream_usage='summary', output_style='raw', verification_mode='strict', finalization='answer_only'),generator:PromptSlots(reasoning_mode='stepwise', upstream_usage='summary', output_style='raw', verification_mode='off', finalization='answer_only'),reviser:PromptSlots(reasoning_mode='direct', upstream_usage='summary', output_style='raw', verification_mode='light', finalization='answer_only')|math>coder,planner>coder,planner>math||critique_revise|critic:coder,generator:verifier,reviser:summarizer|critic:PromptSlots(reasoning_mode='direct', upstream_usage='summary', output_style='raw', verification_mode='strict', finalization='answer_only'),generator:PromptSlots(reasoning_mode='stepwise', upstream_usage='summary', output_style='raw', verification_mode='off', finalization='answer_only'),reviser:PromptSlots(reasoning_mode='direct', upstream_usage='summary', output_style='raw', verification_mode='light', finalization='answer_only')|coder>summarizer,verifier>coder,verifier>summarizer",1.0,1.0,1.0,1.0,stage1,d5ded2a7b339,v4_4_code_bypass_stable_anchor,use_stage1_anchor,stage1,False,0,0
mbpp:61,0,8,phase3a,structure|critiq,"structure|critique_revise|critic:verifier,generator:coder,reviser:math|critic:PromptSlots(reasoning_mode='direct', upstream_usage='summary', output_style='raw', verification_mode='strict', finalization='answer_only'),generator:PromptSlots(reasoning_mode='stepwise', upstream_usage='summary', output_style='raw', verification_mode='off', finalization='answer_only'),reviser:PromptSlots(reasoning_mode='direct', upstream_usage='summary', output_style='raw', verification_mode='light', finalization='answer_only')|coder>math,coder>verifier,verifier>math||critique_revise|critic:coder,generator:planner,reviser:summarizer|critic:PromptSlots(reasoning_mode='direct', upstream_usage='summary', output_style='raw', verification_mode='strict', finalization='answer_only'),generator:PromptSlots(reasoning_mode='stepwise', upstream_usage='summary', output_style='raw', verification_mode='off', finalization='answer_only'),reviser:PromptSlots(reasoning_mode='direct', upstream_usage='summary', output_style='raw', verification_mode='light', finalization='answer_only')|coder>summarizer,planner>coder,planner>summarizer||critique_revise|critic:verifier,generator:planner,reviser:debater_a|critic:PromptSlots(reasoning_mode='direct', upstream_usage='summary', output_style='raw', verification_mode='strict', finalization='answer_only'),generator:PromptSlots(reasoning_mode='stepwise', upstream_usage='summary', output_style='raw', verification_mode='off', finalization='answer_only'),reviser:PromptSlots(reasoning_mode='direct', upstream_usage='summary', output_style='raw', verification_mode='light', finalization='answer_only')|planner>debater_a,planner>verifier,verifier>debater_a",1.0,1.0,1.0,1.0,stage1,bebc39b3abe2,v4_4_code_bypass_stable_anchor,use_stage1_anchor,stage1,False,0,0
mbpp:610,2,27,phase2,structure|route_,"structure|route_solve|aggregator:verifier,router:planner,solver:coder|aggregator:PromptSlots(reasoning_mode='direct', upstream_usage='summary', output_style='raw', verification_mode='light', finalization='answer_only'),router:PromptSlots(reasoning_mode='direct', upstream_usage='summary', output_style='raw', verification_mode='light', finalization='answer_only'),solver:PromptSlots(reasoning_mode='stepwise', upstream_usage='summary', output_style='raw', verification_mode='off', finalization='answer_only')|coder>verifier,planner>coder||critique_revise|critic:coder,generator:planner,reviser:summarizer|critic:PromptSlots(reasoning_mode='direct', upstream_usage='summary', output_style='raw', verification_mode='strict', finalization='answer_only'),generator:PromptSlots(reasoning_mode='stepwise', upstream_usage='summary', output_style='raw', verification_mode='off', finalization='answer_only'),reviser:PromptSlots(reasoning_mode='direct', upstream_usage='summary', output_style='raw', verification_mode='light', finalization='answer_only')|coder>summarizer,planner>coder,planner>summarizer||solve_verify|solver:planner,verifier:verifier|solver:PromptSlots(reasoning_mode='stepwise', upstream_usage='summary', output_style='raw', verification_mode='off', finalization='answer_only'),verifier:PromptSlots(reasoning_mode='direct', upstream_usage='summary', output_style='raw', verification_mode='strict', finalization='answer_only')|planner>verifier",1.0,1.0,1.0,1.0,sink_output,5406d9fcfea7,v4_4_code_bypass_stable_anchor,use_stage1_anchor,stage1+stage2,False,0,0
mbpp:610,2,27,phase3a,structure|critiq,"structure|critique_revise|critic:verifier,generator:coder,reviser:summarizer|critic:PromptSlots(reasoning_mode='direct', upstream_usage='summary', output_style='raw', verification_mode='strict', finalization='answer_only'),generator:PromptSlots(reasoning_mode='stepwise', upstream_usage='summary', output_style='raw', verification_mode='off', finalization='answer_only'),reviser:PromptSlots(reasoning_mode='direct', upstream_usage='summary', output_style='raw', verification_mode='light', finalization='answer_only')|coder>summarizer,coder>verifier,verifier>summarizer||route_solve|aggregator:skeptic,router:planner,solver:coder|aggregator:PromptSlots(reasoning_mode='direct', upstream_usage='summary', output_style='raw', verification_mode='light', finalization='answer_only'),router:PromptSlots(reasoning_mode='direct', upstream_usage='summary', output_style='raw', verification_mode='light', finalization='answer_only'),solver:PromptSlots(reasoning_mode='stepwise', upstream_usage='summary', output_style='raw', verification_mode='off', finalization='answer_only')|coder>skeptic,planner>coder||route_solve|aggregator:verifier,router:math,solver:coder|aggregator:PromptSlots(reasoning_mode='direct', upstream_usage='summary', output_style='raw', verification_mode='light', finalization='answer_only'),router:PromptSlots(reasoning_mode='direct', upstream_usage='summary', output_style='raw', verification_mode='light', finalization='answer_only'),solver:PromptSlots(reasoning_mode='stepwise', upstream_usage='summary', output_style='raw', verification_mode='off', finalization='answer_only')|coder>verifier,math>coder",1.0,1.0,1.0,1.0,sink_output,5406d9fcfea7,v4_4_code_bypass_stable_anchor,use_stage1_anchor,stage1+stage2,False,0,0
mbpp:618,0,36,phase2,structure|solve_,"structure|solve_verify|solver:planner,verifier:verifier|solver:PromptSlots(reasoning_mode='stepwise', upstream_usage='summary', output_style='raw', verification_mode='off', finalization='answer_only'),verifier:PromptSlots(reasoning_mode='direct', upstream_usage='summary', output_style='raw', verification_mode='strict', finalization='answer_only')|planner>verifier||solve_verify|solver:planner,verifier:coder|solver:PromptSlots(reasoning_mode='stepwise', upstream_usage='summary', output_style='raw', verification_mode='off', finalization='answer_only'),verifier:PromptSlots(reasoning_mode='direct', upstream_usage='summary', output_style='raw', verification_mode='strict', finalization='answer_only')|planner>coder||debate_judge|debater_a:coder,debater_b:reasoner,judge:verifier|debater_a:PromptSlots(reasoning_mode='direct', upstream_usage='summary', output_style='raw', verification_mode='off', finalization='answer_only'),debater_b:PromptSlots(reasoning_mode='direct', upstream_usage='summary', output_style='raw', verification_mode='off', finalization='answer_only'),judge:PromptSlots(reasoning_mode='direct', upstream_usage='summary', output_style='raw', verification_mode='strict', finalization='answer_only')|coder>verifier,reasoner>verifier",1.0,1.0,1.0,1.0,stage1,a1d9ffb2499c,v4_4_code_bypass_stable_anchor,use_stage1_anchor,stage1,False,0,0
mbpp:618,0,36,phase3a,structure|solve_,"structure|solve_verify|solver:coder,verifier:verifier|solver:PromptSlots(reasoning_mode='stepwise', upstream_usage='summary', output_style='raw', verification_mode='off', finalization='answer_only'),verifier:PromptSlots(reasoning_mode='direct', upstream_usage='summary', output_style='raw', verification_mode='strict', finalization='answer_only')|coder>verifier||route_solve|aggregator:summarizer,router:planner,solver:coder|aggregator:PromptSlots(reasoning_mode='direct', upstream_usage='summary', output_style='raw', verification_mode='light', finalization='answer_only'),router:PromptSlots(reasoning_mode='direct', upstream_usage='summary', output_style='raw', verification_mode='light', finalization='answer_only'),solver:PromptSlots(reasoning_mode='stepwise', upstream_usage='summary', output_style='raw', verification_mode='off', finalization='answer_only')|coder>summarizer,planner>coder||debate_judge|debater_a:coder,debater_b:reasoner,judge:verifier|debater_a:PromptSlots(reasoning_mode='direct', upstream_usage='summary', output_style='raw', verification_mode='off', finalization='answer_only'),debater_b:PromptSlots(reasoning_mode='direct', upstream_usage='summary', output_style='raw', verification_mode='off', finalization='answer_only'),judge:PromptSlots(reasoning_mode='direct', upstream_usage='summary', output_style='raw', verification_mode='strict', finalization='answer_only')|coder>verifier,reasoner>verifier",1.0,1.0,1.0,1.0,sink_output,381a10cd8027,v4_4_code_bypass_stable_anchor,use_stage1_anchor,stage1+stage2,False,0,0
mbpp:621,0,35,phase2,structure|critiq,"structure|critique_revise|critic:coder,generator:math,reviser:researcher|critic:PromptSlots(reasoning_mode='direct', upstream_usage='summary', output_style='raw', verification_mode='strict', finalization='answer_only'),generator:PromptSlots(reasoning_mode='stepwise', upstream_usage='summary', output_style='raw', verification_mode='off', finalization='answer_only'),reviser:PromptSlots(reasoning_mode='direct', upstream_usage='summary', output_style='raw', verification_mode='light', finalization='answer_only')|coder>researcher,math>coder,math>researcher||critique_revise|critic:researcher,generator:planner,reviser:coder|critic:PromptSlots(reasoning_mode='direct', upstream_usage='summary', output_style='raw', verification_mode='strict', finalization='answer_only'),generator:PromptSlots(reasoning_mode='stepwise', upstream_usage='summary', output_style='raw', verification_mode='off', finalization='answer_only'),reviser:PromptSlots(reasoning_mode='direct', upstream_usage='summary', output_style='raw', verification_mode='light', finalization='answer_only')|planner>coder,planner>researcher,researcher>coder||critique_revise|critic:verifier,generator:coder,reviser:summarizer|critic:PromptSlots(reasoning_mode='direct', upstream_usage='summary', output_style='raw', verification_mode='strict', finalization='answer_only'),generator:PromptSlots(reasoning_mode='stepwise', upstream_usage='summary', output_style='raw', verification_mode='off', finalization='answer_only'),reviser:PromptSlots(reasoning_mode='direct', upstream_usage='summary', output_style='raw', verification_mode='light', finalization='answer_only')|coder>summarizer,coder>verifier,verifier>summarizer",1.0,1.0,1.0,1.0,sink_output,608088f60ec7,v4_4_code_bypass_stable_anchor,use_stage1_anchor,stage1+stage2,False,0,0
mbpp:621,0,35,phase3a,structure|critiq,"structure|critique_revise|critic:verifier,generator:reasoner,reviser:planner|critic:PromptSlots(reasoning_mode='direct', upstream_usage='summary', output_style='raw', verification_mode='strict', finalization='answer_only'),generator:PromptSlots(reasoning_mode='stepwise', upstream_usage='summary', output_style='raw', verification_mode='off', finalization='answer_only'),reviser:PromptSlots(reasoning_mode='direct', upstream_usage='summary', output_style='raw', verification_mode='light', finalization='answer_only')|reasoner>planner,reasoner>verifier,verifier>planner||critique_revise|critic:verifier,generator:reasoner,reviser:coder|critic:PromptSlots(reasoning_mode='direct', upstream_usage='summary', output_style='raw', verification_mode='strict', finalization='answer_only'),generator:PromptSlots(reasoning_mode='stepwise', upstream_usage='summary', output_style='raw', verification_mode='off', finalization='answer_only'),reviser:PromptSlots(reasoning_mode='direct', upstream_usage='summary', output_style='raw', verification_mode='light', finalization='answer_only')|reasoner>coder,reasoner>verifier,verifier>coder||critique_revise|critic:coder,generator:math,reviser:planner|critic:PromptSlots(reasoning_mode='direct', upstream_usage='summary', output_style='raw', verification_mode='strict', finalization='answer_only'),generator:PromptSlots(reasoning_mode='stepwise', upstream_usage='summary', output_style='raw', verification_mode='off', finalization='answer_only'),reviser:PromptSlots(reasoning_mode='direct', upstream_usage='summary', output_style='raw', verification_mode='light', finalization='answer_only')|coder>planner,math>coder,math>planner",1.0,1.0,1.0,1.0,sink_output,608088f60ec7,v4_4_code_bypass_stable_anchor,use_stage1_anchor,stage1+stage2,False,0,0
mbpp:622,0,39,phase2,structure|critiq,"structure|critique_revise|critic:verifier,generator:coder,reviser:planner|critic:PromptSlots(reasoning_mode='direct', upstream_usage='summary', output_style='raw', verification_mode='strict', finalization='answer_only'),generator:PromptSlots(reasoning_mode='stepwise', upstream_usage='summary', output_style='raw', verification_mode='off', finalization='answer_only'),reviser:PromptSlots(reasoning_mode='direct', upstream_usage='summary', output_style='raw', verification_mode='light', finalization='answer_only')|coder>planner,coder>verifier,verifier>planner||solve_verify|solver:planner,verifier:verifier|solver:PromptSlots(reasoning_mode='stepwise', upstream_usage='summary', output_style='raw', verification_mode='off', finalization='answer_only'),verifier:PromptSlots(reasoning_mode='direct', upstream_usage='summary', output_style='raw', verification_mode='strict', finalization='answer_only')|planner>verifier||critique_revise|critic:verifier,generator:reasoner,reviser:summarizer|critic:PromptSlots(reasoning_mode='direct', upstream_usage='summary', output_style='raw', verification_mode='strict', finalization='answer_only'),generator:PromptSlots(reasoning_mode='stepwise', upstream_usage='summary', output_style='raw', verification_mode='off', finalization='answer_only'),reviser:PromptSlots(reasoning_mode='direct', upstream_usage='summary', output_style='raw', verification_mode='light', finalization='answer_only')|reasoner>summarizer,reasoner>verifier,verifier>summarizer",1.0,1.0,1.0,1.0,stage1,2c51d398c4c8,v4_4_code_bypass_stable_anchor,use_stage1_anchor,stage1,False,0,0
mbpp:622,0,39,phase3a,structure|critiq,"structure|critique_revise|critic:skeptic,generator:planner,reviser:coder|critic:PromptSlots(reasoning_mode='direct', upstream_usage='summary', output_style='raw', verification_mode='strict', finalization='answer_only'),generator:PromptSlots(reasoning_mode='stepwise', upstream_usage='summary', output_style='raw', verification_mode='off', finalization='answer_only'),reviser:PromptSlots(reasoning_mode='direct', upstream_usage='summary', output_style='raw', verification_mode='light', finalization='answer_only')|planner>coder,planner>skeptic,skeptic>coder||critique_revise|critic:verifier,generator:coder,reviser:summarizer|critic:PromptSlots(reasoning_mode='direct', upstream_usage='summary', output_style='raw', verification_mode='strict', finalization='answer_only'),generator:PromptSlots(reasoning_mode='stepwise', upstream_usage='summary', output_style='raw', verification_mode='off', finalization='answer_only'),reviser:PromptSlots(reasoning_mode='direct', upstream_usage='summary', output_style='raw', verification_mode='light', finalization='answer_only')|coder>summarizer,coder>verifier,verifier>summarizer||critique_revise|critic:coder,generator:planner,reviser:researcher|critic:PromptSlots(reasoning_mode='direct', upstream_usage='summary', output_style='raw', verification_mode='strict', finalization='answer_only'),generator:PromptSlots(reasoning_mode='stepwise', upstream_usage='summary', output_style='raw', verification_mode='off', finalization='answer_only'),reviser:PromptSlots(reasoning_mode='direct', upstream_usage='summary', output_style='raw', verification_mode='light', finalization='answer_only')|coder>researcher,planner>coder,planner>researcher",1.0,1.0,1.0,1.0,stage1,a0d63ceca4cc,v4_4_code_bypass_stable_anchor,use_stage1_anchor,stage1,False,0,0
mbpp:629,1,61,phase2,structure|solve_,"structure|solve_verify|solver:planner,verifier:verifier|solver:PromptSlots(reasoning_mode='stepwise', upstream_usage='summary', output_style='raw', verification_mode='off', finalization='answer_only'),verifier:PromptSlots(reasoning_mode='direct', upstream_usage='summary', output_style='raw', verification_mode='strict', finalization='answer_only')|planner>verifier||solve_verify|solver:planner,verifier:coder|solver:PromptSlots(reasoning_mode='stepwise', upstream_usage='summary', output_style='raw', verification_mode='off', finalization='answer_only'),verifier:PromptSlots(reasoning_mode='direct', upstream_usage='summary', output_style='raw', verification_mode='strict', finalization='answer_only')|planner>coder||parallel_vote|aggregator:coder,solver_a:planner,solver_b:reasoner|aggregator:PromptSlots(reasoning_mode='direct', upstream_usage='summary', output_style='raw', verification_mode='light', finalization='answer_only'),solver_a:PromptSlots(reasoning_mode='stepwise', upstream_usage='summary', output_style='raw', verification_mode='off', finalization='answer_only'),solver_b:PromptSlots(reasoning_mode='stepwise', upstream_usage='summary', output_style='raw', verification_mode='off', finalization='answer_only')|planner>coder,reasoner>coder",1.0,1.0,1.0,1.0,checker_approved_proposal,7f67a18edbb6,v4_4_code_bypass_stable_anchor,use_stage1_anchor,stage1+stage2,False,0,0
mbpp:629,1,61,phase3a,structure|route_,"structure|route_solve|aggregator:skeptic,router:planner,solver:coder|aggregator:PromptSlots(reasoning_mode='direct', upstream_usage='summary', output_style='raw', verification_mode='light', finalization='answer_only'),router:PromptSlots(reasoning_mode='direct', upstream_usage='summary', output_style='raw', verification_mode='light', finalization='answer_only'),solver:PromptSlots(reasoning_mode='stepwise', upstream_usage='summary', output_style='raw', verification_mode='off', finalization='answer_only')|coder>skeptic,planner>coder||solve_verify|solver:planner,verifier:coder|solver:PromptSlots(reasoning_mode='stepwise', upstream_usage='summary', output_style='raw', verification_mode='off', finalization='answer_only'),verifier:PromptSlots(reasoning_mode='direct', upstream_usage='summary', output_style='raw', verification_mode='strict', finalization='answer_only')|planner>coder||debate_judge|debater_a:coder,debater_b:reasoner,judge:verifier|debater_a:PromptSlots(reasoning_mode='direct', upstream_usage='summary', output_style='raw', verification_mode='off', finalization='answer_only'),debater_b:PromptSlots(reasoning_mode='direct', upstream_usage='summary', output_style='raw', verification_mode='off', finalization='answer_only'),judge:PromptSlots(reasoning_mode='direct', upstream_usage='summary', output_style='raw', verification_mode='strict', finalization='answer_only')|coder>verifier,reasoner>verifier",1.0,1.0,1.0,1.0,sink_output,5c93f550838a,v4_4_code_bypass_stable_anchor,use_stage1_anchor,stage1+stage2,False,0,0
mbpp:631,2,21,phase2,structure|critiq,"structure|critique_revise|critic:coder,generator:planner,reviser:math|critic:PromptSlots(reasoning_mode='direct', upstream_usage='summary', output_style='raw', verification_mode='strict', finalization='answer_only'),generator:PromptSlots(reasoning_mode='stepwise', upstream_usage='summary', output_style='raw', verification_mode='off', finalization='answer_only'),reviser:PromptSlots(reasoning_mode='direct', upstream_usage='summary', output_style='raw', verification_mode='light', finalization='answer_only')|coder>math,planner>coder,planner>math||critique_revise|critic:coder,generator:verifier,reviser:math|critic:PromptSlots(reasoning_mode='direct', upstream_usage='summary', output_style='raw', verification_mode='strict', finalization='answer_only'),generator:PromptSlots(reasoning_mode='stepwise', upstream_usage='summary', output_style='raw', verification_mode='off', finalization='answer_only'),reviser:PromptSlots(reasoning_mode='direct', upstream_usage='summary', output_style='raw', verification_mode='light', finalization='answer_only')|coder>math,verifier>coder,verifier>math||critique_revise|critic:coder,generator:planner,reviser:debater_b|critic:PromptSlots(reasoning_mode='direct', upstream_usage='summary', output_style='raw', verification_mode='strict', finalization='answer_only'),generator:PromptSlots(reasoning_mode='stepwise', upstream_usage='summary', output_style='raw', verification_mode='off', finalization='answer_only'),reviser:PromptSlots(reasoning_mode='direct', upstream_usage='summary', output_style='raw', verification_mode='light', finalization='answer_only')|coder>debater_b,planner>coder,planner>debater_b",1.0,1.0,1.0,1.0,stage1,d2c90f91e3fe,v4_4_code_bypass_stable_anchor,use_stage1_anchor,stage1,False,0,0
mbpp:631,2,21,phase3a,structure|critiq,"structure|critique_revise|critic:verifier,generator:planner,reviser:summarizer|critic:PromptSlots(reasoning_mode='direct', upstream_usage='summary', output_style='raw', verification_mode='strict', finalization='answer_only'),generator:PromptSlots(reasoning_mode='stepwise', upstream_usage='summary', output_style='raw', verification_mode='off', finalization='answer_only'),reviser:PromptSlots(reasoning_mode='direct', upstream_usage='summary', output_style='raw', verification_mode='light', finalization='answer_only')|planner>summarizer,planner>verifier,verifier>summarizer||debate_judge|debater_a:coder,debater_b:reasoner,judge:verifier|debater_a:PromptSlots(reasoning_mode='direct', upstream_usage='summary', output_style='raw', verification_mode='off', finalization='answer_only'),debater_b:PromptSlots(reasoning_mode='direct', upstream_usage='summary', output_style='raw', verification_mode='off', finalization='answer_only'),judge:PromptSlots(reasoning_mode='direct', upstream_usage='summary', output_style='raw', verification_mode='strict', finalization='answer_only')|coder>verifier,reasoner>verifier||critique_revise|critic:coder,generator:planner,reviser:debater_b|critic:PromptSlots(reasoning_mode='direct', upstream_usage='summary', output_style='raw', verification_mode='strict', finalization='answer_only'),generator:PromptSlots(reasoning_mode='stepwise', upstream_usage='summary', output_style='raw', verification_mode='off', finalization='answer_only'),reviser:PromptSlots(reasoning_mode='direct', upstream_usage='summary', output_style='raw', verification_mode='light', finalization='answer_only')|coder>debater_b,planner>coder,planner>debater_b",1.0,1.0,1.0,1.0,stage1,c76a9f0ef60c,v4_4_code_bypass_stable_anchor,use_stage1_anchor,stage1,False,0,0
mbpp:645,1,35,phase2,structure|critiq,"structure|critique_revise|critic:reasoner,generator:planner,reviser:coder|critic:PromptSlots(reasoning_mode='direct', upstream_usage='summary', output_style='raw', verification_mode='strict', finalization='answer_only'),generator:PromptSlots(reasoning_mode='stepwise', upstream_usage='summary', output_style='raw', verification_mode='off', finalization='answer_only'),reviser:PromptSlots(reasoning_mode='direct', upstream_usage='summary', output_style='raw', verification_mode='light', finalization='answer_only')|planner>coder,planner>reasoner,reasoner>coder||critique_revise|critic:verifier,generator:debater_a,reviser:summarizer|critic:PromptSlots(reasoning_mode='direct', upstream_usage='summary', output_style='raw', verification_mode='strict', finalization='answer_only'),generator:PromptSlots(reasoning_mode='stepwise', upstream_usage='summary', output_style='raw', verification_mode='off', finalization='answer_only'),reviser:PromptSlots(reasoning_mode='direct', upstream_usage='summary', output_style='raw', verification_mode='light', finalization='answer_only')|debater_a>summarizer,debater_a>verifier,verifier>summarizer||critique_revise|critic:verifier,generator:planner,reviser:coder|critic:PromptSlots(reasoning_mode='direct', upstream_usage='summary', output_style='raw', verification_mode='strict', finalization='answer_only'),generator:PromptSlots(reasoning_mode='stepwise', upstream_usage='summary', output_style='raw', verification_mode='off', finalization='answer_only'),reviser:PromptSlots(reasoning_mode='direct', upstream_usage='summary', output_style='raw', verification_mode='light', finalization='answer_only')|planner>coder,planner>verifier,verifier>coder",0.0,0.0,0.28,0.28,stage1_anchor,0855d027a539,v4_4_code_anchor_guard_preserve,use_stage1_anchor,stage1,False,2,1
mbpp:645,1,35,phase3a,structure|route_,"structure|route_solve|aggregator:skeptic,router:planner,solver:coder|aggregator:PromptSlots(reasoning_mode='direct', upstream_usage='summary', output_style='raw', verification_mode='light', finalization='answer_only'),router:PromptSlots(reasoning_mode='direct', upstream_usage='summary', output_style='raw', verification_mode='light', finalization='answer_only'),solver:PromptSlots(reasoning_mode='stepwise', upstream_usage='summary', output_style='raw', verification_mode='off', finalization='answer_only')|coder>skeptic,planner>coder||critique_revise|critic:coder,generator:researcher,reviser:planner|critic:PromptSlots(reasoning_mode='direct', upstream_usage='summary', output_style='raw', verification_mode='strict', finalization='answer_only'),generator:PromptSlots(reasoning_mode='stepwise', upstream_usage='summary', output_style='raw', verification_mode='off', finalization='answer_only'),reviser:PromptSlots(reasoning_mode='direct', upstream_usage='summary', output_style='raw', verification_mode='light', finalization='answer_only')|coder>planner,researcher>coder,researcher>planner||critique_revise|critic:coder,generator:debater_a,reviser:summarizer|critic:PromptSlots(reasoning_mode='direct', upstream_usage='summary', output_style='raw', verification_mode='strict', finalization='answer_only'),generator:PromptSlots(reasoning_mode='stepwise', upstream_usage='summary', output_style='raw', verification_mode='off', finalization='answer_only'),reviser:PromptSlots(reasoning_mode='direct', upstream_usage='summary', output_style='raw', verification_mode='light', finalization='answer_only')|coder>summarizer,debater_a>coder,debater_a>summarizer",0.0,0.0,0.28,0.28,sink_output,07995453d1d4,v4_4_code_anchor_guard_preserve,use_stage1_anchor,stage1+stage2,False,1,1
mbpp:646,1,63,phase2,structure|solve_,"structure|solve_verify|solver:planner,verifier:verifier|solver:PromptSlots(reasoning_mode='stepwise', upstream_usage='summary', output_style='raw', verification_mode='off', finalization='answer_only'),verifier:PromptSlots(reasoning_mode='direct', upstream_usage='summary', output_style='raw', verification_mode='strict', finalization='answer_only')|planner>verifier||parallel_vote|aggregator:planner,solver_a:coder,solver_b:reasoner|aggregator:PromptSlots(reasoning_mode='direct', upstream_usage='summary', output_style='raw', verification_mode='light', finalization='answer_only'),solver_a:PromptSlots(reasoning_mode='stepwise', upstream_usage='summary', output_style='raw', verification_mode='off', finalization='answer_only'),solver_b:PromptSlots(reasoning_mode='stepwise', upstream_usage='summary', output_style='raw', verification_mode='off', finalization='answer_only')|coder>planner,reasoner>planner||solve_verify|solver:planner,verifier:debater_a|solver:PromptSlots(reasoning_mode='stepwise', upstream_usage='summary', output_style='raw', verification_mode='off', finalization='answer_only'),verifier:PromptSlots(reasoning_mode='direct', upstream_usage='summary', output_style='raw', verification_mode='strict', finalization='answer_only')|planner>debater_a",1.0,1.0,1.0,1.0,checker_approved_proposal,d6a5de590077,v4_4_code_bypass_stable_anchor,use_stage1_anchor,stage1+stage2,False,0,0
mbpp:646,1,63,phase3a,structure|solve_,"structure|solve_verify|solver:planner,verifier:debater_a|solver:PromptSlots(reasoning_mode='stepwise', upstream_usage='summary', output_style='raw', verification_mode='off', finalization='answer_only'),verifier:PromptSlots(reasoning_mode='direct', upstream_usage='summary', output_style='raw', verification_mode='strict', finalization='answer_only')|planner>debater_a||critique_revise|critic:coder,generator:planner,reviser:summarizer|critic:PromptSlots(reasoning_mode='direct', upstream_usage='summary', output_style='raw', verification_mode='strict', finalization='answer_only'),generator:PromptSlots(reasoning_mode='stepwise', upstream_usage='summary', output_style='raw', verification_mode='off', finalization='answer_only'),reviser:PromptSlots(reasoning_mode='direct', upstream_usage='summary', output_style='raw', verification_mode='light', finalization='answer_only')|coder>summarizer,planner>coder,planner>summarizer||solve_verify|solver:planner,verifier:coder|solver:PromptSlots(reasoning_mode='stepwise', upstream_usage='summary', output_style='raw', verification_mode='off', finalization='answer_only'),verifier:PromptSlots(reasoning_mode='direct', upstream_usage='summary', output_style='raw', verification_mode='strict', finalization='answer_only')|planner>coder",1.0,1.0,1.0,1.0,checker_approved_proposal,d6a5de590077,v4_4_code_bypass_stable_anchor,use_stage1_anchor,stage1+stage2,False,0,0
mbpp:652,2,44,phase2,structure|critiq,"structure|critique_revise|critic:coder,generator:planner,reviser:summarizer|critic:PromptSlots(reasoning_mode='direct', upstream_usage='summary', output_style='raw', verification_mode='strict', finalization='answer_only'),generator:PromptSlots(reasoning_mode='stepwise', upstream_usage='summary', output_style='raw', verification_mode='off', finalization='answer_only'),reviser:PromptSlots(reasoning_mode='direct', upstream_usage='summary', output_style='raw', verification_mode='light', finalization='answer_only')|coder>summarizer,planner>coder,planner>summarizer||route_solve|aggregator:verifier,router:planner,solver:coder|aggregator:PromptSlots(reasoning_mode='direct', upstream_usage='summary', output_style='raw', verification_mode='light', finalization='answer_only'),router:PromptSlots(reasoning_mode='direct', upstream_usage='summary', output_style='raw', verification_mode='light', finalization='answer_only'),solver:PromptSlots(reasoning_mode='stepwise', upstream_usage='summary', output_style='raw', verification_mode='off', finalization='answer_only')|coder>verifier,planner>coder||critique_revise|critic:coder,generator:researcher,reviser:planner|critic:PromptSlots(reasoning_mode='direct', upstream_usage='summary', output_style='raw', verification_mode='strict', finalization='answer_only'),generator:PromptSlots(reasoning_mode='stepwise', upstream_usage='summary', output_style='raw', verification_mode='off', finalization='answer_only'),reviser:PromptSlots(reasoning_mode='direct', upstream_usage='summary', output_style='raw', verification_mode='light', finalization='answer_only')|coder>planner,researcher>coder,researcher>planner",0.0,0.0,0.28,0.28,stage1_anchor,ac3c1aeb9937,v4_4_code_anchor_guard_preserve,use_stage1_anchor,stage1,False,3,1
mbpp:652,2,44,phase3a,structure|parall,"structure|parallel_vote|aggregator:researcher,solver_a:planner,solver_b:reasoner|aggregator:PromptSlots(reasoning_mode='direct', upstream_usage='summary', output_style='raw', verification_mode='light', finalization='answer_only'),solver_a:PromptSlots(reasoning_mode='stepwise', upstream_usage='summary', output_style='raw', verification_mode='off', finalization='answer_only'),solver_b:PromptSlots(reasoning_mode='stepwise', upstream_usage='summary', output_style='raw', verification_mode='off', finalization='answer_only')|planner>researcher,reasoner>researcher||route_solve|aggregator:verifier,router:planner,solver:coder|aggregator:PromptSlots(reasoning_mode='direct', upstream_usage='summary', output_style='raw', verification_mode='light', finalization='answer_only'),router:PromptSlots(reasoning_mode='direct', upstream_usage='summary', output_style='raw', verification_mode='light', finalization='answer_only'),solver:PromptSlots(reasoning_mode='stepwise', upstream_usage='summary', output_style='raw', verification_mode='off', finalization='answer_only')|coder>verifier,planner>coder||parallel_vote|aggregator:verifier,solver_a:planner,solver_b:coder|aggregator:PromptSlots(reasoning_mode='direct', upstream_usage='summary', output_style='raw', verification_mode='light', finalization='answer_only'),solver_a:PromptSlots(reasoning_mode='stepwise', upstream_usage='summary', output_style='raw', verification_mode='off', finalization='answer_only'),solver_b:PromptSlots(reasoning_mode='stepwise', upstream_usage='summary', output_style='raw', verification_mode='off', finalization='answer_only')|coder>verifier,planner>verifier",0.0,0.0,0.28,0.28,stage1_anchor,52165c668da7,v4_4_code_anchor_guard_preserve,use_stage1_anchor,stage1,False,3,1
mbpp:653,1,45,phase2,structure|critiq,"structure|critique_revise|critic:researcher,generator:math,reviser:coder|critic:PromptSlots(reasoning_mode='direct', upstream_usage='summary', output_style='raw', verification_mode='strict', finalization='answer_only'),generator:PromptSlots(reasoning_mode='stepwise', upstream_usage='summary', output_style='raw', verification_mode='off', finalization='answer_only'),reviser:PromptSlots(reasoning_mode='direct', upstream_usage='summary', output_style='raw', verification_mode='light', finalization='answer_only')|math>coder,math>researcher,researcher>coder||critique_revise|critic:verifier,generator:coder,reviser:summarizer|critic:PromptSlots(reasoning_mode='direct', upstream_usage='summary', output_style='raw', verification_mode='strict', finalization='answer_only'),generator:PromptSlots(reasoning_mode='stepwise', upstream_usage='summary', output_style='raw', verification_mode='off', finalization='answer_only'),reviser:PromptSlots(reasoning_mode='direct', upstream_usage='summary', output_style='raw', verification_mode='light', finalization='answer_only')|coder>summarizer,coder>verifier,verifier>summarizer||critique_revise|critic:researcher,generator:verifier,reviser:coder|critic:PromptSlots(reasoning_mode='direct', upstream_usage='summary', output_style='raw', verification_mode='strict', finalization='answer_only'),generator:PromptSlots(reasoning_mode='stepwise', upstream_usage='summary', output_style='raw', verification_mode='off', finalization='answer_only'),reviser:PromptSlots(reasoning_mode='direct', upstream_usage='summary', output_style='raw', verification_mode='light', finalization='answer_only')|researcher>coder,verifier>coder,verifier>researcher",1.0,1.0,1.0,1.0,stage1,89794d951e88,v4_4_code_bypass_stable_anchor,use_stage1_anchor,stage1,False,0,0
mbpp:653,1,45,phase3a,structure|critiq,"structure|critique_revise|critic:coder,generator:planner,reviser:reasoner|critic:PromptSlots(reasoning_mode='direct', upstream_usage='summary', output_style='raw', verification_mode='strict', finalization='answer_only'),generator:PromptSlots(reasoning_mode='stepwise', upstream_usage='summary', output_style='raw', verification_mode='off', finalization='answer_only'),reviser:PromptSlots(reasoning_mode='direct', upstream_usage='summary', output_style='raw', verification_mode='light', finalization='answer_only')|coder>reasoner,planner>coder,planner>reasoner||critique_revise|critic:verifier,generator:planner,reviser:coder|critic:PromptSlots(reasoning_mode='direct', upstream_usage='summary', output_style='raw', verification_mode='strict', finalization='answer_only'),generator:PromptSlots(reasoning_mode='stepwise', upstream_usage='summary', output_style='raw', verification_mode='off', finalization='answer_only'),reviser:PromptSlots(reasoning_mode='direct', upstream_usage='summary', output_style='raw', verification_mode='light', finalization='answer_only')|planner>coder,planner>verifier,verifier>coder||critique_revise|critic:coder,generator:verifier,reviser:summarizer|critic:PromptSlots(reasoning_mode='direct', upstream_usage='summary', output_style='raw', verification_mode='strict', finalization='answer_only'),generator:PromptSlots(reasoning_mode='stepwise', upstream_usage='summary', output_style='raw', verification_mode='off', finalization='answer_only'),reviser:PromptSlots(reasoning_mode='direct', upstream_usage='summary', output_style='raw', verification_mode='light', finalization='answer_only')|coder>summarizer,verifier>coder,verifier>summarizer",1.0,1.0,1.0,1.0,stage1,4e6d65578994,v4_4_code_bypass_stable_anchor,use_stage1_anchor,stage1,False,0,0
mbpp:655,2,3,phase2,structure|route_,"structure|route_solve|aggregator:verifier,router:planner,solver:coder|aggregator:PromptSlots(reasoning_mode='direct', upstream_usage='summary', output_style='raw', verification_mode='light', finalization='answer_only'),router:PromptSlots(reasoning_mode='direct', upstream_usage='summary', output_style='raw', verification_mode='light', finalization='answer_only'),solver:PromptSlots(reasoning_mode='stepwise', upstream_usage='summary', output_style='raw', verification_mode='off', finalization='answer_only')|coder>verifier,planner>coder||solve_verify|solver:planner,verifier:coder|solver:PromptSlots(reasoning_mode='stepwise', upstream_usage='summary', output_style='raw', verification_mode='off', finalization='answer_only'),verifier:PromptSlots(reasoning_mode='direct', upstream_usage='summary', output_style='raw', verification_mode='strict', finalization='answer_only')|planner>coder||parallel_vote|aggregator:verifier,solver_a:planner,solver_b:reasoner|aggregator:PromptSlots(reasoning_mode='direct', upstream_usage='summary', output_style='raw', verification_mode='light', finalization='answer_only'),solver_a:PromptSlots(reasoning_mode='stepwise', upstream_usage='summary', output_style='raw', verification_mode='off', finalization='answer_only'),solver_b:PromptSlots(reasoning_mode='stepwise', upstream_usage='summary', output_style='raw', verification_mode='off', finalization='answer_only')|planner>verifier,reasoner>verifier",1.0,1.0,1.0,1.0,sink_output,ceb22cee75d4,v4_4_code_bypass_stable_anchor,use_stage1_anchor,stage1+stage2,False,0,0
mbpp:655,2,3,phase3a,structure|route_,"structure|route_solve|aggregator:skeptic,router:planner,solver:coder|aggregator:PromptSlots(reasoning_mode='direct', upstream_usage='summary', output_style='raw', verification_mode='light', finalization='answer_only'),router:PromptSlots(reasoning_mode='direct', upstream_usage='summary', output_style='raw', verification_mode='light', finalization='answer_only'),solver:PromptSlots(reasoning_mode='stepwise', upstream_usage='summary', output_style='raw', verification_mode='off', finalization='answer_only')|coder>skeptic,planner>coder||debate_judge|debater_a:coder,debater_b:reasoner,judge:verifier|debater_a:PromptSlots(reasoning_mode='direct', upstream_usage='summary', output_style='raw', verification_mode='off', finalization='answer_only'),debater_b:PromptSlots(reasoning_mode='direct', upstream_usage='summary', output_style='raw', verification_mode='off', finalization='answer_only'),judge:PromptSlots(reasoning_mode='direct', upstream_usage='summary', output_style='raw', verification_mode='strict', finalization='answer_only')|coder>verifier,reasoner>verifier||solve_verify|solver:planner,verifier:verifier|solver:PromptSlots(reasoning_mode='stepwise', upstream_usage='summary', output_style='raw', verification_mode='off', finalization='answer_only'),verifier:PromptSlots(reasoning_mode='direct', upstream_usage='summary', output_style='raw', verification_mode='strict', finalization='answer_only')|planner>verifier",1.0,1.0,1.0,1.0,stage1,8249a7da2a02,v4_4_code_bypass_stable_anchor,use_stage1_anchor,stage1,False,0,0
mbpp:659,2,33,phase2,structure|critiq,"structure|critique_revise|critic:verifier,generator:planner,reviser:coder|critic:PromptSlots(reasoning_mode='direct', upstream_usage='summary', output_style='raw', verification_mode='strict', finalization='answer_only'),generator:PromptSlots(reasoning_mode='stepwise', upstream_usage='summary', output_style='raw', verification_mode='off', finalization='answer_only'),reviser:PromptSlots(reasoning_mode='direct', upstream_usage='summary', output_style='raw', verification_mode='light', finalization='answer_only')|planner>coder,planner>verifier,verifier>coder||critique_revise|critic:coder,generator:reasoner,reviser:planner|critic:PromptSlots(reasoning_mode='direct', upstream_usage='summary', output_style='raw', verification_mode='strict', finalization='answer_only'),generator:PromptSlots(reasoning_mode='stepwise', upstream_usage='summary', output_style='raw', verification_mode='off', finalization='answer_only'),reviser:PromptSlots(reasoning_mode='direct', upstream_usage='summary', output_style='raw', verification_mode='light', finalization='answer_only')|coder>planner,reasoner>coder,reasoner>planner||critique_revise|critic:verifier,generator:coder,reviser:summarizer|critic:PromptSlots(reasoning_mode='direct', upstream_usage='summary', output_style='raw', verification_mode='strict', finalization='answer_only'),generator:PromptSlots(reasoning_mode='stepwise', upstream_usage='summary', output_style='raw', verification_mode='off', finalization='answer_only'),reviser:PromptSlots(reasoning_mode='direct', upstream_usage='summary', output_style='raw', verification_mode='light', finalization='answer_only')|coder>summarizer,coder>verifier,verifier>summarizer",1.0,1.0,1.0,1.0,stage1,9e3cbab7b73e,v4_4_code_bypass_stable_anchor,use_stage1_anchor,stage1,False,0,0
mbpp:659,2,33,phase3a,structure|solve_,"structure|solve_verify|solver:planner,verifier:verifier|solver:PromptSlots(reasoning_mode='stepwise', upstream_usage='summary', output_style='raw', verification_mode='off', finalization='answer_only'),verifier:PromptSlots(reasoning_mode='direct', upstream_usage='summary', output_style='raw', verification_mode='strict', finalization='answer_only')|planner>verifier||route_solve|aggregator:math,router:planner,solver:coder|aggregator:PromptSlots(reasoning_mode='direct', upstream_usage='summary', output_style='raw', verification_mode='light', finalization='answer_only'),router:PromptSlots(reasoning_mode='direct', upstream_usage='summary', output_style='raw', verification_mode='light', finalization='answer_only'),solver:PromptSlots(reasoning_mode='stepwise', upstream_usage='summary', output_style='raw', verification_mode='off', finalization='answer_only')|coder>math,planner>coder||critique_revise|critic:verifier,generator:coder,reviser:summarizer|critic:PromptSlots(reasoning_mode='direct', upstream_usage='summary', output_style='raw', verification_mode='strict', finalization='answer_only'),generator:PromptSlots(reasoning_mode='stepwise', upstream_usage='summary', output_style='raw', verification_mode='off', finalization='answer_only'),reviser:PromptSlots(reasoning_mode='direct', upstream_usage='summary', output_style='raw', verification_mode='light', finalization='answer_only')|coder>summarizer,coder>verifier,verifier>summarizer",1.0,1.0,1.0,1.0,stage1,bf6d51fe0e59,v4_4_code_bypass_stable_anchor,use_stage1_anchor,stage1,False,0,0
mbpp:660,0,5,phase2,structure|critiq,"structure|critique_revise|critic:verifier,generator:coder,reviser:summarizer|critic:PromptSlots(reasoning_mode='direct', upstream_usage='summary', output_style='raw', verification_mode='strict', finalization='answer_only'),generator:PromptSlots(reasoning_mode='stepwise', upstream_usage='summary', output_style='raw', verification_mode='off', finalization='answer_only'),reviser:PromptSlots(reasoning_mode='direct', upstream_usage='summary', output_style='raw', verification_mode='light', finalization='answer_only')|coder>summarizer,coder>verifier,verifier>summarizer||route_solve|aggregator:researcher,router:planner,solver:coder|aggregator:PromptSlots(reasoning_mode='direct', upstream_usage='summary', output_style='raw', verification_mode='light', finalization='answer_only'),router:PromptSlots(reasoning_mode='direct', upstream_usage='summary', output_style='raw', verification_mode='light', finalization='answer_only'),solver:PromptSlots(reasoning_mode='stepwise', upstream_usage='summary', output_style='raw', verification_mode='off', finalization='answer_only')|coder>researcher,planner>coder||parallel_vote|aggregator:verifier,solver_a:planner,solver_b:reasoner|aggregator:PromptSlots(reasoning_mode='direct', upstream_usage='summary', output_style='raw', verification_mode='light', finalization='answer_only'),solver_a:PromptSlots(reasoning_mode='stepwise', upstream_usage='summary', output_style='raw', verification_mode='off', finalization='answer_only'),solver_b:PromptSlots(reasoning_mode='stepwise', upstream_usage='summary', output_style='raw', verification_mode='off', finalization='answer_only')|planner>verifier,reasoner>verifier",1.0,1.0,1.0,1.0,stage1,7cc6b3bb3615,v4_4_code_bypass_stable_anchor,use_stage1_anchor,stage1,False,0,0
mbpp:660,0,5,phase3a,structure|critiq,"structure|critique_revise|critic:verifier,generator:reasoner,reviser:coder|critic:PromptSlots(reasoning_mode='direct', upstream_usage='summary', output_style='raw', verification_mode='strict', finalization='answer_only'),generator:PromptSlots(reasoning_mode='stepwise', upstream_usage='summary', output_style='raw', verification_mode='off', finalization='answer_only'),reviser:PromptSlots(reasoning_mode='direct', upstream_usage='summary', output_style='raw', verification_mode='light', finalization='answer_only')|reasoner>coder,reasoner>verifier,verifier>coder||critique_revise|critic:verifier,generator:planner,reviser:researcher|critic:PromptSlots(reasoning_mode='direct', upstream_usage='summary', output_style='raw', verification_mode='strict', finalization='answer_only'),generator:PromptSlots(reasoning_mode='stepwise', upstream_usage='summary', output_style='raw', verification_mode='off', finalization='answer_only'),reviser:PromptSlots(reasoning_mode='direct', upstream_usage='summary', output_style='raw', verification_mode='light', finalization='answer_only')|planner>researcher,planner>verifier,verifier>researcher||critique_revise|critic:verifier,generator:coder,reviser:planner|critic:PromptSlots(reasoning_mode='direct', upstream_usage='summary', output_style='raw', verification_mode='strict', finalization='answer_only'),generator:PromptSlots(reasoning_mode='stepwise', upstream_usage='summary', output_style='raw', verification_mode='off', finalization='answer_only'),reviser:PromptSlots(reasoning_mode='direct', upstream_usage='summary', output_style='raw', verification_mode='light', finalization='answer_only')|coder>planner,coder>verifier,verifier>planner",1.0,1.0,1.0,1.0,stage1,75e01b41b97e,v4_4_code_bypass_stable_anchor,use_stage1_anchor,stage1,False,0,0
mbpp:668,1,44,phase2,structure|parall,"structure|parallel_vote|aggregator:debater_a,solver_a:planner,solver_b:reasoner|aggregator:PromptSlots(reasoning_mode='direct', upstream_usage='summary', output_style='raw', verification_mode='light', finalization='answer_only'),solver_a:PromptSlots(reasoning_mode='stepwise', upstream_usage='summary', output_style='raw', verification_mode='off', finalization='answer_only'),solver_b:PromptSlots(reasoning_mode='stepwise', upstream_usage='summary', output_style='raw', verification_mode='off', finalization='answer_only')|planner>debater_a,reasoner>debater_a||critique_revise|critic:verifier,generator:planner,reviser:summarizer|critic:PromptSlots(reasoning_mode='direct', upstream_usage='summary', output_style='raw', verification_mode='strict', finalization='answer_only'),generator:PromptSlots(reasoning_mode='stepwise', upstream_usage='summary', output_style='raw', verification_mode='off', finalization='answer_only'),reviser:PromptSlots(reasoning_mode='direct', upstream_usage='summary', output_style='raw', verification_mode='light', finalization='answer_only')|planner>summarizer,planner>verifier,verifier>summarizer||parallel_vote|aggregator:debater_a,solver_a:planner,solver_b:coder|aggregator:PromptSlots(reasoning_mode='direct', upstream_usage='summary', output_style='raw', verification_mode='light', finalization='answer_only'),solver_a:PromptSlots(reasoning_mode='stepwise', upstream_usage='summary', output_style='raw', verification_mode='off', finalization='answer_only'),solver_b:PromptSlots(reasoning_mode='stepwise', upstream_usage='summary', output_style='raw', verification_mode='off', finalization='answer_only')|coder>debater_a,planner>debater_a",1.0,1.0,1.0,1.0,stage1,c90df7fb9d8e,v4_4_code_bypass_stable_anchor,use_stage1_anchor,stage1,False,0,0
mbpp:668,1,44,phase3a,structure|solve_,"structure|solve_verify|solver:planner,verifier:summarizer|solver:PromptSlots(reasoning_mode='stepwise', upstream_usage='summary', output_style='raw', verification_mode='off', finalization='answer_only'),verifier:PromptSlots(reasoning_mode='direct', upstream_usage='summary', output_style='raw', verification_mode='strict', finalization='answer_only')|planner>summarizer||critique_revise|critic:verifier,generator:planner,reviser:summarizer|critic:PromptSlots(reasoning_mode='direct', upstream_usage='summary', output_style='raw', verification_mode='strict', finalization='answer_only'),generator:PromptSlots(reasoning_mode='stepwise', upstream_usage='summary', output_style='raw', verification_mode='off', finalization='answer_only'),reviser:PromptSlots(reasoning_mode='direct', upstream_usage='summary', output_style='raw', verification_mode='light', finalization='answer_only')|planner>summarizer,planner>verifier,verifier>summarizer||route_solve|aggregator:math,router:planner,solver:coder|aggregator:PromptSlots(reasoning_mode='direct', upstream_usage='summary', output_style='raw', verification_mode='light', finalization='answer_only'),router:PromptSlots(reasoning_mode='direct', upstream_usage='summary', output_style='raw', verification_mode='light', finalization='answer_only'),solver:PromptSlots(reasoning_mode='stepwise', upstream_usage='summary', output_style='raw', verification_mode='off', finalization='answer_only')|coder>math,planner>coder",1.0,1.0,1.0,1.0,stage1,be08e009a13a,v4_4_code_bypass_stable_anchor,use_stage1_anchor,stage1,False,0,0
mbpp:669,1,7,phase2,structure|critiq,"structure|critique_revise|critic:coder,generator:verifier,reviser:summarizer|critic:PromptSlots(reasoning_mode='direct', upstream_usage='summary', output_style='raw', verification_mode='strict', finalization='answer_only'),generator:PromptSlots(reasoning_mode='stepwise', upstream_usage='summary', output_style='raw', verification_mode='off', finalization='answer_only'),reviser:PromptSlots(reasoning_mode='direct', upstream_usage='summary', output_style='raw', verification_mode='light', finalization='answer_only')|coder>summarizer,verifier>coder,verifier>summarizer||solve_verify|solver:planner,verifier:verifier|solver:PromptSlots(reasoning_mode='stepwise', upstream_usage='summary', output_style='raw', verification_mode='off', finalization='answer_only'),verifier:PromptSlots(reasoning_mode='direct', upstream_usage='summary', output_style='raw', verification_mode='strict', finalization='answer_only')|planner>verifier||critique_revise|critic:verifier,generator:math,reviser:coder|critic:PromptSlots(reasoning_mode='direct', upstream_usage='summary', output_style='raw', verification_mode='strict', finalization='answer_only'),generator:PromptSlots(reasoning_mode='stepwise', upstream_usage='summary', output_style='raw', verification_mode='off', finalization='answer_only'),reviser:PromptSlots(reasoning_mode='direct', upstream_usage='summary', output_style='raw', verification_mode='light', finalization='answer_only')|math>coder,math>verifier,verifier>coder",1.0,1.0,1.0,1.0,stage1,2b0b9c33ceb6,v4_4_code_bypass_stable_anchor,use_stage1_anchor,stage1,False,0,0
mbpp:669,1,7,phase3a,structure|critiq,"structure|critique_revise|critic:verifier,generator:math,reviser:summarizer|critic:PromptSlots(reasoning_mode='direct', upstream_usage='summary', output_style='raw', verification_mode='strict', finalization='answer_only'),generator:PromptSlots(reasoning_mode='stepwise', upstream_usage='summary', output_style='raw', verification_mode='off', finalization='answer_only'),reviser:PromptSlots(reasoning_mode='direct', upstream_usage='summary', output_style='raw', verification_mode='light', finalization='answer_only')|math>summarizer,math>verifier,verifier>summarizer||critique_revise|critic:coder,generator:math,reviser:summarizer|critic:PromptSlots(reasoning_mode='direct', upstream_usage='summary', output_style='raw', verification_mode='strict', finalization='answer_only'),generator:PromptSlots(reasoning_mode='stepwise', upstream_usage='summary', output_style='raw', verification_mode='off', finalization='answer_only'),reviser:PromptSlots(reasoning_mode='direct', upstream_usage='summary', output_style='raw', verification_mode='light', finalization='answer_only')|coder>summarizer,math>coder,math>summarizer||critique_revise|critic:verifier,generator:reasoner,reviser:coder|critic:PromptSlots(reasoning_mode='direct', upstream_usage='summary', output_style='raw', verification_mode='strict', finalization='answer_only'),generator:PromptSlots(reasoning_mode='stepwise', upstream_usage='summary', output_style='raw', verification_mode='off', finalization='answer_only'),reviser:PromptSlots(reasoning_mode='direct', upstream_usage='summary', output_style='raw', verification_mode='light', finalization='answer_only')|reasoner>coder,reasoner>verifier,verifier>coder",1.0,1.0,1.0,1.0,stage1,5eab8b915c15,v4_4_code_bypass_stable_anchor,use_stage1_anchor,stage1,False,0,0
mbpp:673,1,41,phase2,structure|critiq,"structure|critique_revise|critic:coder,generator:planner,reviser:researcher|critic:PromptSlots(reasoning_mode='direct', upstream_usage='summary', output_style='raw', verification_mode='strict', finalization='answer_only'),generator:PromptSlots(reasoning_mode='stepwise', upstream_usage='summary', output_style='raw', verification_mode='off', finalization='answer_only'),reviser:PromptSlots(reasoning_mode='direct', upstream_usage='summary', output_style='raw', verification_mode='light', finalization='answer_only')|coder>researcher,planner>coder,planner>researcher||solve_verify|solver:planner,verifier:verifier|solver:PromptSlots(reasoning_mode='stepwise', upstream_usage='summary', output_style='raw', verification_mode='off', finalization='answer_only'),verifier:PromptSlots(reasoning_mode='direct', upstream_usage='summary', output_style='raw', verification_mode='strict', finalization='answer_only')|planner>verifier||critique_revise|critic:coder,generator:verifier,reviser:researcher|critic:PromptSlots(reasoning_mode='direct', upstream_usage='summary', output_style='raw', verification_mode='strict', finalization='answer_only'),generator:PromptSlots(reasoning_mode='stepwise', upstream_usage='summary', output_style='raw', verification_mode='off', finalization='answer_only'),reviser:PromptSlots(reasoning_mode='direct', upstream_usage='summary', output_style='raw', verification_mode='light', finalization='answer_only')|coder>researcher,verifier>coder,verifier>researcher",1.0,1.0,1.0,1.0,checker_approved_proposal,65267ea5aac1,v4_4_code_bypass_stable_anchor,use_stage1_anchor,stage1+stage2,False,0,0
mbpp:673,1,41,phase3a,structure|critiq,"structure|critique_revise|critic:verifier,generator:planner,reviser:researcher|critic:PromptSlots(reasoning_mode='direct', upstream_usage='summary', output_style='raw', verification_mode='strict', finalization='answer_only'),generator:PromptSlots(reasoning_mode='stepwise', upstream_usage='summary', output_style='raw', verification_mode='off', finalization='answer_only'),reviser:PromptSlots(reasoning_mode='direct', upstream_usage='summary', output_style='raw', verification_mode='light', finalization='answer_only')|planner>researcher,planner>verifier,verifier>researcher||route_solve|aggregator:summarizer,router:planner,solver:coder|aggregator:PromptSlots(reasoning_mode='direct', upstream_usage='summary', output_style='raw', verification_mode='light', finalization='answer_only'),router:PromptSlots(reasoning_mode='direct', upstream_usage='summary', output_style='raw', verification_mode='light', finalization='answer_only'),solver:PromptSlots(reasoning_mode='stepwise', upstream_usage='summary', output_style='raw', verification_mode='off', finalization='answer_only')|coder>summarizer,planner>coder||solve_verify|solver:coder,verifier:planner|solver:PromptSlots(reasoning_mode='stepwise', upstream_usage='summary', output_style='raw', verification_mode='off', finalization='answer_only'),verifier:PromptSlots(reasoning_mode='direct', upstream_usage='summary', output_style='raw', verification_mode='strict', finalization='answer_only')|coder>planner",1.0,1.0,1.0,1.0,sink_output,65267ea5aac1,v4_4_code_bypass_stable_anchor,use_stage1_anchor,stage1+stage2,False,0,0
mbpp:676,2,59,phase2,structure|critiq,"structure|critique_revise|critic:verifier,generator:planner,reviser:reasoner|critic:PromptSlots(reasoning_mode='direct', upstream_usage='summary', output_style='raw', verification_mode='strict', finalization='answer_only'),generator:PromptSlots(reasoning_mode='stepwise', upstream_usage='summary', output_style='raw', verification_mode='off', finalization='answer_only'),reviser:PromptSlots(reasoning_mode='direct', upstream_usage='summary', output_style='raw', verification_mode='light', finalization='answer_only')|planner>reasoner,planner>verifier,verifier>reasoner||critique_revise|critic:coder,generator:planner,reviser:reasoner|critic:PromptSlots(reasoning_mode='direct', upstream_usage='summary', output_style='raw', verification_mode='strict', finalization='answer_only'),generator:PromptSlots(reasoning_mode='stepwise', upstream_usage='summary', output_style='raw', verification_mode='off', finalization='answer_only'),reviser:PromptSlots(reasoning_mode='direct', upstream_usage='summary', output_style='raw', verification_mode='light', finalization='answer_only')|coder>reasoner,planner>coder,planner>reasoner||critique_revise|critic:coder,generator:planner,reviser:math|critic:PromptSlots(reasoning_mode='direct', upstream_usage='summary', output_style='raw', verification_mode='strict', finalization='answer_only'),generator:PromptSlots(reasoning_mode='stepwise', upstream_usage='summary', output_style='raw', verification_mode='off', finalization='answer_only'),reviser:PromptSlots(reasoning_mode='direct', upstream_usage='summary', output_style='raw', verification_mode='light', finalization='answer_only')|coder>math,planner>coder,planner>math",1.0,1.0,1.0,1.0,sink_output,d92be3012dbb,v4_4_code_bypass_stable_anchor,use_stage1_anchor,stage1+stage2,False,0,0
mbpp:676,2,59,phase3a,structure|critiq,"structure|critique_revise|critic:verifier,generator:math,reviser:planner|critic:PromptSlots(reasoning_mode='direct', upstream_usage='summary', output_style='raw', verification_mode='strict', finalization='answer_only'),generator:PromptSlots(reasoning_mode='stepwise', upstream_usage='summary', output_style='raw', verification_mode='off', finalization='answer_only'),reviser:PromptSlots(reasoning_mode='direct', upstream_usage='summary', output_style='raw', verification_mode='light', finalization='answer_only')|math>planner,math>verifier,verifier>planner||critique_revise|critic:verifier,generator:planner,reviser:coder|critic:PromptSlots(reasoning_mode='direct', upstream_usage='summary', output_style='raw', verification_mode='strict', finalization='answer_only'),generator:PromptSlots(reasoning_mode='stepwise', upstream_usage='summary', output_style='raw', verification_mode='off', finalization='answer_only'),reviser:PromptSlots(reasoning_mode='direct', upstream_usage='summary', output_style='raw', verification_mode='light', finalization='answer_only')|planner>coder,planner>verifier,verifier>coder||critique_revise|critic:planner,generator:math,reviser:coder|critic:PromptSlots(reasoning_mode='direct', upstream_usage='summary', output_style='raw', verification_mode='strict', finalization='answer_only'),generator:PromptSlots(reasoning_mode='stepwise', upstream_usage='summary', output_style='raw', verification_mode='off', finalization='answer_only'),reviser:PromptSlots(reasoning_mode='direct', upstream_usage='summary', output_style='raw', verification_mode='light', finalization='answer_only')|math>coder,math>planner,planner>coder",1.0,1.0,1.0,1.0,sink_output,d92be3012dbb,v4_4_code_bypass_stable_anchor,use_stage1_anchor,stage1+stage2,False,0,0
mbpp:680,0,20,phase2,structure|critiq,"structure|critique_revise|critic:verifier,generator:math,reviser:reasoner|critic:PromptSlots(reasoning_mode='direct', upstream_usage='summary', output_style='raw', verification_mode='strict', finalization='answer_only'),generator:PromptSlots(reasoning_mode='stepwise', upstream_usage='summary', output_style='raw', verification_mode='off', finalization='answer_only'),reviser:PromptSlots(reasoning_mode='direct', upstream_usage='summary', output_style='raw', verification_mode='light', finalization='answer_only')|math>reasoner,math>verifier,verifier>reasoner||critique_revise|critic:coder,generator:planner,reviser:debater_a|critic:PromptSlots(reasoning_mode='direct', upstream_usage='summary', output_style='raw', verification_mode='strict', finalization='answer_only'),generator:PromptSlots(reasoning_mode='stepwise', upstream_usage='summary', output_style='raw', verification_mode='off', finalization='answer_only'),reviser:PromptSlots(reasoning_mode='direct', upstream_usage='summary', output_style='raw', verification_mode='light', finalization='answer_only')|coder>debater_a,planner>coder,planner>debater_a||critique_revise|critic:planner,generator:reasoner,reviser:coder|critic:PromptSlots(reasoning_mode='direct', upstream_usage='summary', output_style='raw', verification_mode='strict', finalization='answer_only'),generator:PromptSlots(reasoning_mode='stepwise', upstream_usage='summary', output_style='raw', verification_mode='off', finalization='answer_only'),reviser:PromptSlots(reasoning_mode='direct', upstream_usage='summary', output_style='raw', verification_mode='light', finalization='answer_only')|planner>coder,reasoner>coder,reasoner>planner",1.0,1.0,1.0,1.0,sink_output,de9e1e33c982,v4_4_code_bypass_stable_anchor,use_stage1_anchor,stage1+stage2,False,0,0
mbpp:680,0,20,phase3a,structure|critiq,"structure|critique_revise|critic:coder,generator:verifier,reviser:reasoner|critic:PromptSlots(reasoning_mode='direct', upstream_usage='summary', output_style='raw', verification_mode='strict', finalization='answer_only'),generator:PromptSlots(reasoning_mode='stepwise', upstream_usage='summary', output_style='raw', verification_mode='off', finalization='answer_only'),reviser:PromptSlots(reasoning_mode='direct', upstream_usage='summary', output_style='raw', verification_mode='light', finalization='answer_only')|coder>reasoner,verifier>coder,verifier>reasoner||critique_revise|critic:verifier,generator:planner,reviser:coder|critic:PromptSlots(reasoning_mode='direct', upstream_usage='summary', output_style='raw', verification_mode='strict', finalization='answer_only'),generator:PromptSlots(reasoning_mode='stepwise', upstream_usage='summary', output_style='raw', verification_mode='off', finalization='answer_only'),reviser:PromptSlots(reasoning_mode='direct', upstream_usage='summary', output_style='raw', verification_mode='light', finalization='answer_only')|planner>coder,planner>verifier,verifier>coder||critique_revise|critic:coder,generator:planner,reviser:reasoner|critic:PromptSlots(reasoning_mode='direct', upstream_usage='summary', output_style='raw', verification_mode='strict', finalization='answer_only'),generator:PromptSlots(reasoning_mode='stepwise', upstream_usage='summary', output_style='raw', verification_mode='off', finalization='answer_only'),reviser:PromptSlots(reasoning_mode='direct', upstream_usage='summary', output_style='raw', verification_mode='light', finalization='answer_only')|coder>reasoner,planner>coder,planner>reasoner",1.0,1.0,1.0,1.0,sink_output,dbcb874767af,v4_4_code_bypass_stable_anchor,use_stage1_anchor,stage1+stage2,False,0,0
mbpp:690,0,45,phase2,structure|critiq,"structure|critique_revise|critic:math,generator:reasoner,reviser:planner|critic:PromptSlots(reasoning_mode='direct', upstream_usage='summary', output_style='raw', verification_mode='strict', finalization='answer_only'),generator:PromptSlots(reasoning_mode='stepwise', upstream_usage='summary', output_style='raw', verification_mode='off', finalization='answer_only'),reviser:PromptSlots(reasoning_mode='direct', upstream_usage='summary', output_style='raw', verification_mode='light', finalization='answer_only')|math>planner,reasoner>math,reasoner>planner||critique_revise|critic:verifier,generator:coder,reviser:planner|critic:PromptSlots(reasoning_mode='direct', upstream_usage='summary', output_style='raw', verification_mode='strict', finalization='answer_only'),generator:PromptSlots(reasoning_mode='stepwise', upstream_usage='summary', output_style='raw', verification_mode='off', finalization='answer_only'),reviser:PromptSlots(reasoning_mode='direct', upstream_usage='summary', output_style='raw', verification_mode='light', finalization='answer_only')|coder>planner,coder>verifier,verifier>planner||critique_revise|critic:verifier,generator:math,reviser:summarizer|critic:PromptSlots(reasoning_mode='direct', upstream_usage='summary', output_style='raw', verification_mode='strict', finalization='answer_only'),generator:PromptSlots(reasoning_mode='stepwise', upstream_usage='summary', output_style='raw', verification_mode='off', finalization='answer_only'),reviser:PromptSlots(reasoning_mode='direct', upstream_usage='summary', output_style='raw', verification_mode='light', finalization='answer_only')|math>summarizer,math>verifier,verifier>summarizer",1.0,1.0,1.0,1.0,sink_output,a2861b4119d2,v4_4_code_bypass_stable_anchor,use_stage1_anchor,stage1+stage2,False,0,0
mbpp:690,0,45,phase3a,structure|critiq,"structure|critique_revise|critic:verifier,generator:planner,reviser:coder|critic:PromptSlots(reasoning_mode='direct', upstream_usage='summary', output_style='raw', verification_mode='strict', finalization='answer_only'),generator:PromptSlots(reasoning_mode='stepwise', upstream_usage='summary', output_style='raw', verification_mode='off', finalization='answer_only'),reviser:PromptSlots(reasoning_mode='direct', upstream_usage='summary', output_style='raw', verification_mode='light', finalization='answer_only')|planner>coder,planner>verifier,verifier>coder||critique_revise|critic:coder,generator:planner,reviser:summarizer|critic:PromptSlots(reasoning_mode='direct', upstream_usage='summary', output_style='raw', verification_mode='strict', finalization='answer_only'),generator:PromptSlots(reasoning_mode='stepwise', upstream_usage='summary', output_style='raw', verification_mode='off', finalization='answer_only'),reviser:PromptSlots(reasoning_mode='direct', upstream_usage='summary', output_style='raw', verification_mode='light', finalization='answer_only')|coder>summarizer,planner>coder,planner>summarizer||critique_revise|critic:verifier,generator:math,reviser:reasoner|critic:PromptSlots(reasoning_mode='direct', upstream_usage='summary', output_style='raw', verification_mode='strict', finalization='answer_only'),generator:PromptSlots(reasoning_mode='stepwise', upstream_usage='summary', output_style='raw', verification_mode='off', finalization='answer_only'),reviser:PromptSlots(reasoning_mode='direct', upstream_usage='summary', output_style='raw', verification_mode='light', finalization='answer_only')|math>reasoner,math>verifier,verifier>reasoner",1.0,1.0,1.0,1.0,sink_output,a2861b4119d2,v4_4_code_bypass_stable_anchor,use_stage1_anchor,stage1+stage2,False,0,0
mbpp:698,1,2,phase2,structure|parall,"structure|parallel_vote|aggregator:summarizer,solver_a:planner,solver_b:coder|aggregator:PromptSlots(reasoning_mode='direct', upstream_usage='summary', output_style='raw', verification_mode='light', finalization='answer_only'),solver_a:PromptSlots(reasoning_mode='stepwise', upstream_usage='summary', output_style='raw', verification_mode='off', finalization='answer_only'),solver_b:PromptSlots(reasoning_mode='stepwise', upstream_usage='summary', output_style='raw', verification_mode='off', finalization='answer_only')|coder>summarizer,planner>summarizer||parallel_vote|aggregator:verifier,solver_a:planner,solver_b:coder|aggregator:PromptSlots(reasoning_mode='direct', upstream_usage='summary', output_style='raw', verification_mode='light', finalization='answer_only'),solver_a:PromptSlots(reasoning_mode='stepwise', upstream_usage='summary', output_style='raw', verification_mode='off', finalization='answer_only'),solver_b:PromptSlots(reasoning_mode='stepwise', upstream_usage='summary', output_style='raw', verification_mode='off', finalization='answer_only')|coder>verifier,planner>verifier||solve_verify|solver:planner,verifier:verifier|solver:PromptSlots(reasoning_mode='stepwise', upstream_usage='summary', output_style='raw', verification_mode='off', finalization='answer_only'),verifier:PromptSlots(reasoning_mode='direct', upstream_usage='summary', output_style='raw', verification_mode='strict', finalization='answer_only')|planner>verifier",1.0,1.0,1.0,1.0,sink_output,d56a68011eac,v4_4_code_bypass_stable_anchor,use_stage1_anchor,stage1+stage2,False,0,0
mbpp:698,1,2,phase3a,structure|critiq,"structure|critique_revise|critic:verifier,generator:planner,reviser:coder|critic:PromptSlots(reasoning_mode='direct', upstream_usage='summary', output_style='raw', verification_mode='strict', finalization='answer_only'),generator:PromptSlots(reasoning_mode='stepwise', upstream_usage='summary', output_style='raw', verification_mode='off', finalization='answer_only'),reviser:PromptSlots(reasoning_mode='direct', upstream_usage='summary', output_style='raw', verification_mode='light', finalization='answer_only')|planner>coder,planner>verifier,verifier>coder||solve_verify|solver:planner,verifier:verifier|solver:PromptSlots(reasoning_mode='stepwise', upstream_usage='summary', output_style='raw', verification_mode='off', finalization='answer_only'),verifier:PromptSlots(reasoning_mode='direct', upstream_usage='summary', output_style='raw', verification_mode='off', finalization='answer_only')|planner>verifier||critique_revise|critic:coder,generator:planner,reviser:summarizer|critic:PromptSlots(reasoning_mode='direct', upstream_usage='summary', output_style='raw', verification_mode='strict', finalization='answer_only'),generator:PromptSlots(reasoning_mode='stepwise', upstream_usage='summary', output_style='raw', verification_mode='off', finalization='answer_only'),reviser:PromptSlots(reasoning_mode='direct', upstream_usage='summary', output_style='raw', verification_mode='light', finalization='answer_only')|coder>summarizer,planner>coder,planner>summarizer",1.0,1.0,1.0,1.0,stage1,b5d8ca3e9210,v4_4_code_bypass_stable_anchor,use_stage1_anchor,stage1,False,0,0
mbpp:706,1,18,phase2,structure|critiq,"structure|critique_revise|critic:verifier,generator:planner,reviser:coder|critic:PromptSlots(reasoning_mode='direct', upstream_usage='summary', output_style='raw', verification_mode='strict', finalization='answer_only'),generator:PromptSlots(reasoning_mode='stepwise', upstream_usage='summary', output_style='raw', verification_mode='off', finalization='answer_only'),reviser:PromptSlots(reasoning_mode='direct', upstream_usage='summary', output_style='raw', verification_mode='light', finalization='answer_only')|planner>coder,planner>verifier,verifier>coder||critique_revise|critic:coder,generator:planner,reviser:debater_a|critic:PromptSlots(reasoning_mode='direct', upstream_usage='summary', output_style='raw', verification_mode='strict', finalization='answer_only'),generator:PromptSlots(reasoning_mode='stepwise', upstream_usage='summary', output_style='raw', verification_mode='off', finalization='answer_only'),reviser:PromptSlots(reasoning_mode='direct', upstream_usage='summary', output_style='raw', verification_mode='light', finalization='answer_only')|coder>debater_a,planner>coder,planner>debater_a||critique_revise|critic:planner,generator:math,reviser:coder|critic:PromptSlots(reasoning_mode='direct', upstream_usage='summary', output_style='raw', verification_mode='strict', finalization='answer_only'),generator:PromptSlots(reasoning_mode='stepwise', upstream_usage='summary', output_style='raw', verification_mode='off', finalization='answer_only'),reviser:PromptSlots(reasoning_mode='direct', upstream_usage='summary', output_style='raw', verification_mode='light', finalization='answer_only')|math>coder,math>planner,planner>coder",1.0,1.0,1.0,1.0,stage1,59e95ba35f25,v4_4_code_bypass_stable_anchor,use_stage1_anchor,stage1,False,0,0
mbpp:706,1,18,phase3a,structure|critiq,"structure|critique_revise|critic:verifier,generator:math,reviser:summarizer|critic:PromptSlots(reasoning_mode='direct', upstream_usage='summary', output_style='raw', verification_mode='strict', finalization='answer_only'),generator:PromptSlots(reasoning_mode='stepwise', upstream_usage='summary', output_style='raw', verification_mode='off', finalization='answer_only'),reviser:PromptSlots(reasoning_mode='direct', upstream_usage='summary', output_style='raw', verification_mode='light', finalization='answer_only')|math>summarizer,math>verifier,verifier>summarizer||critique_revise|critic:coder,generator:math,reviser:summarizer|critic:PromptSlots(reasoning_mode='direct', upstream_usage='summary', output_style='raw', verification_mode='strict', finalization='answer_only'),generator:PromptSlots(reasoning_mode='stepwise', upstream_usage='summary', output_style='raw', verification_mode='off', finalization='answer_only'),reviser:PromptSlots(reasoning_mode='direct', upstream_usage='summary', output_style='raw', verification_mode='light', finalization='answer_only')|coder>summarizer,math>coder,math>summarizer||critique_revise|critic:verifier,generator:planner,reviser:math|critic:PromptSlots(reasoning_mode='direct', upstream_usage='summary', output_style='raw', verification_mode='strict', finalization='answer_only'),generator:PromptSlots(reasoning_mode='stepwise', upstream_usage='summary', output_style='raw', verification_mode='off', finalization='answer_only'),reviser:PromptSlots(reasoning_mode='direct', upstream_usage='summary', output_style='raw', verification_mode='light', finalization='answer_only')|planner>math,planner>verifier,verifier>math",1.0,1.0,1.0,1.0,stage1,294f26ed573c,v4_4_code_bypass_stable_anchor,use_stage1_anchor,stage1,False,0,0
mbpp:713,2,4,phase2,structure|critiq,"structure|critique_revise|critic:verifier,generator:reasoner,reviser:math|critic:PromptSlots(reasoning_mode='direct', upstream_usage='summary', output_style='raw', verification_mode='strict', finalization='answer_only'),generator:PromptSlots(reasoning_mode='stepwise', upstream_usage='summary', output_style='raw', verification_mode='off', finalization='answer_only'),reviser:PromptSlots(reasoning_mode='direct', upstream_usage='summary', output_style='raw', verification_mode='light', finalization='answer_only')|reasoner>math,reasoner>verifier,verifier>math||critique_revise|critic:verifier,generator:planner,reviser:coder|critic:PromptSlots(reasoning_mode='direct', upstream_usage='summary', output_style='raw', verification_mode='strict', finalization='answer_only'),generator:PromptSlots(reasoning_mode='stepwise', upstream_usage='summary', output_style='raw', verification_mode='off', finalization='answer_only'),reviser:PromptSlots(reasoning_mode='direct', upstream_usage='summary', output_style='raw', verification_mode='light', finalization='answer_only')|planner>coder,planner>verifier,verifier>coder||critique_revise|critic:coder,generator:verifier,reviser:math|critic:PromptSlots(reasoning_mode='direct', upstream_usage='summary', output_style='raw', verification_mode='strict', finalization='answer_only'),generator:PromptSlots(reasoning_mode='stepwise', upstream_usage='summary', output_style='raw', verification_mode='off', finalization='answer_only'),reviser:PromptSlots(reasoning_mode='direct', upstream_usage='summary', output_style='raw', verification_mode='light', finalization='answer_only')|coder>math,verifier>coder,verifier>math",1.0,1.0,1.0,1.0,sink_output,d7c1a23f52c1,v4_4_code_bypass_stable_anchor,use_stage1_anchor,stage1+stage2,False,0,0
mbpp:713,2,4,phase3a,structure|critiq,"structure|critique_revise|critic:verifier,generator:planner,reviser:coder|critic:PromptSlots(reasoning_mode='direct', upstream_usage='summary', output_style='raw', verification_mode='strict', finalization='answer_only'),generator:PromptSlots(reasoning_mode='stepwise', upstream_usage='summary', output_style='raw', verification_mode='off', finalization='answer_only'),reviser:PromptSlots(reasoning_mode='direct', upstream_usage='summary', output_style='raw', verification_mode='light', finalization='answer_only')|planner>coder,planner>verifier,verifier>coder||route_solve|aggregator:math,router:planner,solver:coder|aggregator:PromptSlots(reasoning_mode='direct', upstream_usage='summary', output_style='raw', verification_mode='light', finalization='answer_only'),router:PromptSlots(reasoning_mode='direct', upstream_usage='summary', output_style='raw', verification_mode='light', finalization='answer_only'),solver:PromptSlots(reasoning_mode='stepwise', upstream_usage='summary', output_style='raw', verification_mode='off', finalization='answer_only')|coder>math,planner>coder||critique_revise|critic:coder,generator:planner,reviser:summarizer|critic:PromptSlots(reasoning_mode='direct', upstream_usage='summary', output_style='raw', verification_mode='strict', finalization='answer_only'),generator:PromptSlots(reasoning_mode='stepwise', upstream_usage='summary', output_style='raw', verification_mode='off', finalization='answer_only'),reviser:PromptSlots(reasoning_mode='direct', upstream_usage='summary', output_style='raw', verification_mode='light', finalization='answer_only')|coder>summarizer,planner>coder,planner>summarizer",1.0,1.0,1.0,1.0,sink_output,d7c1a23f52c1,v4_4_code_bypass_stable_anchor,use_stage1_anchor,stage1+stage2,False,0,0
mbpp:72,0,31,phase2,structure|parall,"structure|parallel_vote|aggregator:verifier,solver_a:planner,solver_b:coder|aggregator:PromptSlots(reasoning_mode='direct', upstream_usage='summary', output_style='raw', verification_mode='light', finalization='answer_only'),solver_a:PromptSlots(reasoning_mode='stepwise', upstream_usage='summary', output_style='raw', verification_mode='off', finalization='answer_only'),solver_b:PromptSlots(reasoning_mode='stepwise', upstream_usage='summary', output_style='raw', verification_mode='off', finalization='answer_only')|coder>verifier,planner>verifier||route_solve|aggregator:summarizer,router:planner,solver:coder|aggregator:PromptSlots(reasoning_mode='direct', upstream_usage='summary', output_style='raw', verification_mode='light', finalization='answer_only'),router:PromptSlots(reasoning_mode='direct', upstream_usage='summary', output_style='raw', verification_mode='light', finalization='answer_only'),solver:PromptSlots(reasoning_mode='stepwise', upstream_usage='summary', output_style='raw', verification_mode='off', finalization='answer_only')|coder>summarizer,planner>coder||parallel_vote|aggregator:coder,solver_a:researcher,solver_b:reasoner|aggregator:PromptSlots(reasoning_mode='direct', upstream_usage='summary', output_style='raw', verification_mode='light', finalization='answer_only'),solver_a:PromptSlots(reasoning_mode='stepwise', upstream_usage='summary', output_style='raw', verification_mode='off', finalization='answer_only'),solver_b:PromptSlots(reasoning_mode='stepwise', upstream_usage='summary', output_style='raw', verification_mode='off', finalization='answer_only')|reasoner>coder,researcher>coder",1.0,1.0,1.0,1.0,sink_output,0347f128bbe6,v4_4_code_bypass_stable_anchor,use_stage1_anchor,stage1+stage2,False,0,0
mbpp:72,0,31,phase3a,structure|route_,"structure|route_solve|aggregator:skeptic,router:planner,solver:coder|aggregator:PromptSlots(reasoning_mode='direct', upstream_usage='summary', output_style='raw', verification_mode='light', finalization='answer_only'),router:PromptSlots(reasoning_mode='direct', upstream_usage='summary', output_style='raw', verification_mode='light', finalization='answer_only'),solver:PromptSlots(reasoning_mode='stepwise', upstream_usage='summary', output_style='raw', verification_mode='off', finalization='answer_only')|coder>skeptic,planner>coder||debate_judge|debater_a:coder,debater_b:reasoner,judge:verifier|debater_a:PromptSlots(reasoning_mode='direct', upstream_usage='summary', output_style='raw', verification_mode='off', finalization='answer_only'),debater_b:PromptSlots(reasoning_mode='direct', upstream_usage='summary', output_style='raw', verification_mode='off', finalization='answer_only'),judge:PromptSlots(reasoning_mode='direct', upstream_usage='summary', output_style='raw', verification_mode='strict', finalization='answer_only')|coder>verifier,reasoner>verifier||route_solve|aggregator:skeptic,router:math,solver:coder|aggregator:PromptSlots(reasoning_mode='direct', upstream_usage='summary', output_style='raw', verification_mode='light', finalization='answer_only'),router:PromptSlots(reasoning_mode='direct', upstream_usage='summary', output_style='raw', verification_mode='light', finalization='answer_only'),solver:PromptSlots(reasoning_mode='stepwise', upstream_usage='summary', output_style='raw', verification_mode='off', finalization='answer_only')|coder>skeptic,math>coder",1.0,1.0,1.0,1.0,stage1,0347f128bbe6,v4_4_code_bypass_stable_anchor,use_stage1_anchor,stage1,False,0,0
mbpp:721,0,34,phase2,structure|critiq,"structure|critique_revise|critic:verifier,generator:math,reviser:summarizer|critic:PromptSlots(reasoning_mode='direct', upstream_usage='summary', output_style='raw', verification_mode='strict', finalization='answer_only'),generator:PromptSlots(reasoning_mode='stepwise', upstream_usage='summary', output_style='raw', verification_mode='off', finalization='answer_only'),reviser:PromptSlots(reasoning_mode='direct', upstream_usage='summary', output_style='raw', verification_mode='light', finalization='answer_only')|math>summarizer,math>verifier,verifier>summarizer||critique_revise|critic:verifier,generator:planner,reviser:math|critic:PromptSlots(reasoning_mode='direct', upstream_usage='summary', output_style='raw', verification_mode='strict', finalization='answer_only'),generator:PromptSlots(reasoning_mode='stepwise', upstream_usage='summary', output_style='raw', verification_mode='off', finalization='answer_only'),reviser:PromptSlots(reasoning_mode='direct', upstream_usage='summary', output_style='raw', verification_mode='light', finalization='answer_only')|planner>math,planner>verifier,verifier>math||critique_revise|critic:verifier,generator:coder,reviser:reasoner|critic:PromptSlots(reasoning_mode='direct', upstream_usage='summary', output_style='raw', verification_mode='strict', finalization='answer_only'),generator:PromptSlots(reasoning_mode='stepwise', upstream_usage='summary', output_style='raw', verification_mode='off', finalization='answer_only'),reviser:PromptSlots(reasoning_mode='direct', upstream_usage='summary', output_style='raw', verification_mode='light', finalization='answer_only')|coder>reasoner,coder>verifier,verifier>reasoner",1.0,1.0,1.0,1.0,stage1,9dca20b7863b,v4_4_code_bypass_stable_anchor,use_stage1_anchor,stage1,False,0,0
mbpp:721,0,34,phase3a,structure|critiq,"structure|critique_revise|critic:coder,generator:math,reviser:summarizer|critic:PromptSlots(reasoning_mode='direct', upstream_usage='summary', output_style='raw', verification_mode='strict', finalization='answer_only'),generator:PromptSlots(reasoning_mode='stepwise', upstream_usage='summary', output_style='raw', verification_mode='off', finalization='answer_only'),reviser:PromptSlots(reasoning_mode='direct', upstream_usage='summary', output_style='raw', verification_mode='light', finalization='answer_only')|coder>summarizer,math>coder,math>summarizer||critique_revise|critic:coder,generator:planner,reviser:verifier|critic:PromptSlots(reasoning_mode='direct', upstream_usage='summary', output_style='raw', verification_mode='strict', finalization='answer_only'),generator:PromptSlots(reasoning_mode='stepwise', upstream_usage='summary', output_style='raw', verification_mode='off', finalization='answer_only'),reviser:PromptSlots(reasoning_mode='direct', upstream_usage='summary', output_style='raw', verification_mode='light', finalization='answer_only')|coder>verifier,planner>coder,planner>verifier||critique_revise|critic:verifier,generator:planner,reviser:math|critic:PromptSlots(reasoning_mode='direct', upstream_usage='summary', output_style='raw', verification_mode='strict', finalization='answer_only'),generator:PromptSlots(reasoning_mode='stepwise', upstream_usage='summary', output_style='raw', verification_mode='off', finalization='answer_only'),reviser:PromptSlots(reasoning_mode='direct', upstream_usage='summary', output_style='raw', verification_mode='light', finalization='answer_only')|planner>math,planner>verifier,verifier>math",1.0,1.0,1.0,1.0,stage1,774b2085d6bb,v4_4_code_bypass_stable_anchor,use_stage1_anchor,stage1,False,0,0
mbpp:722,1,52,phase2,structure|parall,"structure|parallel_vote|aggregator:coder,solver_a:planner,solver_b:reasoner|aggregator:PromptSlots(reasoning_mode='direct', upstream_usage='summary', output_style='raw', verification_mode='light', finalization='answer_only'),solver_a:PromptSlots(reasoning_mode='stepwise', upstream_usage='summary', output_style='raw', verification_mode='off', finalization='answer_only'),solver_b:PromptSlots(reasoning_mode='stepwise', upstream_usage='summary', output_style='raw', verification_mode='off', finalization='answer_only')|planner>coder,reasoner>coder||parallel_vote|aggregator:verifier,solver_a:planner,solver_b:coder|aggregator:PromptSlots(reasoning_mode='direct', upstream_usage='summary', output_style='raw', verification_mode='light', finalization='answer_only'),solver_a:PromptSlots(reasoning_mode='stepwise', upstream_usage='summary', output_style='raw', verification_mode='off', finalization='answer_only'),solver_b:PromptSlots(reasoning_mode='stepwise', upstream_usage='summary', output_style='raw', verification_mode='off', finalization='answer_only')|coder>verifier,planner>verifier||route_solve|aggregator:researcher,router:planner,solver:coder|aggregator:PromptSlots(reasoning_mode='direct', upstream_usage='summary', output_style='raw', verification_mode='light', finalization='answer_only'),router:PromptSlots(reasoning_mode='direct', upstream_usage='summary', output_style='raw', verification_mode='light', finalization='answer_only'),solver:PromptSlots(reasoning_mode='stepwise', upstream_usage='summary', output_style='raw', verification_mode='off', finalization='answer_only')|coder>researcher,planner>coder",1.0,1.0,1.0,1.0,stage1,6741bc823803,v4_4_code_bypass_stable_anchor,use_stage1_anchor,stage1,False,0,0
mbpp:722,1,52,phase3a,structure|parall,"structure|parallel_vote|aggregator:researcher,solver_a:planner,solver_b:reasoner|aggregator:PromptSlots(reasoning_mode='direct', upstream_usage='summary', output_style='raw', verification_mode='light', finalization='answer_only'),solver_a:PromptSlots(reasoning_mode='stepwise', upstream_usage='summary', output_style='raw', verification_mode='off', finalization='answer_only'),solver_b:PromptSlots(reasoning_mode='stepwise', upstream_usage='summary', output_style='raw', verification_mode='off', finalization='answer_only')|planner>researcher,reasoner>researcher||solve_verify|solver:planner,verifier:verifier|solver:PromptSlots(reasoning_mode='stepwise', upstream_usage='summary', output_style='raw', verification_mode='off', finalization='answer_only'),verifier:PromptSlots(reasoning_mode='direct', upstream_usage='summary', output_style='raw', verification_mode='strict', finalization='answer_only')|planner>verifier||debate_judge|debater_a:coder,debater_b:reasoner,judge:verifier|debater_a:PromptSlots(reasoning_mode='direct', upstream_usage='summary', output_style='raw', verification_mode='off', finalization='answer_only'),debater_b:PromptSlots(reasoning_mode='direct', upstream_usage='summary', output_style='raw', verification_mode='off', finalization='answer_only'),judge:PromptSlots(reasoning_mode='direct', upstream_usage='summary', output_style='raw', verification_mode='strict', finalization='answer_only')|coder>verifier,reasoner>verifier",1.0,1.0,1.0,1.0,sink_output,c5f535e6256f,v4_4_code_bypass_stable_anchor,use_stage1_anchor,stage1+stage2,False,0,0
mbpp:726,2,41,phase2,structure|critiq,"structure|critique_revise|critic:verifier,generator:coder,reviser:planner|critic:PromptSlots(reasoning_mode='direct', upstream_usage='summary', output_style='raw', verification_mode='strict', finalization='answer_only'),generator:PromptSlots(reasoning_mode='stepwise', upstream_usage='summary', output_style='raw', verification_mode='off', finalization='answer_only'),reviser:PromptSlots(reasoning_mode='direct', upstream_usage='summary', output_style='raw', verification_mode='light', finalization='answer_only')|coder>planner,coder>verifier,verifier>planner||critique_revise|critic:coder,generator:planner,reviser:reasoner|critic:PromptSlots(reasoning_mode='direct', upstream_usage='summary', output_style='raw', verification_mode='strict', finalization='answer_only'),generator:PromptSlots(reasoning_mode='stepwise', upstream_usage='summary', output_style='raw', verification_mode='off', finalization='answer_only'),reviser:PromptSlots(reasoning_mode='direct', upstream_usage='summary', output_style='raw', verification_mode='light', finalization='answer_only')|coder>reasoner,planner>coder,planner>reasoner||critique_revise|critic:verifier,generator:planner,reviser:summarizer|critic:PromptSlots(reasoning_mode='direct', upstream_usage='summary', output_style='raw', verification_mode='strict', finalization='answer_only'),generator:PromptSlots(reasoning_mode='stepwise', upstream_usage='summary', output_style='raw', verification_mode='off', finalization='answer_only'),reviser:PromptSlots(reasoning_mode='direct', upstream_usage='summary', output_style='raw', verification_mode='light', finalization='answer_only')|planner>summarizer,planner>verifier,verifier>summarizer",1.0,1.0,1.0,1.0,sink_output,3a6567b35480,v4_4_code_bypass_stable_anchor,use_stage1_anchor,stage1+stage2,False,0,0
mbpp:726,2,41,phase3a,structure|critiq,"structure|critique_revise|critic:verifier,generator:coder,reviser:reasoner|critic:PromptSlots(reasoning_mode='direct', upstream_usage='summary', output_style='raw', verification_mode='strict', finalization='answer_only'),generator:PromptSlots(reasoning_mode='stepwise', upstream_usage='summary', output_style='raw', verification_mode='off', finalization='answer_only'),reviser:PromptSlots(reasoning_mode='direct', upstream_usage='summary', output_style='raw', verification_mode='light', finalization='answer_only')|coder>reasoner,coder>verifier,verifier>reasoner||route_solve|aggregator:summarizer,router:planner,solver:coder|aggregator:PromptSlots(reasoning_mode='direct', upstream_usage='summary', output_style='raw', verification_mode='light', finalization='answer_only'),router:PromptSlots(reasoning_mode='direct', upstream_usage='summary', output_style='raw', verification_mode='light', finalization='answer_only'),solver:PromptSlots(reasoning_mode='stepwise', upstream_usage='summary', output_style='raw', verification_mode='off', finalization='answer_only')|coder>summarizer,planner>coder||critique_revise|critic:coder,generator:planner,reviser:summarizer|critic:PromptSlots(reasoning_mode='direct', upstream_usage='summary', output_style='raw', verification_mode='strict', finalization='answer_only'),generator:PromptSlots(reasoning_mode='stepwise', upstream_usage='summary', output_style='raw', verification_mode='off', finalization='answer_only'),reviser:PromptSlots(reasoning_mode='direct', upstream_usage='summary', output_style='raw', verification_mode='light', finalization='answer_only')|coder>summarizer,planner>coder,planner>summarizer",1.0,1.0,1.0,1.0,sink_output,ebc50d5da91b,v4_4_code_bypass_stable_anchor,use_stage1_anchor,stage1+stage2,False,0,0
mbpp:735,1,8,phase2,structure|critiq,"structure|critique_revise|critic:verifier,generator:planner,reviser:debater_b|critic:PromptSlots(reasoning_mode='direct', upstream_usage='summary', output_style='raw', verification_mode='strict', finalization='answer_only'),generator:PromptSlots(reasoning_mode='stepwise', upstream_usage='summary', output_style='raw', verification_mode='off', finalization='answer_only'),reviser:PromptSlots(reasoning_mode='direct', upstream_usage='summary', output_style='raw', verification_mode='light', finalization='answer_only')|planner>debater_b,planner>verifier,verifier>debater_b||route_solve|aggregator:verifier,router:planner,solver:coder|aggregator:PromptSlots(reasoning_mode='direct', upstream_usage='summary', output_style='raw', verification_mode='light', finalization='answer_only'),router:PromptSlots(reasoning_mode='direct', upstream_usage='summary', output_style='raw', verification_mode='light', finalization='answer_only'),solver:PromptSlots(reasoning_mode='stepwise', upstream_usage='summary', output_style='raw', verification_mode='off', finalization='answer_only')|coder>verifier,planner>coder||critique_revise|critic:verifier,generator:debater_b,reviser:planner|critic:PromptSlots(reasoning_mode='direct', upstream_usage='summary', output_style='raw', verification_mode='strict', finalization='answer_only'),generator:PromptSlots(reasoning_mode='stepwise', upstream_usage='summary', output_style='raw', verification_mode='off', finalization='answer_only'),reviser:PromptSlots(reasoning_mode='direct', upstream_usage='summary', output_style='raw', verification_mode='light', finalization='answer_only')|debater_b>planner,debater_b>verifier,verifier>planner",0.0,0.0,0.28,0.28,stage1_anchor,652baf423073,v4_4_code_anchor_guard_preserve,use_stage1_anchor,stage1,False,3,1
mbpp:735,1,8,phase3a,structure|parall,"structure|parallel_vote|aggregator:summarizer,solver_a:planner,solver_b:reasoner|aggregator:PromptSlots(reasoning_mode='direct', upstream_usage='summary', output_style='raw', verification_mode='light', finalization='answer_only'),solver_a:PromptSlots(reasoning_mode='stepwise', upstream_usage='summary', output_style='raw', verification_mode='off', finalization='answer_only'),solver_b:PromptSlots(reasoning_mode='stepwise', upstream_usage='summary', output_style='raw', verification_mode='off', finalization='answer_only')|planner>summarizer,reasoner>summarizer||route_solve|aggregator:verifier,router:planner,solver:coder|aggregator:PromptSlots(reasoning_mode='direct', upstream_usage='summary', output_style='raw', verification_mode='light', finalization='answer_only'),router:PromptSlots(reasoning_mode='direct', upstream_usage='summary', output_style='raw', verification_mode='light', finalization='answer_only'),solver:PromptSlots(reasoning_mode='stepwise', upstream_usage='summary', output_style='raw', verification_mode='off', finalization='answer_only')|coder>verifier,planner>coder||critique_revise|critic:verifier,generator:planner,reviser:math|critic:PromptSlots(reasoning_mode='direct', upstream_usage='summary', output_style='raw', verification_mode='strict', finalization='answer_only'),generator:PromptSlots(reasoning_mode='stepwise', upstream_usage='summary', output_style='raw', verification_mode='off', finalization='answer_only'),reviser:PromptSlots(reasoning_mode='direct', upstream_usage='summary', output_style='raw', verification_mode='light', finalization='answer_only')|planner>math,planner>verifier,verifier>math",0.0,0.0,0.28,0.28,stage1_anchor,0ea1a19c3895,v4_4_code_anchor_guard_preserve,use_stage1_anchor,stage1,False,3,1
mbpp:737,2,60,phase2,structure|solve_,"structure|solve_verify|solver:planner,verifier:debater_a|solver:PromptSlots(reasoning_mode='stepwise', upstream_usage='summary', output_style='raw', verification_mode='off', finalization='answer_only'),verifier:PromptSlots(reasoning_mode='direct', upstream_usage='summary', output_style='raw', verification_mode='strict', finalization='answer_only')|planner>debater_a||debate_judge|debater_a:coder,debater_b:reasoner,judge:verifier|debater_a:PromptSlots(reasoning_mode='direct', upstream_usage='summary', output_style='raw', verification_mode='off', finalization='answer_only'),debater_b:PromptSlots(reasoning_mode='direct', upstream_usage='summary', output_style='raw', verification_mode='off', finalization='answer_only'),judge:PromptSlots(reasoning_mode='direct', upstream_usage='summary', output_style='raw', verification_mode='strict', finalization='answer_only')|coder>verifier,reasoner>verifier||solve_verify|solver:planner,verifier:verifier|solver:PromptSlots(reasoning_mode='stepwise', upstream_usage='summary', output_style='raw', verification_mode='off', finalization='answer_only'),verifier:PromptSlots(reasoning_mode='direct', upstream_usage='summary', output_style='raw', verification_mode='strict', finalization='answer_only')|planner>verifier",1.0,1.0,1.0,1.0,checker_approved_proposal,8a07e9ed0aa8,v4_4_code_bypass_stable_anchor,use_stage1_anchor,stage1+stage2,False,0,0
mbpp:737,2,60,phase3a,structure|route_,"structure|route_solve|aggregator:skeptic,router:planner,solver:coder|aggregator:PromptSlots(reasoning_mode='direct', upstream_usage='summary', output_style='raw', verification_mode='light', finalization='answer_only'),router:PromptSlots(reasoning_mode='direct', upstream_usage='summary', output_style='raw', verification_mode='light', finalization='answer_only'),solver:PromptSlots(reasoning_mode='stepwise', upstream_usage='summary', output_style='raw', verification_mode='off', finalization='answer_only')|coder>skeptic,planner>coder||critique_revise|critic:verifier,generator:coder,reviser:planner|critic:PromptSlots(reasoning_mode='direct', upstream_usage='summary', output_style='raw', verification_mode='strict', finalization='answer_only'),generator:PromptSlots(reasoning_mode='stepwise', upstream_usage='summary', output_style='raw', verification_mode='off', finalization='answer_only'),reviser:PromptSlots(reasoning_mode='direct', upstream_usage='summary', output_style='raw', verification_mode='light', finalization='answer_only')|coder>planner,coder>verifier,verifier>planner||debate_judge|debater_a:coder,debater_b:reasoner,judge:verifier|debater_a:PromptSlots(reasoning_mode='direct', upstream_usage='summary', output_style='raw', verification_mode='off', finalization='answer_only'),debater_b:PromptSlots(reasoning_mode='direct', upstream_usage='summary', output_style='raw', verification_mode='off', finalization='answer_only'),judge:PromptSlots(reasoning_mode='direct', upstream_usage='summary', output_style='raw', verification_mode='strict', finalization='answer_only')|coder>verifier,reasoner>verifier",1.0,1.0,1.0,1.0,sink_output,8a07e9ed0aa8,v4_4_code_bypass_stable_anchor,use_stage1_anchor,stage1+stage2,False,0,0
mbpp:74,1,10,phase2,structure|critiq,"structure|critique_revise|critic:verifier,generator:coder,reviser:planner|critic:PromptSlots(reasoning_mode='direct', upstream_usage='summary', output_style='raw', verification_mode='strict', finalization='answer_only'),generator:PromptSlots(reasoning_mode='stepwise', upstream_usage='summary', output_style='raw', verification_mode='off', finalization='answer_only'),reviser:PromptSlots(reasoning_mode='direct', upstream_usage='summary', output_style='raw', verification_mode='light', finalization='answer_only')|coder>planner,coder>verifier,verifier>planner||critique_revise|critic:coder,generator:math,reviser:summarizer|critic:PromptSlots(reasoning_mode='direct', upstream_usage='summary', output_style='raw', verification_mode='strict', finalization='answer_only'),generator:PromptSlots(reasoning_mode='stepwise', upstream_usage='summary', output_style='raw', verification_mode='off', finalization='answer_only'),reviser:PromptSlots(reasoning_mode='direct', upstream_usage='summary', output_style='raw', verification_mode='light', finalization='answer_only')|coder>summarizer,math>coder,math>summarizer||critique_revise|critic:verifier,generator:planner,reviser:math|critic:PromptSlots(reasoning_mode='direct', upstream_usage='summary', output_style='raw', verification_mode='strict', finalization='answer_only'),generator:PromptSlots(reasoning_mode='stepwise', upstream_usage='summary', output_style='raw', verification_mode='off', finalization='answer_only'),reviser:PromptSlots(reasoning_mode='direct', upstream_usage='summary', output_style='raw', verification_mode='light', finalization='answer_only')|planner>math,planner>verifier,verifier>math",1.0,1.0,1.0,1.0,stage1,2c2ac3a334da,v4_4_code_bypass_stable_anchor,use_stage1_anchor,stage1,False,0,0
mbpp:74,1,10,phase3a,structure|critiq,"structure|critique_revise|critic:verifier,generator:planner,reviser:math|critic:PromptSlots(reasoning_mode='direct', upstream_usage='summary', output_style='raw', verification_mode='strict', finalization='answer_only'),generator:PromptSlots(reasoning_mode='stepwise', upstream_usage='summary', output_style='raw', verification_mode='off', finalization='answer_only'),reviser:PromptSlots(reasoning_mode='direct', upstream_usage='summary', output_style='raw', verification_mode='light', finalization='answer_only')|planner>math,planner>verifier,verifier>math||critique_revise|critic:coder,generator:planner,reviser:reasoner|critic:PromptSlots(reasoning_mode='direct', upstream_usage='summary', output_style='raw', verification_mode='strict', finalization='answer_only'),generator:PromptSlots(reasoning_mode='stepwise', upstream_usage='summary', output_style='raw', verification_mode='off', finalization='answer_only'),reviser:PromptSlots(reasoning_mode='direct', upstream_usage='summary', output_style='raw', verification_mode='light', finalization='answer_only')|coder>reasoner,planner>coder,planner>reasoner||critique_revise|critic:verifier,generator:coder,reviser:planner|critic:PromptSlots(reasoning_mode='direct', upstream_usage='summary', output_style='raw', verification_mode='strict', finalization='answer_only'),generator:PromptSlots(reasoning_mode='stepwise', upstream_usage='summary', output_style='raw', verification_mode='off', finalization='answer_only'),reviser:PromptSlots(reasoning_mode='direct', upstream_usage='summary', output_style='raw', verification_mode='light', finalization='answer_only')|coder>planner,coder>verifier,verifier>planner",1.0,1.0,1.0,1.0,stage1,8c7fa28e9946,v4_4_code_bypass_stable_anchor,use_stage1_anchor,stage1,False,0,0
mbpp:740,2,37,phase2,structure|critiq,"structure|critique_revise|critic:verifier,generator:coder,reviser:summarizer|critic:PromptSlots(reasoning_mode='direct', upstream_usage='summary', output_style='raw', verification_mode='strict', finalization='answer_only'),generator:PromptSlots(reasoning_mode='stepwise', upstream_usage='summary', output_style='raw', verification_mode='off', finalization='answer_only'),reviser:PromptSlots(reasoning_mode='direct', upstream_usage='summary', output_style='raw', verification_mode='light', finalization='answer_only')|coder>summarizer,coder>verifier,verifier>summarizer||parallel_vote|aggregator:verifier,solver_a:planner,solver_b:reasoner|aggregator:PromptSlots(reasoning_mode='direct', upstream_usage='summary', output_style='raw', verification_mode='light', finalization='answer_only'),solver_a:PromptSlots(reasoning_mode='stepwise', upstream_usage='summary', output_style='raw', verification_mode='off', finalization='answer_only'),solver_b:PromptSlots(reasoning_mode='stepwise', upstream_usage='summary', output_style='raw', verification_mode='off', finalization='answer_only')|planner>verifier,reasoner>verifier||parallel_vote|aggregator:debater_a,solver_a:coder,solver_b:reasoner|aggregator:PromptSlots(reasoning_mode='direct', upstream_usage='summary', output_style='raw', verification_mode='light', finalization='answer_only'),solver_a:PromptSlots(reasoning_mode='stepwise', upstream_usage='summary', output_style='raw', verification_mode='off', finalization='answer_only'),solver_b:PromptSlots(reasoning_mode='stepwise', upstream_usage='summary', output_style='raw', verification_mode='off', finalization='answer_only')|coder>debater_a,reasoner>debater_a",1.0,1.0,1.0,1.0,stage1,3b95b0360e1a,v4_4_code_bypass_stable_anchor,use_stage1_anchor,stage1,False,0,0
mbpp:740,2,37,phase3a,structure|critiq,"structure|critique_revise|critic:verifier,generator:coder,reviser:summarizer|critic:PromptSlots(reasoning_mode='direct', upstream_usage='summary', output_style='raw', verification_mode='strict', finalization='answer_only'),generator:PromptSlots(reasoning_mode='stepwise', upstream_usage='summary', output_style='raw', verification_mode='off', finalization='answer_only'),reviser:PromptSlots(reasoning_mode='direct', upstream_usage='summary', output_style='raw', verification_mode='light', finalization='answer_only')|coder>summarizer,coder>verifier,verifier>summarizer||route_solve|aggregator:skeptic,router:planner,solver:coder|aggregator:PromptSlots(reasoning_mode='direct', upstream_usage='summary', output_style='raw', verification_mode='light', finalization='answer_only'),router:PromptSlots(reasoning_mode='direct', upstream_usage='summary', output_style='raw', verification_mode='light', finalization='answer_only'),solver:PromptSlots(reasoning_mode='stepwise', upstream_usage='summary', output_style='raw', verification_mode='off', finalization='answer_only')|coder>skeptic,planner>coder||critique_revise|critic:coder,generator:planner,reviser:summarizer|critic:PromptSlots(reasoning_mode='direct', upstream_usage='summary', output_style='raw', verification_mode='strict', finalization='answer_only'),generator:PromptSlots(reasoning_mode='stepwise', upstream_usage='summary', output_style='raw', verification_mode='off', finalization='answer_only'),reviser:PromptSlots(reasoning_mode='direct', upstream_usage='summary', output_style='raw', verification_mode='light', finalization='answer_only')|coder>summarizer,planner>coder,planner>summarizer",1.0,1.0,1.0,1.0,stage1,3b95b0360e1a,v4_4_code_bypass_stable_anchor,use_stage1_anchor,stage1,False,0,0
mbpp:742,2,39,phase2,structure|critiq,"structure|critique_revise|critic:verifier,generator:reasoner,reviser:debater_a|critic:PromptSlots(reasoning_mode='direct', upstream_usage='summary', output_style='raw', verification_mode='strict', finalization='answer_only'),generator:PromptSlots(reasoning_mode='stepwise', upstream_usage='summary', output_style='raw', verification_mode='off', finalization='answer_only'),reviser:PromptSlots(reasoning_mode='direct', upstream_usage='summary', output_style='raw', verification_mode='light', finalization='answer_only')|reasoner>debater_a,reasoner>verifier,verifier>debater_a||solve_verify|solver:coder,verifier:verifier|solver:PromptSlots(reasoning_mode='stepwise', upstream_usage='summary', output_style='raw', verification_mode='off', finalization='answer_only'),verifier:PromptSlots(reasoning_mode='direct', upstream_usage='summary', output_style='raw', verification_mode='strict', finalization='answer_only')|coder>verifier||critique_revise|critic:coder,generator:planner,reviser:summarizer|critic:PromptSlots(reasoning_mode='direct', upstream_usage='summary', output_style='raw', verification_mode='strict', finalization='answer_only'),generator:PromptSlots(reasoning_mode='stepwise', upstream_usage='summary', output_style='raw', verification_mode='off', finalization='answer_only'),reviser:PromptSlots(reasoning_mode='direct', upstream_usage='summary', output_style='raw', verification_mode='light', finalization='answer_only')|coder>summarizer,planner>coder,planner>summarizer",1.0,1.0,1.0,1.0,sink_output,1b1f34d81709,v4_4_code_bypass_stable_anchor,use_stage1_anchor,stage1+stage2,False,0,0
mbpp:742,2,39,phase3a,structure|critiq,"structure|critique_revise|critic:planner,generator:reasoner,reviser:coder|critic:PromptSlots(reasoning_mode='direct', upstream_usage='summary', output_style='raw', verification_mode='strict', finalization='answer_only'),generator:PromptSlots(reasoning_mode='stepwise', upstream_usage='summary', output_style='raw', verification_mode='off', finalization='answer_only'),reviser:PromptSlots(reasoning_mode='direct', upstream_usage='summary', output_style='raw', verification_mode='light', finalization='answer_only')|planner>coder,reasoner>coder,reasoner>planner||solve_verify|solver:coder,verifier:verifier|solver:PromptSlots(reasoning_mode='stepwise', upstream_usage='summary', output_style='raw', verification_mode='off', finalization='answer_only'),verifier:PromptSlots(reasoning_mode='direct', upstream_usage='summary', output_style='raw', verification_mode='strict', finalization='answer_only')|coder>verifier||critique_revise|critic:coder,generator:verifier,reviser:summarizer|critic:PromptSlots(reasoning_mode='direct', upstream_usage='summary', output_style='raw', verification_mode='strict', finalization='answer_only'),generator:PromptSlots(reasoning_mode='stepwise', upstream_usage='summary', output_style='raw', verification_mode='off', finalization='answer_only'),reviser:PromptSlots(reasoning_mode='direct', upstream_usage='summary', output_style='raw', verification_mode='light', finalization='answer_only')|coder>summarizer,verifier>coder,verifier>summarizer",1.0,1.0,1.0,1.0,checker_approved_proposal,1b1f34d81709,v4_4_code_bypass_stable_anchor,use_stage1_anchor,stage1+stage2,False,0,0
mbpp:75,0,40,phase2,structure|parall,"structure|parallel_vote|aggregator:verifier,solver_a:planner,solver_b:coder|aggregator:PromptSlots(reasoning_mode='direct', upstream_usage='summary', output_style='raw', verification_mode='light', finalization='answer_only'),solver_a:PromptSlots(reasoning_mode='stepwise', upstream_usage='summary', output_style='raw', verification_mode='off', finalization='answer_only'),solver_b:PromptSlots(reasoning_mode='stepwise', upstream_usage='summary', output_style='raw', verification_mode='off', finalization='answer_only')|coder>verifier,planner>verifier||route_solve|aggregator:researcher,router:planner,solver:coder|aggregator:PromptSlots(reasoning_mode='direct', upstream_usage='summary', output_style='raw', verification_mode='light', finalization='answer_only'),router:PromptSlots(reasoning_mode='direct', upstream_usage='summary', output_style='raw', verification_mode='light', finalization='answer_only'),solver:PromptSlots(reasoning_mode='stepwise', upstream_usage='summary', output_style='raw', verification_mode='off', finalization='answer_only')|coder>researcher,planner>coder||parallel_vote|aggregator:reasoner,solver_a:planner,solver_b:coder|aggregator:PromptSlots(reasoning_mode='direct', upstream_usage='summary', output_style='raw', verification_mode='light', finalization='answer_only'),solver_a:PromptSlots(reasoning_mode='stepwise', upstream_usage='summary', output_style='raw', verification_mode='off', finalization='answer_only'),solver_b:PromptSlots(reasoning_mode='stepwise', upstream_usage='summary', output_style='raw', verification_mode='off', finalization='answer_only')|coder>reasoner,planner>reasoner",1.0,1.0,1.0,1.0,stage1,5ed34d3adeb1,v4_4_code_bypass_stable_anchor,use_stage1_anchor,stage1,False,0,0
mbpp:75,0,40,phase3a,structure|critiq,"structure|critique_revise|critic:verifier,generator:planner,reviser:researcher|critic:PromptSlots(reasoning_mode='direct', upstream_usage='summary', output_style='raw', verification_mode='strict', finalization='answer_only'),generator:PromptSlots(reasoning_mode='stepwise', upstream_usage='summary', output_style='raw', verification_mode='off', finalization='answer_only'),reviser:PromptSlots(reasoning_mode='direct', upstream_usage='summary', output_style='raw', verification_mode='light', finalization='answer_only')|planner>researcher,planner>verifier,verifier>researcher||critique_revise|critic:coder,generator:verifier,reviser:summarizer|critic:PromptSlots(reasoning_mode='direct', upstream_usage='summary', output_style='raw', verification_mode='strict', finalization='answer_only'),generator:PromptSlots(reasoning_mode='stepwise', upstream_usage='summary', output_style='raw', verification_mode='off', finalization='answer_only'),reviser:PromptSlots(reasoning_mode='direct', upstream_usage='summary', output_style='raw', verification_mode='light', finalization='answer_only')|coder>summarizer,verifier>coder,verifier>summarizer||critique_revise|critic:verifier,generator:coder,reviser:researcher|critic:PromptSlots(reasoning_mode='direct', upstream_usage='summary', output_style='raw', verification_mode='strict', finalization='answer_only'),generator:PromptSlots(reasoning_mode='stepwise', upstream_usage='summary', output_style='raw', verification_mode='off', finalization='answer_only'),reviser:PromptSlots(reasoning_mode='direct', upstream_usage='summary', output_style='raw', verification_mode='light', finalization='answer_only')|coder>researcher,coder>verifier,verifier>researcher",1.0,1.0,1.0,1.0,sink_output,62869202f5ef,v4_4_code_bypass_stable_anchor,use_stage1_anchor,stage1+stage2,False,0,0
mbpp:761,2,48,phase2,structure|critiq,"structure|critique_revise|critic:verifier,generator:coder,reviser:planner|critic:PromptSlots(reasoning_mode='direct', upstream_usage='summary', output_style='raw', verification_mode='strict', finalization='answer_only'),generator:PromptSlots(reasoning_mode='stepwise', upstream_usage='summary', output_style='raw', verification_mode='off', finalization='answer_only'),reviser:PromptSlots(reasoning_mode='direct', upstream_usage='summary', output_style='raw', verification_mode='light', finalization='answer_only')|coder>planner,coder>verifier,verifier>planner||route_solve|aggregator:verifier,router:planner,solver:coder|aggregator:PromptSlots(reasoning_mode='direct', upstream_usage='summary', output_style='raw', verification_mode='light', finalization='answer_only'),router:PromptSlots(reasoning_mode='direct', upstream_usage='summary', output_style='raw', verification_mode='light', finalization='answer_only'),solver:PromptSlots(reasoning_mode='stepwise', upstream_usage='summary', output_style='raw', verification_mode='off', finalization='answer_only')|coder>verifier,planner>coder||critique_revise|critic:coder,generator:debater_a,reviser:summarizer|critic:PromptSlots(reasoning_mode='direct', upstream_usage='summary', output_style='raw', verification_mode='strict', finalization='answer_only'),generator:PromptSlots(reasoning_mode='stepwise', upstream_usage='summary', output_style='raw', verification_mode='off', finalization='answer_only'),reviser:PromptSlots(reasoning_mode='direct', upstream_usage='summary', output_style='raw', verification_mode='light', finalization='answer_only')|coder>summarizer,debater_a>coder,debater_a>summarizer",0.0,0.0,0.52,0.52,stage1_anchor,f3ae3d555861,v4_4_code_anchor_guard_preserve,use_stage1_anchor,stage1,False,3,1
mbpp:761,2,48,phase3a,structure|debate,"structure|debate_judge|debater_a:coder,debater_b:planner,judge:math|debater_a:PromptSlots(reasoning_mode='direct', upstream_usage='summary', output_style='raw', verification_mode='off', finalization='answer_only'),debater_b:PromptSlots(reasoning_mode='direct', upstream_usage='summary', output_style='raw', verification_mode='off', finalization='answer_only'),judge:PromptSlots(reasoning_mode='direct', upstream_usage='summary', output_style='raw', verification_mode='strict', finalization='answer_only')|coder>math,planner>math||solve_verify|solver:planner,verifier:verifier|solver:PromptSlots(reasoning_mode='stepwise', upstream_usage='summary', output_style='raw', verification_mode='off', finalization='answer_only'),verifier:PromptSlots(reasoning_mode='direct', upstream_usage='summary', output_style='raw', verification_mode='light', finalization='answer_only')|planner>verifier||debate_judge|debater_a:coder,debater_b:reasoner,judge:planner|debater_a:PromptSlots(reasoning_mode='direct', upstream_usage='summary', output_style='raw', verification_mode='off', finalization='answer_only'),debater_b:PromptSlots(reasoning_mode='direct', upstream_usage='summary', output_style='raw', verification_mode='off', finalization='answer_only'),judge:PromptSlots(reasoning_mode='direct', upstream_usage='summary', output_style='raw', verification_mode='strict', finalization='answer_only')|coder>planner,reasoner>planner",0.0,0.0,0.35,0.35,stage1_anchor,ecc64cc87271,v4_4_code_anchor_guard_preserve,use_stage1_anchor,stage1,False,3,1
mbpp:764,1,29,phase2,structure|solve_,"structure|solve_verify|solver:planner,verifier:math|solver:PromptSlots(reasoning_mode='stepwise', upstream_usage='summary', output_style='raw', verification_mode='off', finalization='answer_only'),verifier:PromptSlots(reasoning_mode='direct', upstream_usage='summary', output_style='raw', verification_mode='strict', finalization='answer_only')|planner>math||critique_revise|critic:verifier,generator:coder,reviser:summarizer|critic:PromptSlots(reasoning_mode='direct', upstream_usage='summary', output_style='raw', verification_mode='strict', finalization='answer_only'),generator:PromptSlots(reasoning_mode='stepwise', upstream_usage='summary', output_style='raw', verification_mode='off', finalization='answer_only'),reviser:PromptSlots(reasoning_mode='direct', upstream_usage='summary', output_style='raw', verification_mode='light', finalization='answer_only')|coder>summarizer,coder>verifier,verifier>summarizer||solve_verify|solver:planner,verifier:verifier|solver:PromptSlots(reasoning_mode='stepwise', upstream_usage='summary', output_style='raw', verification_mode='off', finalization='answer_only'),verifier:PromptSlots(reasoning_mode='direct', upstream_usage='summary', output_style='raw', verification_mode='strict', finalization='answer_only')|planner>verifier",1.0,1.0,1.0,1.0,sink_output,fac5b06c5deb,v4_4_code_bypass_stable_anchor,use_stage1_anchor,stage1+stage2,False,0,0
mbpp:764,1,29,phase3a,structure|critiq,"structure|critique_revise|critic:verifier,generator:planner,reviser:reasoner|critic:PromptSlots(reasoning_mode='direct', upstream_usage='summary', output_style='raw', verification_mode='strict', finalization='answer_only'),generator:PromptSlots(reasoning_mode='stepwise', upstream_usage='summary', output_style='raw', verification_mode='off', finalization='answer_only'),reviser:PromptSlots(reasoning_mode='direct', upstream_usage='summary', output_style='raw', verification_mode='light', finalization='answer_only')|planner>reasoner,planner>verifier,verifier>reasoner||solve_verify|solver:planner,verifier:verifier|solver:PromptSlots(reasoning_mode='stepwise', upstream_usage='summary', output_style='raw', verification_mode='off', finalization='answer_only'),verifier:PromptSlots(reasoning_mode='direct', upstream_usage='summary', output_style='raw', verification_mode='strict', finalization='answer_only')|planner>verifier||route_solve|aggregator:summarizer,router:planner,solver:coder|aggregator:PromptSlots(reasoning_mode='direct', upstream_usage='summary', output_style='raw', verification_mode='light', finalization='answer_only'),router:PromptSlots(reasoning_mode='direct', upstream_usage='summary', output_style='raw', verification_mode='light', finalization='answer_only'),solver:PromptSlots(reasoning_mode='stepwise', upstream_usage='summary', output_style='raw', verification_mode='off', finalization='answer_only')|coder>summarizer,planner>coder",1.0,1.0,1.0,1.0,checker_approved_proposal,fac5b06c5deb,v4_4_code_bypass_stable_anchor,use_stage1_anchor,stage1+stage2,False,0,0
mbpp:770,0,15,phase2,structure|debate,"structure|debate_judge|debater_a:coder,debater_b:planner,judge:verifier|debater_a:PromptSlots(reasoning_mode='direct', upstream_usage='summary', output_style='raw', verification_mode='off', finalization='answer_only'),debater_b:PromptSlots(reasoning_mode='direct', upstream_usage='summary', output_style='raw', verification_mode='off', finalization='answer_only'),judge:PromptSlots(reasoning_mode='direct', upstream_usage='summary', output_style='raw', verification_mode='strict', finalization='answer_only')|coder>verifier,planner>verifier||critique_revise|critic:verifier,generator:coder,reviser:summarizer|critic:PromptSlots(reasoning_mode='direct', upstream_usage='summary', output_style='raw', verification_mode='strict', finalization='answer_only'),generator:PromptSlots(reasoning_mode='stepwise', upstream_usage='summary', output_style='raw', verification_mode='off', finalization='answer_only'),reviser:PromptSlots(reasoning_mode='direct', upstream_usage='summary', output_style='raw', verification_mode='light', finalization='answer_only')|coder>summarizer,coder>verifier,verifier>summarizer||route_solve|aggregator:skeptic,router:planner,solver:coder|aggregator:PromptSlots(reasoning_mode='direct', upstream_usage='summary', output_style='raw', verification_mode='light', finalization='answer_only'),router:PromptSlots(reasoning_mode='direct', upstream_usage='summary', output_style='raw', verification_mode='light', finalization='answer_only'),solver:PromptSlots(reasoning_mode='stepwise', upstream_usage='summary', output_style='raw', verification_mode='off', finalization='answer_only')|coder>skeptic,planner>coder",1.0,1.0,1.0,1.0,stage1,91086c629975,v4_4_code_bypass_stable_anchor,use_stage1_anchor,stage1,False,0,0
mbpp:770,0,15,phase3a,structure|route_,"structure|route_solve|aggregator:skeptic,router:planner,solver:coder|aggregator:PromptSlots(reasoning_mode='direct', upstream_usage='summary', output_style='raw', verification_mode='light', finalization='answer_only'),router:PromptSlots(reasoning_mode='direct', upstream_usage='summary', output_style='raw', verification_mode='light', finalization='answer_only'),solver:PromptSlots(reasoning_mode='stepwise', upstream_usage='summary', output_style='raw', verification_mode='off', finalization='answer_only')|coder>skeptic,planner>coder||critique_revise|critic:coder,generator:planner,reviser:summarizer|critic:PromptSlots(reasoning_mode='direct', upstream_usage='summary', output_style='raw', verification_mode='strict', finalization='answer_only'),generator:PromptSlots(reasoning_mode='stepwise', upstream_usage='summary', output_style='raw', verification_mode='off', finalization='answer_only'),reviser:PromptSlots(reasoning_mode='direct', upstream_usage='summary', output_style='raw', verification_mode='light', finalization='answer_only')|coder>summarizer,planner>coder,planner>summarizer||solve_verify|solver:planner,verifier:coder|solver:PromptSlots(reasoning_mode='stepwise', upstream_usage='summary', output_style='raw', verification_mode='off', finalization='answer_only'),verifier:PromptSlots(reasoning_mode='direct', upstream_usage='summary', output_style='raw', verification_mode='strict', finalization='answer_only')|planner>coder",1.0,1.0,1.0,1.0,checker_approved_proposal,dd476825815e,v4_4_code_bypass_stable_anchor,use_stage1_anchor,stage1+stage2,False,0,0
mbpp:79,2,40,phase2,structure|solve_,"structure|solve_verify|solver:planner,verifier:verifier|solver:PromptSlots(reasoning_mode='stepwise', upstream_usage='summary', output_style='raw', verification_mode='off', finalization='answer_only'),verifier:PromptSlots(reasoning_mode='direct', upstream_usage='summary', output_style='raw', verification_mode='strict', finalization='answer_only')|planner>verifier||solve_verify|solver:planner,verifier:coder|solver:PromptSlots(reasoning_mode='stepwise', upstream_usage='summary', output_style='raw', verification_mode='off', finalization='answer_only'),verifier:PromptSlots(reasoning_mode='direct', upstream_usage='summary', output_style='raw', verification_mode='strict', finalization='answer_only')|planner>coder||debate_judge|debater_a:coder,debater_b:reasoner,judge:verifier|debater_a:PromptSlots(reasoning_mode='direct', upstream_usage='summary', output_style='raw', verification_mode='off', finalization='answer_only'),debater_b:PromptSlots(reasoning_mode='direct', upstream_usage='summary', output_style='raw', verification_mode='off', finalization='answer_only'),judge:PromptSlots(reasoning_mode='direct', upstream_usage='summary', output_style='raw', verification_mode='strict', finalization='answer_only')|coder>verifier,reasoner>verifier",1.0,1.0,1.0,1.0,stage1,a3710f7c1467,v4_4_code_bypass_stable_anchor,use_stage1_anchor,stage1,False,0,0
mbpp:79,2,40,phase3a,structure|route_,"structure|route_solve|aggregator:summarizer,router:planner,solver:coder|aggregator:PromptSlots(reasoning_mode='direct', upstream_usage='summary', output_style='raw', verification_mode='light', finalization='answer_only'),router:PromptSlots(reasoning_mode='direct', upstream_usage='summary', output_style='raw', verification_mode='light', finalization='answer_only'),solver:PromptSlots(reasoning_mode='stepwise', upstream_usage='summary', output_style='raw', verification_mode='off', finalization='answer_only')|coder>summarizer,planner>coder||critique_revise|critic:verifier,generator:planner,reviser:summarizer|critic:PromptSlots(reasoning_mode='direct', upstream_usage='summary', output_style='raw', verification_mode='strict', finalization='answer_only'),generator:PromptSlots(reasoning_mode='stepwise', upstream_usage='summary', output_style='raw', verification_mode='off', finalization='answer_only'),reviser:PromptSlots(reasoning_mode='direct', upstream_usage='summary', output_style='raw', verification_mode='light', finalization='answer_only')|planner>summarizer,planner>verifier,verifier>summarizer||solve_verify|solver:coder,verifier:planner|solver:PromptSlots(reasoning_mode='stepwise', upstream_usage='summary', output_style='raw', verification_mode='off', finalization='answer_only'),verifier:PromptSlots(reasoning_mode='direct', upstream_usage='summary', output_style='raw', verification_mode='strict', finalization='answer_only')|coder>planner",1.0,1.0,1.0,1.0,sink_output,bab05588cbbf,v4_4_code_bypass_stable_anchor,use_stage1_anchor,stage1+stage2,False,0,0
mbpp:791,1,1,phase2,structure|critiq,"structure|critique_revise|critic:verifier,generator:planner,reviser:coder|critic:PromptSlots(reasoning_mode='direct', upstream_usage='summary', output_style='raw', verification_mode='strict', finalization='answer_only'),generator:PromptSlots(reasoning_mode='stepwise', upstream_usage='summary', output_style='raw', verification_mode='off', finalization='answer_only'),reviser:PromptSlots(reasoning_mode='direct', upstream_usage='summary', output_style='raw', verification_mode='light', finalization='answer_only')|planner>coder,planner>verifier,verifier>coder||critique_revise|critic:verifier,generator:reasoner,reviser:planner|critic:PromptSlots(reasoning_mode='direct', upstream_usage='summary', output_style='raw', verification_mode='strict', finalization='answer_only'),generator:PromptSlots(reasoning_mode='stepwise', upstream_usage='summary', output_style='raw', verification_mode='off', finalization='answer_only'),reviser:PromptSlots(reasoning_mode='direct', upstream_usage='summary', output_style='raw', verification_mode='light', finalization='answer_only')|reasoner>planner,reasoner>verifier,verifier>planner||critique_revise|critic:coder,generator:planner,reviser:reasoner|critic:PromptSlots(reasoning_mode='direct', upstream_usage='summary', output_style='raw', verification_mode='strict', finalization='answer_only'),generator:PromptSlots(reasoning_mode='stepwise', upstream_usage='summary', output_style='raw', verification_mode='off', finalization='answer_only'),reviser:PromptSlots(reasoning_mode='direct', upstream_usage='summary', output_style='raw', verification_mode='light', finalization='answer_only')|coder>reasoner,planner>coder,planner>reasoner",1.0,1.0,1.0,1.0,stage1,2ec214e97988,v4_4_code_bypass_stable_anchor,use_stage1_anchor,stage1,False,0,0
mbpp:791,1,1,phase3a,structure|route_,"structure|route_solve|aggregator:verifier,router:planner,solver:coder|aggregator:PromptSlots(reasoning_mode='direct', upstream_usage='summary', output_style='raw', verification_mode='light', finalization='answer_only'),router:PromptSlots(reasoning_mode='direct', upstream_usage='summary', output_style='raw', verification_mode='light', finalization='answer_only'),solver:PromptSlots(reasoning_mode='stepwise', upstream_usage='summary', output_style='raw', verification_mode='off', finalization='answer_only')|coder>verifier,planner>coder||debate_judge|debater_a:coder,debater_b:reasoner,judge:planner|debater_a:PromptSlots(reasoning_mode='direct', upstream_usage='summary', output_style='raw', verification_mode='off', finalization='answer_only'),debater_b:PromptSlots(reasoning_mode='direct', upstream_usage='summary', output_style='raw', verification_mode='off', finalization='answer_only'),judge:PromptSlots(reasoning_mode='direct', upstream_usage='summary', output_style='raw', verification_mode='strict', finalization='answer_only')|coder>planner,reasoner>planner||critique_revise|critic:verifier,generator:planner,reviser:summarizer|critic:PromptSlots(reasoning_mode='direct', upstream_usage='summary', output_style='raw', verification_mode='strict', finalization='answer_only'),generator:PromptSlots(reasoning_mode='stepwise', upstream_usage='summary', output_style='raw', verification_mode='off', finalization='answer_only'),reviser:PromptSlots(reasoning_mode='direct', upstream_usage='summary', output_style='raw', verification_mode='light', finalization='answer_only')|planner>summarizer,planner>verifier,verifier>summarizer",1.0,1.0,1.0,1.0,stage1,a97a92859da5,v4_4_code_bypass_stable_anchor,use_stage1_anchor,stage1,False,0,0
mbpp:794,0,28,phase2,structure|route_,"structure|route_solve|aggregator:math,router:planner,solver:coder|aggregator:PromptSlots(reasoning_mode='direct', upstream_usage='summary', output_style='raw', verification_mode='light', finalization='answer_only'),router:PromptSlots(reasoning_mode='direct', upstream_usage='summary', output_style='raw', verification_mode='light', finalization='answer_only'),solver:PromptSlots(reasoning_mode='stepwise', upstream_usage='summary', output_style='raw', verification_mode='off', finalization='answer_only')|coder>math,planner>coder||critique_revise|critic:verifier,generator:planner,reviser:coder|critic:PromptSlots(reasoning_mode='direct', upstream_usage='summary', output_style='raw', verification_mode='strict', finalization='answer_only'),generator:PromptSlots(reasoning_mode='stepwise', upstream_usage='summary', output_style='raw', verification_mode='off', finalization='answer_only'),reviser:PromptSlots(reasoning_mode='direct', upstream_usage='summary', output_style='raw', verification_mode='light', finalization='answer_only')|planner>coder,planner>verifier,verifier>coder||critique_revise|critic:coder,generator:planner,reviser:summarizer|critic:PromptSlots(reasoning_mode='direct', upstream_usage='summary', output_style='raw', verification_mode='strict', finalization='answer_only'),generator:PromptSlots(reasoning_mode='stepwise', upstream_usage='summary', output_style='raw', verification_mode='off', finalization='answer_only'),reviser:PromptSlots(reasoning_mode='direct', upstream_usage='summary', output_style='raw', verification_mode='light', finalization='answer_only')|coder>summarizer,planner>coder,planner>summarizer",1.0,1.0,1.0,1.0,stage1,5eb7c907d8d2,v4_4_code_bypass_stable_anchor,use_stage1_anchor,stage1,False,0,0
mbpp:794,0,28,phase3a,structure|route_,"structure|route_solve|aggregator:summarizer,router:reasoner,solver:coder|aggregator:PromptSlots(reasoning_mode='direct', upstream_usage='summary', output_style='raw', verification_mode='light', finalization='answer_only'),router:PromptSlots(reasoning_mode='direct', upstream_usage='summary', output_style='raw', verification_mode='light', finalization='answer_only'),solver:PromptSlots(reasoning_mode='stepwise', upstream_usage='summary', output_style='raw', verification_mode='off', finalization='answer_only')|coder>summarizer,reasoner>coder||critique_revise|critic:verifier,generator:planner,reviser:coder|critic:PromptSlots(reasoning_mode='direct', upstream_usage='summary', output_style='raw', verification_mode='strict', finalization='answer_only'),generator:PromptSlots(reasoning_mode='stepwise', upstream_usage='summary', output_style='raw', verification_mode='off', finalization='answer_only'),reviser:PromptSlots(reasoning_mode='direct', upstream_usage='summary', output_style='raw', verification_mode='light', finalization='answer_only')|planner>coder,planner>verifier,verifier>coder||critique_revise|critic:verifier,generator:math,reviser:summarizer|critic:PromptSlots(reasoning_mode='direct', upstream_usage='summary', output_style='raw', verification_mode='strict', finalization='answer_only'),generator:PromptSlots(reasoning_mode='stepwise', upstream_usage='summary', output_style='raw', verification_mode='off', finalization='answer_only'),reviser:PromptSlots(reasoning_mode='direct', upstream_usage='summary', output_style='raw', verification_mode='light', finalization='answer_only')|math>summarizer,math>verifier,verifier>summarizer",1.0,1.0,1.0,1.0,stage1,193cd338d2ed,v4_4_code_bypass_stable_anchor,use_stage1_anchor,stage1,False,0,0
mbpp:795,0,10,phase2,structure|critiq,"structure|critique_revise|critic:verifier,generator:math,reviser:debater_b|critic:PromptSlots(reasoning_mode='direct', upstream_usage='summary', output_style='raw', verification_mode='strict', finalization='answer_only'),generator:PromptSlots(reasoning_mode='stepwise', upstream_usage='summary', output_style='raw', verification_mode='off', finalization='answer_only'),reviser:PromptSlots(reasoning_mode='direct', upstream_usage='summary', output_style='raw', verification_mode='light', finalization='answer_only')|math>debater_b,math>verifier,verifier>debater_b||critique_revise|critic:verifier,generator:coder,reviser:summarizer|critic:PromptSlots(reasoning_mode='direct', upstream_usage='summary', output_style='raw', verification_mode='strict', finalization='answer_only'),generator:PromptSlots(reasoning_mode='stepwise', upstream_usage='summary', output_style='raw', verification_mode='off', finalization='answer_only'),reviser:PromptSlots(reasoning_mode='direct', upstream_usage='summary', output_style='raw', verification_mode='light', finalization='answer_only')|coder>summarizer,coder>verifier,verifier>summarizer||critique_revise|critic:verifier,generator:planner,reviser:debater_b|critic:PromptSlots(reasoning_mode='direct', upstream_usage='summary', output_style='raw', verification_mode='strict', finalization='answer_only'),generator:PromptSlots(reasoning_mode='stepwise', upstream_usage='summary', output_style='raw', verification_mode='off', finalization='answer_only'),reviser:PromptSlots(reasoning_mode='direct', upstream_usage='summary', output_style='raw', verification_mode='light', finalization='answer_only')|planner>debater_b,planner>verifier,verifier>debater_b",1.0,1.0,1.0,1.0,stage1,1c9ef86d112a,v4_4_code_bypass_stable_anchor,use_stage1_anchor,stage1,False,0,0
mbpp:795,0,10,phase3a,structure|critiq,"structure|critique_revise|critic:verifier,generator:math,reviser:debater_b|critic:PromptSlots(reasoning_mode='direct', upstream_usage='summary', output_style='raw', verification_mode='strict', finalization='answer_only'),generator:PromptSlots(reasoning_mode='stepwise', upstream_usage='summary', output_style='raw', verification_mode='off', finalization='answer_only'),reviser:PromptSlots(reasoning_mode='direct', upstream_usage='summary', output_style='raw', verification_mode='light', finalization='answer_only')|math>debater_b,math>verifier,verifier>debater_b||solve_verify|solver:coder,verifier:verifier|solver:PromptSlots(reasoning_mode='stepwise', upstream_usage='summary', output_style='raw', verification_mode='off', finalization='answer_only'),verifier:PromptSlots(reasoning_mode='direct', upstream_usage='summary', output_style='raw', verification_mode='strict', finalization='answer_only')|coder>verifier||critique_revise|critic:coder,generator:planner,reviser:debater_b|critic:PromptSlots(reasoning_mode='direct', upstream_usage='summary', output_style='raw', verification_mode='strict', finalization='answer_only'),generator:PromptSlots(reasoning_mode='stepwise', upstream_usage='summary', output_style='raw', verification_mode='off', finalization='answer_only'),reviser:PromptSlots(reasoning_mode='direct', upstream_usage='summary', output_style='raw', verification_mode='light', finalization='answer_only')|coder>debater_b,planner>coder,planner>debater_b",1.0,1.0,1.0,1.0,stage1,f5e5706d85f9,v4_4_code_bypass_stable_anchor,use_stage1_anchor,stage1,False,0,0
mbpp:796,1,20,phase2,structure|critiq,"structure|critique_revise|critic:coder,generator:math,reviser:researcher|critic:PromptSlots(reasoning_mode='direct', upstream_usage='summary', output_style='raw', verification_mode='strict', finalization='answer_only'),generator:PromptSlots(reasoning_mode='stepwise', upstream_usage='summary', output_style='raw', verification_mode='off', finalization='answer_only'),reviser:PromptSlots(reasoning_mode='direct', upstream_usage='summary', output_style='raw', verification_mode='light', finalization='answer_only')|coder>researcher,math>coder,math>researcher||critique_revise|critic:coder,generator:planner,reviser:math|critic:PromptSlots(reasoning_mode='direct', upstream_usage='summary', output_style='raw', verification_mode='strict', finalization='answer_only'),generator:PromptSlots(reasoning_mode='stepwise', upstream_usage='summary', output_style='raw', verification_mode='off', finalization='answer_only'),reviser:PromptSlots(reasoning_mode='direct', upstream_usage='summary', output_style='raw', verification_mode='light', finalization='answer_only')|coder>math,planner>coder,planner>math||critique_revise|critic:coder,generator:verifier,reviser:researcher|critic:PromptSlots(reasoning_mode='direct', upstream_usage='summary', output_style='raw', verification_mode='strict', finalization='answer_only'),generator:PromptSlots(reasoning_mode='stepwise', upstream_usage='summary', output_style='raw', verification_mode='off', finalization='answer_only'),reviser:PromptSlots(reasoning_mode='direct', upstream_usage='summary', output_style='raw', verification_mode='light', finalization='answer_only')|coder>researcher,verifier>coder,verifier>researcher",1.0,1.0,1.0,1.0,sink_output,a5b7edf30e26,v4_4_code_bypass_stable_anchor,use_stage1_anchor,stage1+stage2,False,0,0
mbpp:796,1,20,phase3a,structure|critiq,"structure|critique_revise|critic:math,generator:planner,reviser:coder|critic:PromptSlots(reasoning_mode='direct', upstream_usage='summary', output_style='raw', verification_mode='strict', finalization='answer_only'),generator:PromptSlots(reasoning_mode='stepwise', upstream_usage='summary', output_style='raw', verification_mode='off', finalization='answer_only'),reviser:PromptSlots(reasoning_mode='direct', upstream_usage='summary', output_style='raw', verification_mode='light', finalization='answer_only')|math>coder,planner>coder,planner>math||critique_revise|critic:math,generator:verifier,reviser:coder|critic:PromptSlots(reasoning_mode='direct', upstream_usage='summary', output_style='raw', verification_mode='strict', finalization='answer_only'),generator:PromptSlots(reasoning_mode='stepwise', upstream_usage='summary', output_style='raw', verification_mode='off', finalization='answer_only'),reviser:PromptSlots(reasoning_mode='direct', upstream_usage='summary', output_style='raw', verification_mode='light', finalization='answer_only')|math>coder,verifier>coder,verifier>math||critique_revise|critic:verifier,generator:researcher,reviser:coder|critic:PromptSlots(reasoning_mode='direct', upstream_usage='summary', output_style='raw', verification_mode='strict', finalization='answer_only'),generator:PromptSlots(reasoning_mode='stepwise', upstream_usage='summary', output_style='raw', verification_mode='off', finalization='answer_only'),reviser:PromptSlots(reasoning_mode='direct', upstream_usage='summary', output_style='raw', verification_mode='light', finalization='answer_only')|researcher>coder,researcher>verifier,verifier>coder",1.0,1.0,1.0,1.0,sink_output,a5b7edf30e26,v4_4_code_bypass_stable_anchor,use_stage1_anchor,stage1+stage2,False,0,0
mbpp:810,2,16,phase2,structure|critiq,"structure|critique_revise|critic:verifier,generator:math,reviser:planner|critic:PromptSlots(reasoning_mode='direct', upstream_usage='summary', output_style='raw', verification_mode='strict', finalization='answer_only'),generator:PromptSlots(reasoning_mode='stepwise', upstream_usage='summary', output_style='raw', verification_mode='off', finalization='answer_only'),reviser:PromptSlots(reasoning_mode='direct', upstream_usage='summary', output_style='raw', verification_mode='light', finalization='answer_only')|math>planner,math>verifier,verifier>planner||critique_revise|critic:reasoner,generator:planner,reviser:coder|critic:PromptSlots(reasoning_mode='direct', upstream_usage='summary', output_style='raw', verification_mode='strict', finalization='answer_only'),generator:PromptSlots(reasoning_mode='stepwise', upstream_usage='summary', output_style='raw', verification_mode='off', finalization='answer_only'),reviser:PromptSlots(reasoning_mode='direct', upstream_usage='summary', output_style='raw', verification_mode='light', finalization='answer_only')|planner>coder,planner>reasoner,reasoner>coder||critique_revise|critic:verifier,generator:coder,reviser:summarizer|critic:PromptSlots(reasoning_mode='direct', upstream_usage='summary', output_style='raw', verification_mode='strict', finalization='answer_only'),generator:PromptSlots(reasoning_mode='stepwise', upstream_usage='summary', output_style='raw', verification_mode='off', finalization='answer_only'),reviser:PromptSlots(reasoning_mode='direct', upstream_usage='summary', output_style='raw', verification_mode='light', finalization='answer_only')|coder>summarizer,coder>verifier,verifier>summarizer",1.0,1.0,1.0,1.0,stage1,29622147c095,v4_4_code_bypass_stable_anchor,use_stage1_anchor,stage1,False,0,0
mbpp:810,2,16,phase3a,structure|critiq,"structure|critique_revise|critic:verifier,generator:planner,reviser:reasoner|critic:PromptSlots(reasoning_mode='direct', upstream_usage='summary', output_style='raw', verification_mode='strict', finalization='answer_only'),generator:PromptSlots(reasoning_mode='stepwise', upstream_usage='summary', output_style='raw', verification_mode='off', finalization='answer_only'),reviser:PromptSlots(reasoning_mode='direct', upstream_usage='summary', output_style='raw', verification_mode='light', finalization='answer_only')|planner>reasoner,planner>verifier,verifier>reasoner||critique_revise|critic:coder,generator:planner,reviser:math|critic:PromptSlots(reasoning_mode='direct', upstream_usage='summary', output_style='raw', verification_mode='strict', finalization='answer_only'),generator:PromptSlots(reasoning_mode='stepwise', upstream_usage='summary', output_style='raw', verification_mode='off', finalization='answer_only'),reviser:PromptSlots(reasoning_mode='direct', upstream_usage='summary', output_style='raw', verification_mode='light', finalization='answer_only')|coder>math,planner>coder,planner>math||critique_revise|critic:verifier,generator:debater_b,reviser:summarizer|critic:PromptSlots(reasoning_mode='direct', upstream_usage='summary', output_style='raw', verification_mode='strict', finalization='answer_only'),generator:PromptSlots(reasoning_mode='stepwise', upstream_usage='summary', output_style='raw', verification_mode='off', finalization='answer_only'),reviser:PromptSlots(reasoning_mode='direct', upstream_usage='summary', output_style='raw', verification_mode='light', finalization='answer_only')|debater_b>summarizer,debater_b>verifier,verifier>summarizer",1.0,1.0,1.0,1.0,stage1,f73e981edffd,v4_4_code_bypass_stable_anchor,use_stage1_anchor,stage1,False,0,0
mbpp:811,2,19,phase2,structure|critiq,"structure|critique_revise|critic:verifier,generator:planner,reviser:researcher|critic:PromptSlots(reasoning_mode='direct', upstream_usage='summary', output_style='raw', verification_mode='strict', finalization='answer_only'),generator:PromptSlots(reasoning_mode='stepwise', upstream_usage='summary', output_style='raw', verification_mode='off', finalization='answer_only'),reviser:PromptSlots(reasoning_mode='direct', upstream_usage='summary', output_style='raw', verification_mode='light', finalization='answer_only')|planner>researcher,planner>verifier,verifier>researcher||route_solve|aggregator:verifier,router:planner,solver:coder|aggregator:PromptSlots(reasoning_mode='direct', upstream_usage='summary', output_style='raw', verification_mode='light', finalization='answer_only'),router:PromptSlots(reasoning_mode='direct', upstream_usage='summary', output_style='raw', verification_mode='light', finalization='answer_only'),solver:PromptSlots(reasoning_mode='stepwise', upstream_usage='summary', output_style='raw', verification_mode='off', finalization='answer_only')|coder>verifier,planner>coder||critique_revise|critic:coder,generator:verifier,reviser:summarizer|critic:PromptSlots(reasoning_mode='direct', upstream_usage='summary', output_style='raw', verification_mode='strict', finalization='answer_only'),generator:PromptSlots(reasoning_mode='stepwise', upstream_usage='summary', output_style='raw', verification_mode='off', finalization='answer_only'),reviser:PromptSlots(reasoning_mode='direct', upstream_usage='summary', output_style='raw', verification_mode='light', finalization='answer_only')|coder>summarizer,verifier>coder,verifier>summarizer",1.0,1.0,1.0,1.0,sink_output,901ca18c0f82,v4_4_code_bypass_stable_anchor,use_stage1_anchor,stage1+stage2,False,0,0
mbpp:811,2,19,phase3a,structure|critiq,"structure|critique_revise|critic:verifier,generator:math,reviser:summarizer|critic:PromptSlots(reasoning_mode='direct', upstream_usage='summary', output_style='raw', verification_mode='strict', finalization='answer_only'),generator:PromptSlots(reasoning_mode='stepwise', upstream_usage='summary', output_style='raw', verification_mode='off', finalization='answer_only'),reviser:PromptSlots(reasoning_mode='direct', upstream_usage='summary', output_style='raw', verification_mode='light', finalization='answer_only')|math>summarizer,math>verifier,verifier>summarizer||route_solve|aggregator:verifier,router:planner,solver:coder|aggregator:PromptSlots(reasoning_mode='direct', upstream_usage='summary', output_style='raw', verification_mode='light', finalization='answer_only'),router:PromptSlots(reasoning_mode='direct', upstream_usage='summary', output_style='raw', verification_mode='light', finalization='answer_only'),solver:PromptSlots(reasoning_mode='stepwise', upstream_usage='summary', output_style='raw', verification_mode='off', finalization='answer_only')|coder>verifier,planner>coder||solve_verify|solver:coder,verifier:verifier|solver:PromptSlots(reasoning_mode='stepwise', upstream_usage='summary', output_style='raw', verification_mode='off', finalization='answer_only'),verifier:PromptSlots(reasoning_mode='direct', upstream_usage='summary', output_style='raw', verification_mode='strict', finalization='answer_only')|coder>verifier",1.0,1.0,1.0,1.0,sink_output,901ca18c0f82,v4_4_code_bypass_stable_anchor,use_stage1_anchor,stage1+stage2,False,0,0
mbpp:822,2,8,phase2,structure|critiq,"structure|critique_revise|critic:verifier,generator:planner,reviser:reasoner|critic:PromptSlots(reasoning_mode='direct', upstream_usage='summary', output_style='raw', verification_mode='strict', finalization='answer_only'),generator:PromptSlots(reasoning_mode='stepwise', upstream_usage='summary', output_style='raw', verification_mode='off', finalization='answer_only'),reviser:PromptSlots(reasoning_mode='direct', upstream_usage='summary', output_style='raw', verification_mode='light', finalization='answer_only')|planner>reasoner,planner>verifier,verifier>reasoner||critique_revise|critic:verifier,generator:planner,reviser:coder|critic:PromptSlots(reasoning_mode='direct', upstream_usage='summary', output_style='raw', verification_mode='strict', finalization='answer_only'),generator:PromptSlots(reasoning_mode='stepwise', upstream_usage='summary', output_style='raw', verification_mode='off', finalization='answer_only'),reviser:PromptSlots(reasoning_mode='direct', upstream_usage='summary', output_style='raw', verification_mode='light', finalization='answer_only')|planner>coder,planner>verifier,verifier>coder||critique_revise|critic:coder,generator:math,reviser:summarizer|critic:PromptSlots(reasoning_mode='direct', upstream_usage='summary', output_style='raw', verification_mode='strict', finalization='answer_only'),generator:PromptSlots(reasoning_mode='stepwise', upstream_usage='summary', output_style='raw', verification_mode='off', finalization='answer_only'),reviser:PromptSlots(reasoning_mode='direct', upstream_usage='summary', output_style='raw', verification_mode='light', finalization='answer_only')|coder>summarizer,math>coder,math>summarizer",1.0,1.0,1.0,1.0,stage1,21eabba57462,v4_4_code_bypass_stable_anchor,use_stage1_anchor,stage1,False,0,0
mbpp:822,2,8,phase3a,structure|critiq,"structure|critique_revise|critic:coder,generator:reasoner,reviser:planner|critic:PromptSlots(reasoning_mode='direct', upstream_usage='summary', output_style='raw', verification_mode='strict', finalization='answer_only'),generator:PromptSlots(reasoning_mode='stepwise', upstream_usage='summary', output_style='raw', verification_mode='off', finalization='answer_only'),reviser:PromptSlots(reasoning_mode='direct', upstream_usage='summary', output_style='raw', verification_mode='light', finalization='answer_only')|coder>planner,reasoner>coder,reasoner>planner||critique_revise|critic:verifier,generator:planner,reviser:math|critic:PromptSlots(reasoning_mode='direct', upstream_usage='summary', output_style='raw', verification_mode='strict', finalization='answer_only'),generator:PromptSlots(reasoning_mode='stepwise', upstream_usage='summary', output_style='raw', verification_mode='off', finalization='answer_only'),reviser:PromptSlots(reasoning_mode='direct', upstream_usage='summary', output_style='raw', verification_mode='light', finalization='answer_only')|planner>math,planner>verifier,verifier>math||critique_revise|critic:verifier,generator:reasoner,reviser:coder|critic:PromptSlots(reasoning_mode='direct', upstream_usage='summary', output_style='raw', verification_mode='strict', finalization='answer_only'),generator:PromptSlots(reasoning_mode='stepwise', upstream_usage='summary', output_style='raw', verification_mode='off', finalization='answer_only'),reviser:PromptSlots(reasoning_mode='direct', upstream_usage='summary', output_style='raw', verification_mode='light', finalization='answer_only')|reasoner>coder,reasoner>verifier,verifier>coder",1.0,1.0,1.0,1.0,stage1,e57e9861a28f,v4_4_code_bypass_stable_anchor,use_stage1_anchor,stage1,False,0,0
mbpp:83,0,26,phase2,structure|route_,"structure|route_solve|aggregator:skeptic,router:planner,solver:coder|aggregator:PromptSlots(reasoning_mode='direct', upstream_usage='summary', output_style='raw', verification_mode='light', finalization='answer_only'),router:PromptSlots(reasoning_mode='direct', upstream_usage='summary', output_style='raw', verification_mode='light', finalization='answer_only'),solver:PromptSlots(reasoning_mode='stepwise', upstream_usage='summary', output_style='raw', verification_mode='off', finalization='answer_only')|coder>skeptic,planner>coder||critique_revise|critic:verifier,generator:debater_a,reviser:planner|critic:PromptSlots(reasoning_mode='direct', upstream_usage='summary', output_style='raw', verification_mode='strict', finalization='answer_only'),generator:PromptSlots(reasoning_mode='stepwise', upstream_usage='summary', output_style='raw', verification_mode='off', finalization='answer_only'),reviser:PromptSlots(reasoning_mode='direct', upstream_usage='summary', output_style='raw', verification_mode='light', finalization='answer_only')|debater_a>planner,debater_a>verifier,verifier>planner||critique_revise|critic:verifier,generator:reasoner,reviser:coder|critic:PromptSlots(reasoning_mode='direct', upstream_usage='summary', output_style='raw', verification_mode='strict', finalization='answer_only'),generator:PromptSlots(reasoning_mode='stepwise', upstream_usage='summary', output_style='raw', verification_mode='off', finalization='answer_only'),reviser:PromptSlots(reasoning_mode='direct', upstream_usage='summary', output_style='raw', verification_mode='light', finalization='answer_only')|reasoner>coder,reasoner>verifier,verifier>coder",0.0,1.0,0.28,1.0,stage2,8d6ecb9decaa,v4_4_code_override_verified_class,use_stage2_protocol,stage2,False,0,0
mbpp:83,0,26,phase3a,structure|parall,"structure|parallel_vote|aggregator:debater_a,solver_a:planner,solver_b:reasoner|aggregator:PromptSlots(reasoning_mode='direct', upstream_usage='summary', output_style='raw', verification_mode='light', finalization='answer_only'),solver_a:PromptSlots(reasoning_mode='stepwise', upstream_usage='summary', output_style='raw', verification_mode='off', finalization='answer_only'),solver_b:PromptSlots(reasoning_mode='stepwise', upstream_usage='summary', output_style='raw', verification_mode='off', finalization='answer_only')|planner>debater_a,reasoner>debater_a||critique_revise|critic:verifier,generator:coder,reviser:summarizer|critic:PromptSlots(reasoning_mode='direct', upstream_usage='summary', output_style='raw', verification_mode='strict', finalization='answer_only'),generator:PromptSlots(reasoning_mode='stepwise', upstream_usage='summary', output_style='raw', verification_mode='off', finalization='answer_only'),reviser:PromptSlots(reasoning_mode='direct', upstream_usage='summary', output_style='raw', verification_mode='light', finalization='answer_only')|coder>summarizer,coder>verifier,verifier>summarizer||parallel_vote|aggregator:coder,solver_a:planner,solver_b:reasoner|aggregator:PromptSlots(reasoning_mode='direct', upstream_usage='summary', output_style='raw', verification_mode='light', finalization='answer_only'),solver_a:PromptSlots(reasoning_mode='stepwise', upstream_usage='summary', output_style='raw', verification_mode='off', finalization='answer_only'),solver_b:PromptSlots(reasoning_mode='stepwise', upstream_usage='summary', output_style='raw', verification_mode='off', finalization='answer_only')|planner>coder,reasoner>coder",1.0,1.0,1.0,1.0,stage1,1ec0b1e365d3,v4_4_code_bypass_stable_anchor,use_stage1_anchor,stage1,False,0,0
mbpp:830,1,58,phase2,structure|critiq,"structure|critique_revise|critic:coder,generator:math,reviser:planner|critic:PromptSlots(reasoning_mode='direct', upstream_usage='summary', output_style='raw', verification_mode='strict', finalization='answer_only'),generator:PromptSlots(reasoning_mode='stepwise', upstream_usage='summary', output_style='raw', verification_mode='off', finalization='answer_only'),reviser:PromptSlots(reasoning_mode='direct', upstream_usage='summary', output_style='raw', verification_mode='light', finalization='answer_only')|coder>planner,math>coder,math>planner||critique_revise|critic:coder,generator:planner,reviser:debater_a|critic:PromptSlots(reasoning_mode='direct', upstream_usage='summary', output_style='raw', verification_mode='strict', finalization='answer_only'),generator:PromptSlots(reasoning_mode='stepwise', upstream_usage='summary', output_style='raw', verification_mode='off', finalization='answer_only'),reviser:PromptSlots(reasoning_mode='direct', upstream_usage='summary', output_style='raw', verification_mode='light', finalization='answer_only')|coder>debater_a,planner>coder,planner>debater_a||critique_revise|critic:coder,generator:reasoner,reviser:planner|critic:PromptSlots(reasoning_mode='direct', upstream_usage='summary', output_style='raw', verification_mode='strict', finalization='answer_only'),generator:PromptSlots(reasoning_mode='stepwise', upstream_usage='summary', output_style='raw', verification_mode='off', finalization='answer_only'),reviser:PromptSlots(reasoning_mode='direct', upstream_usage='summary', output_style='raw', verification_mode='light', finalization='answer_only')|coder>planner,reasoner>coder,reasoner>planner",1.0,1.0,1.0,1.0,stage1,8d2dfdeae207,v4_4_code_bypass_stable_anchor,use_stage1_anchor,stage1,False,0,0
mbpp:830,1,58,phase3a,structure|critiq,"structure|critique_revise|critic:debater_a,generator:planner,reviser:coder|critic:PromptSlots(reasoning_mode='direct', upstream_usage='summary', output_style='raw', verification_mode='strict', finalization='answer_only'),generator:PromptSlots(reasoning_mode='stepwise', upstream_usage='summary', output_style='raw', verification_mode='off', finalization='answer_only'),reviser:PromptSlots(reasoning_mode='direct', upstream_usage='summary', output_style='raw', verification_mode='light', finalization='answer_only')|debater_a>coder,planner>coder,planner>debater_a||critique_revise|critic:coder,generator:planner,reviser:reasoner|critic:PromptSlots(reasoning_mode='direct', upstream_usage='summary', output_style='raw', verification_mode='strict', finalization='answer_only'),generator:PromptSlots(reasoning_mode='stepwise', upstream_usage='summary', output_style='raw', verification_mode='off', finalization='answer_only'),reviser:PromptSlots(reasoning_mode='direct', upstream_usage='summary', output_style='raw', verification_mode='light', finalization='answer_only')|coder>reasoner,planner>coder,planner>reasoner||critique_revise|critic:verifier,generator:math,reviser:reasoner|critic:PromptSlots(reasoning_mode='direct', upstream_usage='summary', output_style='raw', verification_mode='strict', finalization='answer_only'),generator:PromptSlots(reasoning_mode='stepwise', upstream_usage='summary', output_style='raw', verification_mode='off', finalization='answer_only'),reviser:PromptSlots(reasoning_mode='direct', upstream_usage='summary', output_style='raw', verification_mode='light', finalization='answer_only')|math>reasoner,math>verifier,verifier>reasoner",1.0,1.0,1.0,1.0,stage1,75f7a90a81e4,v4_4_code_bypass_stable_anchor,use_stage1_anchor,stage1,False,0,0
mbpp:833,1,6,phase2,structure|parall,"structure|parallel_vote|aggregator:coder,solver_a:planner,solver_b:reasoner|aggregator:PromptSlots(reasoning_mode='direct', upstream_usage='summary', output_style='raw', verification_mode='light', finalization='answer_only'),solver_a:PromptSlots(reasoning_mode='stepwise', upstream_usage='summary', output_style='raw', verification_mode='off', finalization='answer_only'),solver_b:PromptSlots(reasoning_mode='stepwise', upstream_usage='summary', output_style='raw', verification_mode='off', finalization='answer_only')|planner>coder,reasoner>coder||route_solve|aggregator:planner,router:researcher,solver:coder|aggregator:PromptSlots(reasoning_mode='direct', upstream_usage='summary', output_style='raw', verification_mode='light', finalization='answer_only'),router:PromptSlots(reasoning_mode='direct', upstream_usage='summary', output_style='raw', verification_mode='light', finalization='answer_only'),solver:PromptSlots(reasoning_mode='stepwise', upstream_usage='summary', output_style='raw', verification_mode='off', finalization='answer_only')|coder>planner,researcher>coder||route_solve|aggregator:verifier,router:planner,solver:researcher|aggregator:PromptSlots(reasoning_mode='direct', upstream_usage='summary', output_style='raw', verification_mode='light', finalization='answer_only'),router:PromptSlots(reasoning_mode='direct', upstream_usage='summary', output_style='raw', verification_mode='light', finalization='answer_only'),solver:PromptSlots(reasoning_mode='stepwise', upstream_usage='summary', output_style='raw', verification_mode='off', finalization='answer_only')|planner>researcher,researcher>verifier",1.0,1.0,1.0,1.0,sink_output,7cef1c8695a6,v4_4_code_bypass_stable_anchor,use_stage1_anchor,stage1+stage2,False,0,0
mbpp:833,1,6,phase3a,structure|parall,"structure|parallel_vote|aggregator:math,solver_a:planner,solver_b:coder|aggregator:PromptSlots(reasoning_mode='direct', upstream_usage='summary', output_style='raw', verification_mode='light', finalization='answer_only'),solver_a:PromptSlots(reasoning_mode='stepwise', upstream_usage='summary', output_style='raw', verification_mode='off', finalization='answer_only'),solver_b:PromptSlots(reasoning_mode='stepwise', upstream_usage='summary', output_style='raw', verification_mode='off', finalization='answer_only')|coder>math,planner>math||parallel_vote|aggregator:verifier,solver_a:planner,solver_b:coder|aggregator:PromptSlots(reasoning_mode='direct', upstream_usage='summary', output_style='raw', verification_mode='light', finalization='answer_only'),solver_a:PromptSlots(reasoning_mode='stepwise', upstream_usage='summary', output_style='raw', verification_mode='off', finalization='answer_only'),solver_b:PromptSlots(reasoning_mode='stepwise', upstream_usage='summary', output_style='raw', verification_mode='off', finalization='answer_only')|coder>verifier,planner>verifier||parallel_vote|aggregator:coder,solver_a:summarizer,solver_b:reasoner|aggregator:PromptSlots(reasoning_mode='direct', upstream_usage='summary', output_style='raw', verification_mode='light', finalization='answer_only'),solver_a:PromptSlots(reasoning_mode='stepwise', upstream_usage='summary', output_style='raw', verification_mode='off', finalization='answer_only'),solver_b:PromptSlots(reasoning_mode='stepwise', upstream_usage='summary', output_style='raw', verification_mode='off', finalization='answer_only')|reasoner>coder,summarizer>coder",1.0,1.0,1.0,1.0,stage1,9fbe39109712,v4_4_code_bypass_stable_anchor,use_stage1_anchor,stage1,False,0,0
mbpp:839,1,64,phase2,structure|critiq,"structure|critique_revise|critic:verifier,generator:planner,reviser:researcher|critic:PromptSlots(reasoning_mode='direct', upstream_usage='summary', output_style='raw', verification_mode='strict', finalization='answer_only'),generator:PromptSlots(reasoning_mode='stepwise', upstream_usage='summary', output_style='raw', verification_mode='off', finalization='answer_only'),reviser:PromptSlots(reasoning_mode='direct', upstream_usage='summary', output_style='raw', verification_mode='light', finalization='answer_only')|planner>researcher,planner>verifier,verifier>researcher||critique_revise|critic:verifier,generator:coder,reviser:researcher|critic:PromptSlots(reasoning_mode='direct', upstream_usage='summary', output_style='raw', verification_mode='strict', finalization='answer_only'),generator:PromptSlots(reasoning_mode='stepwise', upstream_usage='summary', output_style='raw', verification_mode='off', finalization='answer_only'),reviser:PromptSlots(reasoning_mode='direct', upstream_usage='summary', output_style='raw', verification_mode='light', finalization='answer_only')|coder>researcher,coder>verifier,verifier>researcher||critique_revise|critic:coder,generator:planner,reviser:summarizer|critic:PromptSlots(reasoning_mode='direct', upstream_usage='summary', output_style='raw', verification_mode='strict', finalization='answer_only'),generator:PromptSlots(reasoning_mode='stepwise', upstream_usage='summary', output_style='raw', verification_mode='off', finalization='answer_only'),reviser:PromptSlots(reasoning_mode='direct', upstream_usage='summary', output_style='raw', verification_mode='light', finalization='answer_only')|coder>summarizer,planner>coder,planner>summarizer",1.0,1.0,1.0,1.0,sink_output,70eed15bced8,v4_4_code_bypass_stable_anchor,use_stage1_anchor,stage1+stage2,False,0,0
mbpp:839,1,64,phase3a,structure|critiq,"structure|critique_revise|critic:coder,generator:math,reviser:researcher|critic:PromptSlots(reasoning_mode='direct', upstream_usage='summary', output_style='raw', verification_mode='strict', finalization='answer_only'),generator:PromptSlots(reasoning_mode='stepwise', upstream_usage='summary', output_style='raw', verification_mode='off', finalization='answer_only'),reviser:PromptSlots(reasoning_mode='direct', upstream_usage='summary', output_style='raw', verification_mode='light', finalization='answer_only')|coder>researcher,math>coder,math>researcher||critique_revise|critic:verifier,generator:planner,reviser:summarizer|critic:PromptSlots(reasoning_mode='direct', upstream_usage='summary', output_style='raw', verification_mode='strict', finalization='answer_only'),generator:PromptSlots(reasoning_mode='stepwise', upstream_usage='summary', output_style='raw', verification_mode='off', finalization='answer_only'),reviser:PromptSlots(reasoning_mode='direct', upstream_usage='summary', output_style='raw', verification_mode='light', finalization='answer_only')|planner>summarizer,planner>verifier,verifier>summarizer||critique_revise|critic:researcher,generator:verifier,reviser:coder|critic:PromptSlots(reasoning_mode='direct', upstream_usage='summary', output_style='raw', verification_mode='strict', finalization='answer_only'),generator:PromptSlots(reasoning_mode='stepwise', upstream_usage='summary', output_style='raw', verification_mode='off', finalization='answer_only'),reviser:PromptSlots(reasoning_mode='direct', upstream_usage='summary', output_style='raw', verification_mode='light', finalization='answer_only')|researcher>coder,verifier>coder,verifier>researcher",1.0,1.0,1.0,1.0,sink_output,de2fd073bd14,v4_4_code_bypass_stable_anchor,use_stage1_anchor,stage1+stage2,False,0,0
mbpp:841,0,49,phase2,structure|critiq,"structure|critique_revise|critic:verifier,generator:math,reviser:reasoner|critic:PromptSlots(reasoning_mode='direct', upstream_usage='summary', output_style='raw', verification_mode='strict', finalization='answer_only'),generator:PromptSlots(reasoning_mode='stepwise', upstream_usage='summary', output_style='raw', verification_mode='off', finalization='answer_only'),reviser:PromptSlots(reasoning_mode='direct', upstream_usage='summary', output_style='raw', verification_mode='light', finalization='answer_only')|math>reasoner,math>verifier,verifier>reasoner||route_solve|aggregator:skeptic,router:planner,solver:coder|aggregator:PromptSlots(reasoning_mode='direct', upstream_usage='summary', output_style='raw', verification_mode='light', finalization='answer_only'),router:PromptSlots(reasoning_mode='direct', upstream_usage='summary', output_style='raw', verification_mode='light', finalization='answer_only'),solver:PromptSlots(reasoning_mode='stepwise', upstream_usage='summary', output_style='raw', verification_mode='off', finalization='answer_only')|coder>skeptic,planner>coder||critique_revise|critic:coder,generator:planner,reviser:summarizer|critic:PromptSlots(reasoning_mode='direct', upstream_usage='summary', output_style='raw', verification_mode='strict', finalization='answer_only'),generator:PromptSlots(reasoning_mode='stepwise', upstream_usage='summary', output_style='raw', verification_mode='off', finalization='answer_only'),reviser:PromptSlots(reasoning_mode='direct', upstream_usage='summary', output_style='raw', verification_mode='light', finalization='answer_only')|coder>summarizer,planner>coder,planner>summarizer",1.0,1.0,1.0,1.0,sink_output,843bf7b63619,v4_4_code_bypass_stable_anchor,use_stage1_anchor,stage1+stage2,False,0,0
mbpp:841,0,49,phase3a,structure|critiq,"structure|critique_revise|critic:coder,generator:planner,reviser:summarizer|critic:PromptSlots(reasoning_mode='direct', upstream_usage='summary', output_style='raw', verification_mode='strict', finalization='answer_only'),generator:PromptSlots(reasoning_mode='stepwise', upstream_usage='summary', output_style='raw', verification_mode='off', finalization='answer_only'),reviser:PromptSlots(reasoning_mode='direct', upstream_usage='summary', output_style='raw', verification_mode='light', finalization='answer_only')|coder>summarizer,planner>coder,planner>summarizer||critique_revise|critic:coder,generator:verifier,reviser:summarizer|critic:PromptSlots(reasoning_mode='direct', upstream_usage='summary', output_style='raw', verification_mode='strict', finalization='answer_only'),generator:PromptSlots(reasoning_mode='stepwise', upstream_usage='summary', output_style='raw', verification_mode='off', finalization='answer_only'),reviser:PromptSlots(reasoning_mode='direct', upstream_usage='summary', output_style='raw', verification_mode='light', finalization='answer_only')|coder>summarizer,verifier>coder,verifier>summarizer||critique_revise|critic:coder,generator:planner,reviser:skeptic|critic:PromptSlots(reasoning_mode='direct', upstream_usage='summary', output_style='raw', verification_mode='strict', finalization='answer_only'),generator:PromptSlots(reasoning_mode='stepwise', upstream_usage='summary', output_style='raw', verification_mode='off', finalization='answer_only'),reviser:PromptSlots(reasoning_mode='direct', upstream_usage='summary', output_style='raw', verification_mode='light', finalization='answer_only')|coder>skeptic,planner>coder,planner>skeptic",1.0,1.0,1.0,1.0,stage1,e9e3b7ea6061,v4_4_code_bypass_stable_anchor,use_stage1_anchor,stage1,False,0,0
mbpp:85,1,57,phase2,structure|critiq,"structure|critique_revise|critic:coder,generator:math,reviser:reasoner|critic:PromptSlots(reasoning_mode='direct', upstream_usage='summary', output_style='raw', verification_mode='strict', finalization='answer_only'),generator:PromptSlots(reasoning_mode='stepwise', upstream_usage='summary', output_style='raw', verification_mode='off', finalization='answer_only'),reviser:PromptSlots(reasoning_mode='direct', upstream_usage='summary', output_style='raw', verification_mode='light', finalization='answer_only')|coder>reasoner,math>coder,math>reasoner||critique_revise|critic:verifier,generator:coder,reviser:summarizer|critic:PromptSlots(reasoning_mode='direct', upstream_usage='summary', output_style='raw', verification_mode='strict', finalization='answer_only'),generator:PromptSlots(reasoning_mode='stepwise', upstream_usage='summary', output_style='raw', verification_mode='off', finalization='answer_only'),reviser:PromptSlots(reasoning_mode='direct', upstream_usage='summary', output_style='raw', verification_mode='light', finalization='answer_only')|coder>summarizer,coder>verifier,verifier>summarizer||critique_revise|critic:coder,generator:planner,reviser:reasoner|critic:PromptSlots(reasoning_mode='direct', upstream_usage='summary', output_style='raw', verification_mode='strict', finalization='answer_only'),generator:PromptSlots(reasoning_mode='stepwise', upstream_usage='summary', output_style='raw', verification_mode='off', finalization='answer_only'),reviser:PromptSlots(reasoning_mode='direct', upstream_usage='summary', output_style='raw', verification_mode='light', finalization='answer_only')|coder>reasoner,planner>coder,planner>reasoner",1.0,1.0,1.0,1.0,sink_output,fbdeff812774,v4_4_code_bypass_stable_anchor,use_stage1_anchor,stage1+stage2,False,0,0
mbpp:85,1,57,phase3a,structure|critiq,"structure|critique_revise|critic:coder,generator:planner,reviser:reasoner|critic:PromptSlots(reasoning_mode='direct', upstream_usage='summary', output_style='raw', verification_mode='strict', finalization='answer_only'),generator:PromptSlots(reasoning_mode='stepwise', upstream_usage='summary', output_style='raw', verification_mode='off', finalization='answer_only'),reviser:PromptSlots(reasoning_mode='direct', upstream_usage='summary', output_style='raw', verification_mode='light', finalization='answer_only')|coder>reasoner,planner>coder,planner>reasoner||critique_revise|critic:coder,generator:verifier,reviser:reasoner|critic:PromptSlots(reasoning_mode='direct', upstream_usage='summary', output_style='raw', verification_mode='strict', finalization='answer_only'),generator:PromptSlots(reasoning_mode='stepwise', upstream_usage='summary', output_style='raw', verification_mode='off', finalization='answer_only'),reviser:PromptSlots(reasoning_mode='direct', upstream_usage='summary', output_style='raw', verification_mode='light', finalization='answer_only')|coder>reasoner,verifier>coder,verifier>reasoner||critique_revise|critic:coder,generator:planner,reviser:math|critic:PromptSlots(reasoning_mode='direct', upstream_usage='summary', output_style='raw', verification_mode='strict', finalization='answer_only'),generator:PromptSlots(reasoning_mode='stepwise', upstream_usage='summary', output_style='raw', verification_mode='off', finalization='answer_only'),reviser:PromptSlots(reasoning_mode='direct', upstream_usage='summary', output_style='raw', verification_mode='light', finalization='answer_only')|coder>math,planner>coder,planner>math",1.0,1.0,1.0,1.0,sink_output,fbdeff812774,v4_4_code_bypass_stable_anchor,use_stage1_anchor,stage1+stage2,False,0,0
mbpp:852,2,62,phase2,structure|solve_,"structure|solve_verify|solver:planner,verifier:summarizer|solver:PromptSlots(reasoning_mode='stepwise', upstream_usage='summary', output_style='raw', verification_mode='off', finalization='answer_only'),verifier:PromptSlots(reasoning_mode='direct', upstream_usage='summary', output_style='raw', verification_mode='strict', finalization='answer_only')|planner>summarizer||solve_verify|solver:coder,verifier:verifier|solver:PromptSlots(reasoning_mode='stepwise', upstream_usage='summary', output_style='raw', verification_mode='off', finalization='answer_only'),verifier:PromptSlots(reasoning_mode='direct', upstream_usage='summary', output_style='raw', verification_mode='strict', finalization='answer_only')|coder>verifier||debate_judge|debater_a:debater_a,debater_b:coder,judge:verifier|debater_a:PromptSlots(reasoning_mode='direct', upstream_usage='summary', output_style='raw', verification_mode='off', finalization='answer_only'),debater_b:PromptSlots(reasoning_mode='direct', upstream_usage='summary', output_style='raw', verification_mode='off', finalization='answer_only'),judge:PromptSlots(reasoning_mode='direct', upstream_usage='summary', output_style='raw', verification_mode='strict', finalization='answer_only')|coder>verifier,debater_a>verifier",1.0,1.0,1.0,1.0,checker_approved_proposal,1cf850aab85f,v4_4_code_bypass_stable_anchor,use_stage1_anchor,stage1+stage2,False,0,0
mbpp:852,2,62,phase3a,structure|solve_,"structure|solve_verify|solver:coder,verifier:planner|solver:PromptSlots(reasoning_mode='stepwise', upstream_usage='summary', output_style='raw', verification_mode='off', finalization='answer_only'),verifier:PromptSlots(reasoning_mode='direct', upstream_usage='summary', output_style='raw', verification_mode='strict', finalization='answer_only')|coder>planner||solve_verify|solver:coder,verifier:verifier|solver:PromptSlots(reasoning_mode='stepwise', upstream_usage='summary', output_style='raw', verification_mode='off', finalization='answer_only'),verifier:PromptSlots(reasoning_mode='direct', upstream_usage='summary', output_style='raw', verification_mode='strict', finalization='answer_only')|coder>verifier||debate_judge|debater_a:coder,debater_b:reasoner,judge:verifier|debater_a:PromptSlots(reasoning_mode='direct', upstream_usage='summary', output_style='raw', verification_mode='off', finalization='answer_only'),debater_b:PromptSlots(reasoning_mode='direct', upstream_usage='summary', output_style='raw', verification_mode='off', finalization='answer_only'),judge:PromptSlots(reasoning_mode='direct', upstream_usage='summary', output_style='raw', verification_mode='strict', finalization='answer_only')|coder>verifier,reasoner>verifier",1.0,1.0,1.0,1.0,checker_approved_proposal,1cf850aab85f,v4_4_code_bypass_stable_anchor,use_stage1_anchor,stage1+stage2,False,0,0
mbpp:853,1,40,phase2,structure|critiq,"structure|critique_revise|critic:coder,generator:planner,reviser:debater_a|critic:PromptSlots(reasoning_mode='direct', upstream_usage='summary', output_style='raw', verification_mode='strict', finalization='answer_only'),generator:PromptSlots(reasoning_mode='stepwise', upstream_usage='summary', output_style='raw', verification_mode='off', finalization='answer_only'),reviser:PromptSlots(reasoning_mode='direct', upstream_usage='summary', output_style='raw', verification_mode='light', finalization='answer_only')|coder>debater_a,planner>coder,planner>debater_a||route_solve|aggregator:skeptic,router:planner,solver:coder|aggregator:PromptSlots(reasoning_mode='direct', upstream_usage='summary', output_style='raw', verification_mode='light', finalization='answer_only'),router:PromptSlots(reasoning_mode='direct', upstream_usage='summary', output_style='raw', verification_mode='light', finalization='answer_only'),solver:PromptSlots(reasoning_mode='stepwise', upstream_usage='summary', output_style='raw', verification_mode='off', finalization='answer_only')|coder>skeptic,planner>coder||critique_revise|critic:coder,generator:math,reviser:summarizer|critic:PromptSlots(reasoning_mode='direct', upstream_usage='summary', output_style='raw', verification_mode='strict', finalization='answer_only'),generator:PromptSlots(reasoning_mode='stepwise', upstream_usage='summary', output_style='raw', verification_mode='off', finalization='answer_only'),reviser:PromptSlots(reasoning_mode='direct', upstream_usage='summary', output_style='raw', verification_mode='light', finalization='answer_only')|coder>summarizer,math>coder,math>summarizer",1.0,1.0,1.0,1.0,stage1,1545bd3fac16,v4_4_code_bypass_stable_anchor,use_stage1_anchor,stage1,False,0,0
mbpp:853,1,40,phase3a,structure|critiq,"structure|critique_revise|critic:verifier,generator:math,reviser:planner|critic:PromptSlots(reasoning_mode='direct', upstream_usage='summary', output_style='raw', verification_mode='strict', finalization='answer_only'),generator:PromptSlots(reasoning_mode='stepwise', upstream_usage='summary', output_style='raw', verification_mode='off', finalization='answer_only'),reviser:PromptSlots(reasoning_mode='direct', upstream_usage='summary', output_style='raw', verification_mode='light', finalization='answer_only')|math>planner,math>verifier,verifier>planner||critique_revise|critic:coder,generator:math,reviser:planner|critic:PromptSlots(reasoning_mode='direct', upstream_usage='summary', output_style='raw', verification_mode='strict', finalization='answer_only'),generator:PromptSlots(reasoning_mode='stepwise', upstream_usage='summary', output_style='raw', verification_mode='off', finalization='answer_only'),reviser:PromptSlots(reasoning_mode='direct', upstream_usage='summary', output_style='raw', verification_mode='light', finalization='answer_only')|coder>planner,math>coder,math>planner||critique_revise|critic:verifier,generator:coder,reviser:planner|critic:PromptSlots(reasoning_mode='direct', upstream_usage='summary', output_style='raw', verification_mode='strict', finalization='answer_only'),generator:PromptSlots(reasoning_mode='stepwise', upstream_usage='summary', output_style='raw', verification_mode='off', finalization='answer_only'),reviser:PromptSlots(reasoning_mode='direct', upstream_usage='summary', output_style='raw', verification_mode='light', finalization='answer_only')|coder>planner,coder>verifier,verifier>planner",1.0,1.0,1.0,1.0,stage1,ad2a4aa4583e,v4_4_code_bypass_stable_anchor,use_stage1_anchor,stage1,False,0,0
mbpp:859,0,7,phase2,structure|route_,"structure|route_solve|aggregator:skeptic,router:planner,solver:coder|aggregator:PromptSlots(reasoning_mode='direct', upstream_usage='summary', output_style='raw', verification_mode='light', finalization='answer_only'),router:PromptSlots(reasoning_mode='direct', upstream_usage='summary', output_style='raw', verification_mode='light', finalization='answer_only'),solver:PromptSlots(reasoning_mode='stepwise', upstream_usage='summary', output_style='raw', verification_mode='off', finalization='answer_only')|coder>skeptic,planner>coder||route_solve|aggregator:verifier,router:summarizer,solver:coder|aggregator:PromptSlots(reasoning_mode='direct', upstream_usage='summary', output_style='raw', verification_mode='light', finalization='answer_only'),router:PromptSlots(reasoning_mode='direct', upstream_usage='summary', output_style='raw', verification_mode='light', finalization='answer_only'),solver:PromptSlots(reasoning_mode='stepwise', upstream_usage='summary', output_style='raw', verification_mode='off', finalization='answer_only')|coder>verifier,summarizer>coder||critique_revise|critic:verifier,generator:debater_a,reviser:summarizer|critic:PromptSlots(reasoning_mode='direct', upstream_usage='summary', output_style='raw', verification_mode='strict', finalization='answer_only'),generator:PromptSlots(reasoning_mode='stepwise', upstream_usage='summary', output_style='raw', verification_mode='off', finalization='answer_only'),reviser:PromptSlots(reasoning_mode='direct', upstream_usage='summary', output_style='raw', verification_mode='light', finalization='answer_only')|debater_a>summarizer,debater_a>verifier,verifier>summarizer",0.0,0.0,0.28,0.28,stage1_anchor,4b658ddc2760,v4_4_code_anchor_guard_preserve,use_stage1_anchor,stage1,False,6,2
mbpp:859,0,7,phase3a,structure|critiq,"structure|critique_revise|critic:verifier,generator:planner,reviser:summarizer|critic:PromptSlots(reasoning_mode='direct', upstream_usage='summary', output_style='raw', verification_mode='strict', finalization='answer_only'),generator:PromptSlots(reasoning_mode='stepwise', upstream_usage='summary', output_style='raw', verification_mode='off', finalization='answer_only'),reviser:PromptSlots(reasoning_mode='direct', upstream_usage='summary', output_style='raw', verification_mode='light', finalization='answer_only')|planner>summarizer,planner>verifier,verifier>summarizer||route_solve|aggregator:verifier,router:summarizer,solver:coder|aggregator:PromptSlots(reasoning_mode='direct', upstream_usage='summary', output_style='raw', verification_mode='light', finalization='answer_only'),router:PromptSlots(reasoning_mode='direct', upstream_usage='summary', output_style='raw', verification_mode='light', finalization='answer_only'),solver:PromptSlots(reasoning_mode='stepwise', upstream_usage='summary', output_style='raw', verification_mode='off', finalization='answer_only')|coder>verifier,summarizer>coder||route_solve|aggregator:summarizer,router:verifier,solver:coder|aggregator:PromptSlots(reasoning_mode='direct', upstream_usage='summary', output_style='raw', verification_mode='light', finalization='answer_only'),router:PromptSlots(reasoning_mode='direct', upstream_usage='summary', output_style='raw', verification_mode='light', finalization='answer_only'),solver:PromptSlots(reasoning_mode='stepwise', upstream_usage='summary', output_style='raw', verification_mode='off', finalization='answer_only')|coder>summarizer,verifier>coder",0.0,0.0,0.28,0.28,stage1_anchor,d8846b90e400,v4_4_code_anchor_guard_preserve,use_stage1_anchor,stage1,False,3,1
mbpp:860,2,0,phase2,structure|critiq,"structure|critique_revise|critic:coder,generator:planner,reviser:debater_a|critic:PromptSlots(reasoning_mode='direct', upstream_usage='summary', output_style='raw', verification_mode='strict', finalization='answer_only'),generator:PromptSlots(reasoning_mode='stepwise', upstream_usage='summary', output_style='raw', verification_mode='off', finalization='answer_only'),reviser:PromptSlots(reasoning_mode='direct', upstream_usage='summary', output_style='raw', verification_mode='light', finalization='answer_only')|coder>debater_a,planner>coder,planner>debater_a||critique_revise|critic:verifier,generator:coder,reviser:summarizer|critic:PromptSlots(reasoning_mode='direct', upstream_usage='summary', output_style='raw', verification_mode='strict', finalization='answer_only'),generator:PromptSlots(reasoning_mode='stepwise', upstream_usage='summary', output_style='raw', verification_mode='off', finalization='answer_only'),reviser:PromptSlots(reasoning_mode='direct', upstream_usage='summary', output_style='raw', verification_mode='light', finalization='answer_only')|coder>summarizer,coder>verifier,verifier>summarizer||critique_revise|critic:math,generator:planner,reviser:coder|critic:PromptSlots(reasoning_mode='direct', upstream_usage='summary', output_style='raw', verification_mode='strict', finalization='answer_only'),generator:PromptSlots(reasoning_mode='stepwise', upstream_usage='summary', output_style='raw', verification_mode='off', finalization='answer_only'),reviser:PromptSlots(reasoning_mode='direct', upstream_usage='summary', output_style='raw', verification_mode='light', finalization='answer_only')|math>coder,planner>coder,planner>math",1.0,1.0,1.0,1.0,stage1,3295db01c4db,v4_4_code_bypass_stable_anchor,use_stage1_anchor,stage1,False,0,0
mbpp:860,2,0,phase3a,structure|critiq,"structure|critique_revise|critic:verifier,generator:planner,reviser:summarizer|critic:PromptSlots(reasoning_mode='direct', upstream_usage='summary', output_style='raw', verification_mode='strict', finalization='answer_only'),generator:PromptSlots(reasoning_mode='stepwise', upstream_usage='summary', output_style='raw', verification_mode='off', finalization='answer_only'),reviser:PromptSlots(reasoning_mode='direct', upstream_usage='summary', output_style='raw', verification_mode='light', finalization='answer_only')|planner>summarizer,planner>verifier,verifier>summarizer||critique_revise|critic:reasoner,generator:planner,reviser:summarizer|critic:PromptSlots(reasoning_mode='direct', upstream_usage='summary', output_style='raw', verification_mode='strict', finalization='answer_only'),generator:PromptSlots(reasoning_mode='stepwise', upstream_usage='summary', output_style='raw', verification_mode='off', finalization='answer_only'),reviser:PromptSlots(reasoning_mode='direct', upstream_usage='summary', output_style='raw', verification_mode='light', finalization='answer_only')|planner>reasoner,planner>summarizer,reasoner>summarizer||critique_revise|critic:verifier,generator:planner,reviser:debater_a|critic:PromptSlots(reasoning_mode='direct', upstream_usage='summary', output_style='raw', verification_mode='strict', finalization='answer_only'),generator:PromptSlots(reasoning_mode='stepwise', upstream_usage='summary', output_style='raw', verification_mode='off', finalization='answer_only'),reviser:PromptSlots(reasoning_mode='direct', upstream_usage='summary', output_style='raw', verification_mode='light', finalization='answer_only')|planner>debater_a,planner>verifier,verifier>debater_a",1.0,1.0,1.0,1.0,stage1,373fae20fd9d,v4_4_code_bypass_stable_anchor,use_stage1_anchor,stage1,False,0,0
mbpp:864,0,1,phase2,structure|route_,"structure|route_solve|aggregator:math,router:planner,solver:researcher|aggregator:PromptSlots(reasoning_mode='direct', upstream_usage='summary', output_style='raw', verification_mode='light', finalization='answer_only'),router:PromptSlots(reasoning_mode='direct', upstream_usage='summary', output_style='raw', verification_mode='light', finalization='answer_only'),solver:PromptSlots(reasoning_mode='stepwise', upstream_usage='summary', output_style='raw', verification_mode='off', finalization='answer_only')|planner>researcher,researcher>math||solve_verify|solver:coder,verifier:verifier|solver:PromptSlots(reasoning_mode='stepwise', upstream_usage='summary', output_style='raw', verification_mode='off', finalization='answer_only'),verifier:PromptSlots(reasoning_mode='direct', upstream_usage='summary', output_style='raw', verification_mode='strict', finalization='answer_only')|coder>verifier||route_solve|aggregator:verifier,router:planner,solver:researcher|aggregator:PromptSlots(reasoning_mode='direct', upstream_usage='summary', output_style='raw', verification_mode='light', finalization='answer_only'),router:PromptSlots(reasoning_mode='direct', upstream_usage='summary', output_style='raw', verification_mode='light', finalization='answer_only'),solver:PromptSlots(reasoning_mode='stepwise', upstream_usage='summary', output_style='raw', verification_mode='off', finalization='answer_only')|planner>researcher,researcher>verifier",1.0,1.0,1.0,1.0,stage1,bcc5acda33bc,v4_4_code_bypass_stable_anchor,use_stage1_anchor,stage1,False,0,0
mbpp:864,0,1,phase3a,structure|route_,"structure|route_solve|aggregator:verifier,router:planner,solver:coder|aggregator:PromptSlots(reasoning_mode='direct', upstream_usage='summary', output_style='raw', verification_mode='light', finalization='answer_only'),router:PromptSlots(reasoning_mode='direct', upstream_usage='summary', output_style='raw', verification_mode='light', finalization='answer_only'),solver:PromptSlots(reasoning_mode='stepwise', upstream_usage='summary', output_style='raw', verification_mode='off', finalization='answer_only')|coder>verifier,planner>coder||solve_verify|solver:coder,verifier:planner|solver:PromptSlots(reasoning_mode='stepwise', upstream_usage='summary', output_style='raw', verification_mode='off', finalization='answer_only'),verifier:PromptSlots(reasoning_mode='direct', upstream_usage='summary', output_style='raw', verification_mode='strict', finalization='answer_only')|coder>planner||debate_judge|debater_a:coder,debater_b:reasoner,judge:verifier|debater_a:PromptSlots(reasoning_mode='direct', upstream_usage='summary', output_style='raw', verification_mode='off', finalization='answer_only'),debater_b:PromptSlots(reasoning_mode='direct', upstream_usage='summary', output_style='raw', verification_mode='off', finalization='answer_only'),judge:PromptSlots(reasoning_mode='direct', upstream_usage='summary', output_style='raw', verification_mode='strict', finalization='answer_only')|coder>verifier,reasoner>verifier",1.0,1.0,1.0,1.0,sink_output,1bea69465b06,v4_4_code_bypass_stable_anchor,use_stage1_anchor,stage1+stage2,False,0,0
mbpp:874,1,3,phase2,structure|route_,"structure|route_solve|aggregator:verifier,router:planner,solver:coder|aggregator:PromptSlots(reasoning_mode='direct', upstream_usage='summary', output_style='raw', verification_mode='light', finalization='answer_only'),router:PromptSlots(reasoning_mode='direct', upstream_usage='summary', output_style='raw', verification_mode='light', finalization='answer_only'),solver:PromptSlots(reasoning_mode='stepwise', upstream_usage='summary', output_style='raw', verification_mode='off', finalization='answer_only')|coder>verifier,planner>coder||parallel_vote|aggregator:coder,solver_a:planner,solver_b:reasoner|aggregator:PromptSlots(reasoning_mode='direct', upstream_usage='summary', output_style='raw', verification_mode='light', finalization='answer_only'),solver_a:PromptSlots(reasoning_mode='stepwise', upstream_usage='summary', output_style='raw', verification_mode='off', finalization='answer_only'),solver_b:PromptSlots(reasoning_mode='stepwise', upstream_usage='summary', output_style='raw', verification_mode='off', finalization='answer_only')|planner>coder,reasoner>coder||parallel_vote|aggregator:summarizer,solver_a:coder,solver_b:reasoner|aggregator:PromptSlots(reasoning_mode='direct', upstream_usage='summary', output_style='raw', verification_mode='light', finalization='answer_only'),solver_a:PromptSlots(reasoning_mode='stepwise', upstream_usage='summary', output_style='raw', verification_mode='off', finalization='answer_only'),solver_b:PromptSlots(reasoning_mode='stepwise', upstream_usage='summary', output_style='raw', verification_mode='off', finalization='answer_only')|coder>summarizer,reasoner>summarizer",1.0,1.0,1.0,1.0,stage1,62411ac5eac9,v4_4_code_bypass_stable_anchor,use_stage1_anchor,stage1,False,0,0
mbpp:874,1,3,phase3a,structure|route_,"structure|route_solve|aggregator:verifier,router:planner,solver:coder|aggregator:PromptSlots(reasoning_mode='direct', upstream_usage='summary', output_style='raw', verification_mode='light', finalization='answer_only'),router:PromptSlots(reasoning_mode='direct', upstream_usage='summary', output_style='raw', verification_mode='light', finalization='answer_only'),solver:PromptSlots(reasoning_mode='stepwise', upstream_usage='summary', output_style='raw', verification_mode='off', finalization='answer_only')|coder>verifier,planner>coder||parallel_vote|aggregator:coder,solver_a:planner,solver_b:reasoner|aggregator:PromptSlots(reasoning_mode='direct', upstream_usage='summary', output_style='raw', verification_mode='light', finalization='answer_only'),solver_a:PromptSlots(reasoning_mode='stepwise', upstream_usage='summary', output_style='raw', verification_mode='off', finalization='answer_only'),solver_b:PromptSlots(reasoning_mode='stepwise', upstream_usage='summary', output_style='raw', verification_mode='off', finalization='answer_only')|planner>coder,reasoner>coder||parallel_vote|aggregator:researcher,solver_a:coder,solver_b:reasoner|aggregator:PromptSlots(reasoning_mode='direct', upstream_usage='summary', output_style='raw', verification_mode='light', finalization='answer_only'),solver_a:PromptSlots(reasoning_mode='stepwise', upstream_usage='summary', output_style='raw', verification_mode='off', finalization='answer_only'),solver_b:PromptSlots(reasoning_mode='stepwise', upstream_usage='summary', output_style='raw', verification_mode='off', finalization='answer_only')|coder>researcher,reasoner>researcher",1.0,1.0,1.0,1.0,stage1,d98a963bc8bf,v4_4_code_bypass_stable_anchor,use_stage1_anchor,stage1,False,0,0
mbpp:875,2,29,phase2,structure|parall,"structure|parallel_vote|aggregator:researcher,solver_a:planner,solver_b:reasoner|aggregator:PromptSlots(reasoning_mode='direct', upstream_usage='summary', output_style='raw', verification_mode='light', finalization='answer_only'),solver_a:PromptSlots(reasoning_mode='stepwise', upstream_usage='summary', output_style='raw', verification_mode='off', finalization='answer_only'),solver_b:PromptSlots(reasoning_mode='stepwise', upstream_usage='summary', output_style='raw', verification_mode='off', finalization='answer_only')|planner>researcher,reasoner>researcher||route_solve|aggregator:verifier,router:researcher,solver:coder|aggregator:PromptSlots(reasoning_mode='direct', upstream_usage='summary', output_style='raw', verification_mode='light', finalization='answer_only'),router:PromptSlots(reasoning_mode='direct', upstream_usage='summary', output_style='raw', verification_mode='light', finalization='answer_only'),solver:PromptSlots(reasoning_mode='stepwise', upstream_usage='summary', output_style='raw', verification_mode='off', finalization='answer_only')|coder>verifier,researcher>coder||critique_revise|critic:coder,generator:planner,reviser:summarizer|critic:PromptSlots(reasoning_mode='direct', upstream_usage='summary', output_style='raw', verification_mode='strict', finalization='answer_only'),generator:PromptSlots(reasoning_mode='stepwise', upstream_usage='summary', output_style='raw', verification_mode='off', finalization='answer_only'),reviser:PromptSlots(reasoning_mode='direct', upstream_usage='summary', output_style='raw', verification_mode='light', finalization='answer_only')|coder>summarizer,planner>coder,planner>summarizer",1.0,1.0,1.0,1.0,sink_output,138569a09619,v4_4_code_bypass_stable_anchor,use_stage1_anchor,stage1+stage2,False,0,0
mbpp:875,2,29,phase3a,structure|critiq,"structure|critique_revise|critic:verifier,generator:planner,reviser:coder|critic:PromptSlots(reasoning_mode='direct', upstream_usage='summary', output_style='raw', verification_mode='strict', finalization='answer_only'),generator:PromptSlots(reasoning_mode='stepwise', upstream_usage='summary', output_style='raw', verification_mode='off', finalization='answer_only'),reviser:PromptSlots(reasoning_mode='direct', upstream_usage='summary', output_style='raw', verification_mode='light', finalization='answer_only')|planner>coder,planner>verifier,verifier>coder||route_solve|aggregator:skeptic,router:planner,solver:coder|aggregator:PromptSlots(reasoning_mode='direct', upstream_usage='summary', output_style='raw', verification_mode='light', finalization='answer_only'),router:PromptSlots(reasoning_mode='direct', upstream_usage='summary', output_style='raw', verification_mode='light', finalization='answer_only'),solver:PromptSlots(reasoning_mode='stepwise', upstream_usage='summary', output_style='raw', verification_mode='off', finalization='answer_only')|coder>skeptic,planner>coder||solve_verify|solver:planner,verifier:verifier|solver:PromptSlots(reasoning_mode='stepwise', upstream_usage='summary', output_style='raw', verification_mode='off', finalization='answer_only'),verifier:PromptSlots(reasoning_mode='direct', upstream_usage='summary', output_style='raw', verification_mode='strict', finalization='answer_only')|planner>verifier",1.0,1.0,1.0,1.0,sink_output,138569a09619,v4_4_code_bypass_stable_anchor,use_stage1_anchor,stage1+stage2,False,0,0
mbpp:88,1,25,phase2,structure|solve_,"structure|solve_verify|solver:planner,verifier:verifier|solver:PromptSlots(reasoning_mode='stepwise', upstream_usage='summary', output_style='raw', verification_mode='off', finalization='answer_only'),verifier:PromptSlots(reasoning_mode='direct', upstream_usage='summary', output_style='raw', verification_mode='strict', finalization='answer_only')|planner>verifier||solve_verify|solver:planner,verifier:coder|solver:PromptSlots(reasoning_mode='stepwise', upstream_usage='summary', output_style='raw', verification_mode='off', finalization='answer_only'),verifier:PromptSlots(reasoning_mode='direct', upstream_usage='summary', output_style='raw', verification_mode='strict', finalization='answer_only')|planner>coder||solve_verify|solver:planner,verifier:researcher|solver:PromptSlots(reasoning_mode='stepwise', upstream_usage='summary', output_style='raw', verification_mode='off', finalization='answer_only'),verifier:PromptSlots(reasoning_mode='direct', upstream_usage='summary', output_style='raw', verification_mode='strict', finalization='answer_only')|planner>researcher",1.0,1.0,1.0,1.0,stage1,06fc77b1ff44,v4_4_code_bypass_stable_anchor,use_stage1_anchor,stage1,False,0,0
mbpp:88,1,25,phase3a,structure|critiq,"structure|critique_revise|critic:verifier,generator:planner,reviser:coder|critic:PromptSlots(reasoning_mode='direct', upstream_usage='summary', output_style='raw', verification_mode='strict', finalization='answer_only'),generator:PromptSlots(reasoning_mode='stepwise', upstream_usage='summary', output_style='raw', verification_mode='off', finalization='answer_only'),reviser:PromptSlots(reasoning_mode='direct', upstream_usage='summary', output_style='raw', verification_mode='light', finalization='answer_only')|planner>coder,planner>verifier,verifier>coder||route_solve|aggregator:verifier,router:planner,solver:coder|aggregator:PromptSlots(reasoning_mode='direct', upstream_usage='summary', output_style='raw', verification_mode='light', finalization='answer_only'),router:PromptSlots(reasoning_mode='direct', upstream_usage='summary', output_style='raw', verification_mode='light', finalization='answer_only'),solver:PromptSlots(reasoning_mode='stepwise', upstream_usage='summary', output_style='raw', verification_mode='off', finalization='answer_only')|coder>verifier,planner>coder||critique_revise|critic:coder,generator:planner,reviser:researcher|critic:PromptSlots(reasoning_mode='direct', upstream_usage='summary', output_style='raw', verification_mode='strict', finalization='answer_only'),generator:PromptSlots(reasoning_mode='stepwise', upstream_usage='summary', output_style='raw', verification_mode='off', finalization='answer_only'),reviser:PromptSlots(reasoning_mode='direct', upstream_usage='summary', output_style='raw', verification_mode='light', finalization='answer_only')|coder>researcher,planner>coder,planner>researcher",1.0,1.0,1.0,1.0,stage1,06fc77b1ff44,v4_4_code_bypass_stable_anchor,use_stage1_anchor,stage1,False,0,0
mbpp:888,2,1,phase2,structure|debate,"structure|debate_judge|debater_a:coder,debater_b:planner,judge:math|debater_a:PromptSlots(reasoning_mode='direct', upstream_usage='summary', output_style='raw', verification_mode='off', finalization='answer_only'),debater_b:PromptSlots(reasoning_mode='direct', upstream_usage='summary', output_style='raw', verification_mode='off', finalization='answer_only'),judge:PromptSlots(reasoning_mode='direct', upstream_usage='summary', output_style='raw', verification_mode='strict', finalization='answer_only')|coder>math,planner>math||route_solve|aggregator:summarizer,router:planner,solver:coder|aggregator:PromptSlots(reasoning_mode='direct', upstream_usage='summary', output_style='raw', verification_mode='light', finalization='answer_only'),router:PromptSlots(reasoning_mode='direct', upstream_usage='summary', output_style='raw', verification_mode='light', finalization='answer_only'),solver:PromptSlots(reasoning_mode='stepwise', upstream_usage='summary', output_style='raw', verification_mode='off', finalization='answer_only')|coder>summarizer,planner>coder||solve_verify|solver:planner,verifier:coder|solver:PromptSlots(reasoning_mode='stepwise', upstream_usage='summary', output_style='raw', verification_mode='off', finalization='answer_only'),verifier:PromptSlots(reasoning_mode='direct', upstream_usage='summary', output_style='raw', verification_mode='strict', finalization='answer_only')|planner>coder",1.0,1.0,1.0,1.0,stage1,3eac44feb1e3,v4_4_code_bypass_stable_anchor,use_stage1_anchor,stage1,False,0,0
mbpp:888,2,1,phase3a,structure|route_,"structure|route_solve|aggregator:skeptic,router:planner,solver:coder|aggregator:PromptSlots(reasoning_mode='direct', upstream_usage='summary', output_style='raw', verification_mode='light', finalization='answer_only'),router:PromptSlots(reasoning_mode='direct', upstream_usage='summary', output_style='raw', verification_mode='light', finalization='answer_only'),solver:PromptSlots(reasoning_mode='stepwise', upstream_usage='summary', output_style='raw', verification_mode='off', finalization='answer_only')|coder>skeptic,planner>coder||solve_verify|solver:planner,verifier:verifier|solver:PromptSlots(reasoning_mode='stepwise', upstream_usage='summary', output_style='raw', verification_mode='off', finalization='answer_only'),verifier:PromptSlots(reasoning_mode='direct', upstream_usage='summary', output_style='raw', verification_mode='strict', finalization='answer_only')|planner>verifier||debate_judge|debater_a:coder,debater_b:reasoner,judge:verifier|debater_a:PromptSlots(reasoning_mode='direct', upstream_usage='summary', output_style='raw', verification_mode='off', finalization='answer_only'),debater_b:PromptSlots(reasoning_mode='direct', upstream_usage='summary', output_style='raw', verification_mode='off', finalization='answer_only'),judge:PromptSlots(reasoning_mode='direct', upstream_usage='summary', output_style='raw', verification_mode='strict', finalization='answer_only')|coder>verifier,reasoner>verifier",1.0,1.0,1.0,1.0,stage1,72c676de340e,v4_4_code_bypass_stable_anchor,use_stage1_anchor,stage1,False,0,0
mbpp:893,2,49,phase2,structure|solve_,"structure|solve_verify|solver:planner,verifier:researcher|solver:PromptSlots(reasoning_mode='stepwise', upstream_usage='summary', output_style='raw', verification_mode='off', finalization='answer_only'),verifier:PromptSlots(reasoning_mode='direct', upstream_usage='summary', output_style='raw', verification_mode='strict', finalization='answer_only')|planner>researcher||solve_verify|solver:planner,verifier:verifier|solver:PromptSlots(reasoning_mode='stepwise', upstream_usage='summary', output_style='raw', verification_mode='off', finalization='answer_only'),verifier:PromptSlots(reasoning_mode='direct', upstream_usage='summary', output_style='raw', verification_mode='strict', finalization='answer_only')|planner>verifier||solve_verify|solver:researcher,verifier:coder|solver:PromptSlots(reasoning_mode='stepwise', upstream_usage='summary', output_style='raw', verification_mode='off', finalization='answer_only'),verifier:PromptSlots(reasoning_mode='direct', upstream_usage='summary', output_style='raw', verification_mode='strict', finalization='answer_only')|researcher>coder",1.0,1.0,1.0,1.0,checker_approved_proposal,6f36a5a9913b,v4_4_code_bypass_stable_anchor,use_stage1_anchor,stage1+stage2,False,0,0
mbpp:893,2,49,phase3a,structure|solve_,"structure|solve_verify|solver:planner,verifier:summarizer|solver:PromptSlots(reasoning_mode='stepwise', upstream_usage='summary', output_style='raw', verification_mode='off', finalization='answer_only'),verifier:PromptSlots(reasoning_mode='direct', upstream_usage='summary', output_style='raw', verification_mode='strict', finalization='answer_only')|planner>summarizer||solve_verify|solver:planner,verifier:coder|solver:PromptSlots(reasoning_mode='stepwise', upstream_usage='summary', output_style='raw', verification_mode='off', finalization='answer_only'),verifier:PromptSlots(reasoning_mode='direct', upstream_usage='summary', output_style='raw', verification_mode='strict', finalization='answer_only')|planner>coder||route_solve|aggregator:researcher,router:planner,solver:coder|aggregator:PromptSlots(reasoning_mode='direct', upstream_usage='summary', output_style='raw', verification_mode='light', finalization='answer_only'),router:PromptSlots(reasoning_mode='direct', upstream_usage='summary', output_style='raw', verification_mode='light', finalization='answer_only'),solver:PromptSlots(reasoning_mode='stepwise', upstream_usage='summary', output_style='raw', verification_mode='off', finalization='answer_only')|coder>researcher,planner>coder",1.0,1.0,1.0,1.0,sink_output,6f36a5a9913b,v4_4_code_bypass_stable_anchor,use_stage1_anchor,stage1+stage2,False,0,0
mbpp:899,2,51,phase2,structure|critiq,"structure|critique_revise|critic:coder,generator:planner,reviser:summarizer|critic:PromptSlots(reasoning_mode='direct', upstream_usage='summary', output_style='raw', verification_mode='strict', finalization='answer_only'),generator:PromptSlots(reasoning_mode='stepwise', upstream_usage='summary', output_style='raw', verification_mode='off', finalization='answer_only'),reviser:PromptSlots(reasoning_mode='direct', upstream_usage='summary', output_style='raw', verification_mode='light', finalization='answer_only')|coder>summarizer,planner>coder,planner>summarizer||critique_revise|critic:verifier,generator:researcher,reviser:coder|critic:PromptSlots(reasoning_mode='direct', upstream_usage='summary', output_style='raw', verification_mode='strict', finalization='answer_only'),generator:PromptSlots(reasoning_mode='stepwise', upstream_usage='summary', output_style='raw', verification_mode='off', finalization='answer_only'),reviser:PromptSlots(reasoning_mode='direct', upstream_usage='summary', output_style='raw', verification_mode='light', finalization='answer_only')|researcher>coder,researcher>verifier,verifier>coder||critique_revise|critic:coder,generator:researcher,reviser:planner|critic:PromptSlots(reasoning_mode='direct', upstream_usage='summary', output_style='raw', verification_mode='strict', finalization='answer_only'),generator:PromptSlots(reasoning_mode='stepwise', upstream_usage='summary', output_style='raw', verification_mode='off', finalization='answer_only'),reviser:PromptSlots(reasoning_mode='direct', upstream_usage='summary', output_style='raw', verification_mode='light', finalization='answer_only')|coder>planner,researcher>coder,researcher>planner",1.0,1.0,1.0,1.0,stage1,d547e5e16928,v4_4_code_bypass_stable_anchor,use_stage1_anchor,stage1,False,0,0
mbpp:899,2,51,phase3a,structure|debate,"structure|debate_judge|debater_a:coder,debater_b:planner,judge:researcher|debater_a:PromptSlots(reasoning_mode='direct', upstream_usage='summary', output_style='raw', verification_mode='off', finalization='answer_only'),debater_b:PromptSlots(reasoning_mode='direct', upstream_usage='summary', output_style='raw', verification_mode='off', finalization='answer_only'),judge:PromptSlots(reasoning_mode='direct', upstream_usage='summary', output_style='raw', verification_mode='strict', finalization='answer_only')|coder>researcher,planner>researcher||critique_revise|critic:verifier,generator:coder,reviser:summarizer|critic:PromptSlots(reasoning_mode='direct', upstream_usage='summary', output_style='raw', verification_mode='strict', finalization='answer_only'),generator:PromptSlots(reasoning_mode='stepwise', upstream_usage='summary', output_style='raw', verification_mode='off', finalization='answer_only'),reviser:PromptSlots(reasoning_mode='direct', upstream_usage='summary', output_style='raw', verification_mode='light', finalization='answer_only')|coder>summarizer,coder>verifier,verifier>summarizer||parallel_vote|aggregator:coder,solver_a:planner,solver_b:reasoner|aggregator:PromptSlots(reasoning_mode='direct', upstream_usage='summary', output_style='raw', verification_mode='light', finalization='answer_only'),solver_a:PromptSlots(reasoning_mode='stepwise', upstream_usage='summary', output_style='raw', verification_mode='off', finalization='answer_only'),solver_b:PromptSlots(reasoning_mode='stepwise', upstream_usage='summary', output_style='raw', verification_mode='off', finalization='answer_only')|planner>coder,reasoner>coder",1.0,1.0,1.0,1.0,stage1,48711f31b380,v4_4_code_bypass_stable_anchor,use_stage1_anchor,stage1,False,0,0
mbpp:90,2,12,phase2,structure|critiq,"structure|critique_revise|critic:coder,generator:reasoner,reviser:planner|critic:PromptSlots(reasoning_mode='direct', upstream_usage='summary', output_style='raw', verification_mode='strict', finalization='answer_only'),generator:PromptSlots(reasoning_mode='stepwise', upstream_usage='summary', output_style='raw', verification_mode='off', finalization='answer_only'),reviser:PromptSlots(reasoning_mode='direct', upstream_usage='summary', output_style='raw', verification_mode='light', finalization='answer_only')|coder>planner,reasoner>coder,reasoner>planner||solve_verify|solver:planner,verifier:verifier|solver:PromptSlots(reasoning_mode='stepwise', upstream_usage='summary', output_style='raw', verification_mode='off', finalization='answer_only'),verifier:PromptSlots(reasoning_mode='direct', upstream_usage='summary', output_style='raw', verification_mode='strict', finalization='answer_only')|planner>verifier||critique_revise|critic:verifier,generator:coder,reviser:summarizer|critic:PromptSlots(reasoning_mode='direct', upstream_usage='summary', output_style='raw', verification_mode='strict', finalization='answer_only'),generator:PromptSlots(reasoning_mode='stepwise', upstream_usage='summary', output_style='raw', verification_mode='off', finalization='answer_only'),reviser:PromptSlots(reasoning_mode='direct', upstream_usage='summary', output_style='raw', verification_mode='light', finalization='answer_only')|coder>summarizer,coder>verifier,verifier>summarizer",1.0,1.0,1.0,1.0,sink_output,28a5862957c3,v4_4_code_bypass_stable_anchor,use_stage1_anchor,stage1+stage2,False,0,0
mbpp:90,2,12,phase3a,structure|parall,"structure|parallel_vote|aggregator:coder,solver_a:planner,solver_b:reasoner|aggregator:PromptSlots(reasoning_mode='direct', upstream_usage='summary', output_style='raw', verification_mode='light', finalization='answer_only'),solver_a:PromptSlots(reasoning_mode='stepwise', upstream_usage='summary', output_style='raw', verification_mode='off', finalization='answer_only'),solver_b:PromptSlots(reasoning_mode='stepwise', upstream_usage='summary', output_style='raw', verification_mode='off', finalization='answer_only')|planner>coder,reasoner>coder||solve_verify|solver:planner,verifier:verifier|solver:PromptSlots(reasoning_mode='stepwise', upstream_usage='summary', output_style='raw', verification_mode='off', finalization='answer_only'),verifier:PromptSlots(reasoning_mode='direct', upstream_usage='summary', output_style='raw', verification_mode='strict', finalization='answer_only')|planner>verifier||route_solve|aggregator:math,router:planner,solver:coder|aggregator:PromptSlots(reasoning_mode='direct', upstream_usage='summary', output_style='raw', verification_mode='light', finalization='answer_only'),router:PromptSlots(reasoning_mode='direct', upstream_usage='summary', output_style='raw', verification_mode='light', finalization='answer_only'),solver:PromptSlots(reasoning_mode='stepwise', upstream_usage='summary', output_style='raw', verification_mode='off', finalization='answer_only')|coder>math,planner>coder",1.0,1.0,1.0,1.0,stage1,28a5862957c3,v4_4_code_bypass_stable_anchor,use_stage1_anchor,stage1,False,0,0
mbpp:901,1,59,phase2,structure|critiq,"structure|critique_revise|critic:verifier,generator:researcher,reviser:coder|critic:PromptSlots(reasoning_mode='direct', upstream_usage='summary', output_style='raw', verification_mode='strict', finalization='answer_only'),generator:PromptSlots(reasoning_mode='stepwise', upstream_usage='summary', output_style='raw', verification_mode='off', finalization='answer_only'),reviser:PromptSlots(reasoning_mode='direct', upstream_usage='summary', output_style='raw', verification_mode='light', finalization='answer_only')|researcher>coder,researcher>verifier,verifier>coder||critique_revise|critic:coder,generator:planner,reviser:summarizer|critic:PromptSlots(reasoning_mode='direct', upstream_usage='summary', output_style='raw', verification_mode='strict', finalization='answer_only'),generator:PromptSlots(reasoning_mode='stepwise', upstream_usage='summary', output_style='raw', verification_mode='off', finalization='answer_only'),reviser:PromptSlots(reasoning_mode='direct', upstream_usage='summary', output_style='raw', verification_mode='light', finalization='answer_only')|coder>summarizer,planner>coder,planner>summarizer||critique_revise|critic:coder,generator:verifier,reviser:researcher|critic:PromptSlots(reasoning_mode='direct', upstream_usage='summary', output_style='raw', verification_mode='strict', finalization='answer_only'),generator:PromptSlots(reasoning_mode='stepwise', upstream_usage='summary', output_style='raw', verification_mode='off', finalization='answer_only'),reviser:PromptSlots(reasoning_mode='direct', upstream_usage='summary', output_style='raw', verification_mode='light', finalization='answer_only')|coder>researcher,verifier>coder,verifier>researcher",1.0,1.0,1.0,1.0,stage1,f238673bceb4,v4_4_code_bypass_stable_anchor,use_stage1_anchor,stage1,False,0,0
mbpp:901,1,59,phase3a,structure|critiq,"structure|critique_revise|critic:verifier,generator:math,reviser:coder|critic:PromptSlots(reasoning_mode='direct', upstream_usage='summary', output_style='raw', verification_mode='strict', finalization='answer_only'),generator:PromptSlots(reasoning_mode='stepwise', upstream_usage='summary', output_style='raw', verification_mode='off', finalization='answer_only'),reviser:PromptSlots(reasoning_mode='direct', upstream_usage='summary', output_style='raw', verification_mode='light', finalization='answer_only')|math>coder,math>verifier,verifier>coder||critique_revise|critic:coder,generator:planner,reviser:researcher|critic:PromptSlots(reasoning_mode='direct', upstream_usage='summary', output_style='raw', verification_mode='strict', finalization='answer_only'),generator:PromptSlots(reasoning_mode='stepwise', upstream_usage='summary', output_style='raw', verification_mode='off', finalization='answer_only'),reviser:PromptSlots(reasoning_mode='direct', upstream_usage='summary', output_style='raw', verification_mode='light', finalization='answer_only')|coder>researcher,planner>coder,planner>researcher||critique_revise|critic:verifier,generator:planner,reviser:summarizer|critic:PromptSlots(reasoning_mode='direct', upstream_usage='summary', output_style='raw', verification_mode='strict', finalization='answer_only'),generator:PromptSlots(reasoning_mode='stepwise', upstream_usage='summary', output_style='raw', verification_mode='off', finalization='answer_only'),reviser:PromptSlots(reasoning_mode='direct', upstream_usage='summary', output_style='raw', verification_mode='light', finalization='answer_only')|planner>summarizer,planner>verifier,verifier>summarizer",1.0,1.0,1.0,1.0,sink_output,ce461273096e,v4_4_code_bypass_stable_anchor,use_stage1_anchor,stage1+stage2,False,0,0
mbpp:902,1,21,phase2,structure|critiq,"structure|critique_revise|critic:verifier,generator:coder,reviser:math|critic:PromptSlots(reasoning_mode='direct', upstream_usage='summary', output_style='raw', verification_mode='strict', finalization='answer_only'),generator:PromptSlots(reasoning_mode='stepwise', upstream_usage='summary', output_style='raw', verification_mode='off', finalization='answer_only'),reviser:PromptSlots(reasoning_mode='direct', upstream_usage='summary', output_style='raw', verification_mode='light', finalization='answer_only')|coder>math,coder>verifier,verifier>math||critique_revise|critic:researcher,generator:planner,reviser:coder|critic:PromptSlots(reasoning_mode='direct', upstream_usage='summary', output_style='raw', verification_mode='strict', finalization='answer_only'),generator:PromptSlots(reasoning_mode='stepwise', upstream_usage='summary', output_style='raw', verification_mode='off', finalization='answer_only'),reviser:PromptSlots(reasoning_mode='direct', upstream_usage='summary', output_style='raw', verification_mode='light', finalization='answer_only')|planner>coder,planner>researcher,researcher>coder||critique_revise|critic:verifier,generator:planner,reviser:summarizer|critic:PromptSlots(reasoning_mode='direct', upstream_usage='summary', output_style='raw', verification_mode='strict', finalization='answer_only'),generator:PromptSlots(reasoning_mode='stepwise', upstream_usage='summary', output_style='raw', verification_mode='off', finalization='answer_only'),reviser:PromptSlots(reasoning_mode='direct', upstream_usage='summary', output_style='raw', verification_mode='light', finalization='answer_only')|planner>summarizer,planner>verifier,verifier>summarizer",1.0,1.0,1.0,1.0,stage1,dc410504359c,v4_4_code_bypass_stable_anchor,use_stage1_anchor,stage1,False,0,0
mbpp:902,1,21,phase3a,structure|critiq,"structure|critique_revise|critic:coder,generator:math,reviser:planner|critic:PromptSlots(reasoning_mode='direct', upstream_usage='summary', output_style='raw', verification_mode='strict', finalization='answer_only'),generator:PromptSlots(reasoning_mode='stepwise', upstream_usage='summary', output_style='raw', verification_mode='off', finalization='answer_only'),reviser:PromptSlots(reasoning_mode='direct', upstream_usage='summary', output_style='raw', verification_mode='light', finalization='answer_only')|coder>planner,math>coder,math>planner||critique_revise|critic:verifier,generator:coder,reviser:math|critic:PromptSlots(reasoning_mode='direct', upstream_usage='summary', output_style='raw', verification_mode='strict', finalization='answer_only'),generator:PromptSlots(reasoning_mode='stepwise', upstream_usage='summary', output_style='raw', verification_mode='off', finalization='answer_only'),reviser:PromptSlots(reasoning_mode='direct', upstream_usage='summary', output_style='raw', verification_mode='light', finalization='answer_only')|coder>math,coder>verifier,verifier>math||critique_revise|critic:coder,generator:verifier,reviser:researcher|critic:PromptSlots(reasoning_mode='direct', upstream_usage='summary', output_style='raw', verification_mode='strict', finalization='answer_only'),generator:PromptSlots(reasoning_mode='stepwise', upstream_usage='summary', output_style='raw', verification_mode='off', finalization='answer_only'),reviser:PromptSlots(reasoning_mode='direct', upstream_usage='summary', output_style='raw', verification_mode='light', finalization='answer_only')|coder>researcher,verifier>coder,verifier>researcher",1.0,1.0,1.0,1.0,stage1,dc410504359c,v4_4_code_bypass_stable_anchor,use_stage1_anchor,stage1,False,0,0
mbpp:907,0,33,phase2,structure|critiq,"structure|critique_revise|critic:coder,generator:math,reviser:planner|critic:PromptSlots(reasoning_mode='direct', upstream_usage='summary', output_style='raw', verification_mode='strict', finalization='answer_only'),generator:PromptSlots(reasoning_mode='stepwise', upstream_usage='summary', output_style='raw', verification_mode='off', finalization='answer_only'),reviser:PromptSlots(reasoning_mode='direct', upstream_usage='summary', output_style='raw', verification_mode='light', finalization='answer_only')|coder>planner,math>coder,math>planner||route_solve|aggregator:verifier,router:planner,solver:coder|aggregator:PromptSlots(reasoning_mode='direct', upstream_usage='summary', output_style='raw', verification_mode='light', finalization='answer_only'),router:PromptSlots(reasoning_mode='direct', upstream_usage='summary', output_style='raw', verification_mode='light', finalization='answer_only'),solver:PromptSlots(reasoning_mode='stepwise', upstream_usage='summary', output_style='raw', verification_mode='off', finalization='answer_only')|coder>verifier,planner>coder||parallel_vote|aggregator:verifier,solver_a:planner,solver_b:reasoner|aggregator:PromptSlots(reasoning_mode='direct', upstream_usage='summary', output_style='raw', verification_mode='light', finalization='answer_only'),solver_a:PromptSlots(reasoning_mode='stepwise', upstream_usage='summary', output_style='raw', verification_mode='off', finalization='answer_only'),solver_b:PromptSlots(reasoning_mode='stepwise', upstream_usage='summary', output_style='raw', verification_mode='off', finalization='answer_only')|planner>verifier,reasoner>verifier",0.0,0.0,0.3,0.3,stage1_anchor,f3c4bb4df54d,v4_4_code_anchor_guard_preserve,use_stage1_anchor,stage1,False,3,1
mbpp:907,0,33,phase3a,structure|critiq,"structure|critique_revise|critic:planner,generator:math,reviser:summarizer|critic:PromptSlots(reasoning_mode='direct', upstream_usage='summary', output_style='raw', verification_mode='strict', finalization='answer_only'),generator:PromptSlots(reasoning_mode='stepwise', upstream_usage='summary', output_style='raw', verification_mode='off', finalization='answer_only'),reviser:PromptSlots(reasoning_mode='direct', upstream_usage='summary', output_style='raw', verification_mode='light', finalization='answer_only')|math>planner,math>summarizer,planner>summarizer||route_solve|aggregator:verifier,router:planner,solver:coder|aggregator:PromptSlots(reasoning_mode='direct', upstream_usage='summary', output_style='raw', verification_mode='light', finalization='answer_only'),router:PromptSlots(reasoning_mode='direct', upstream_usage='summary', output_style='raw', verification_mode='light', finalization='answer_only'),solver:PromptSlots(reasoning_mode='stepwise', upstream_usage='summary', output_style='raw', verification_mode='off', finalization='answer_only')|coder>verifier,planner>coder||critique_revise|critic:coder,generator:math,reviser:planner|critic:PromptSlots(reasoning_mode='direct', upstream_usage='summary', output_style='raw', verification_mode='strict', finalization='answer_only'),generator:PromptSlots(reasoning_mode='stepwise', upstream_usage='summary', output_style='raw', verification_mode='off', finalization='answer_only'),reviser:PromptSlots(reasoning_mode='direct', upstream_usage='summary', output_style='raw', verification_mode='light', finalization='answer_only')|coder>planner,math>coder,math>planner",0.0,0.0,0.28,0.28,stage1_anchor,24e193e9570c,v4_4_code_anchor_guard_preserve,use_stage1_anchor,stage1,False,3,1
mbpp:922,2,34,phase2,structure|critiq,"structure|critique_revise|critic:verifier,generator:planner,reviser:coder|critic:PromptSlots(reasoning_mode='direct', upstream_usage='summary', output_style='raw', verification_mode='strict', finalization='answer_only'),generator:PromptSlots(reasoning_mode='stepwise', upstream_usage='summary', output_style='raw', verification_mode='off', finalization='answer_only'),reviser:PromptSlots(reasoning_mode='direct', upstream_usage='summary', output_style='raw', verification_mode='light', finalization='answer_only')|planner>coder,planner>verifier,verifier>coder||route_solve|aggregator:verifier,router:planner,solver:coder|aggregator:PromptSlots(reasoning_mode='direct', upstream_usage='summary', output_style='raw', verification_mode='light', finalization='answer_only'),router:PromptSlots(reasoning_mode='direct', upstream_usage='summary', output_style='raw', verification_mode='light', finalization='answer_only'),solver:PromptSlots(reasoning_mode='stepwise', upstream_usage='summary', output_style='raw', verification_mode='off', finalization='answer_only')|coder>verifier,planner>coder||critique_revise|critic:verifier,generator:coder,reviser:summarizer|critic:PromptSlots(reasoning_mode='direct', upstream_usage='summary', output_style='raw', verification_mode='strict', finalization='answer_only'),generator:PromptSlots(reasoning_mode='stepwise', upstream_usage='summary', output_style='raw', verification_mode='off', finalization='answer_only'),reviser:PromptSlots(reasoning_mode='direct', upstream_usage='summary', output_style='raw', verification_mode='light', finalization='answer_only')|coder>summarizer,coder>verifier,verifier>summarizer",1.0,1.0,1.0,1.0,stage1,95ea0683612f,v4_4_code_bypass_stable_anchor,use_stage1_anchor,stage1,False,0,0
mbpp:922,2,34,phase3a,structure|critiq,"structure|critique_revise|critic:coder,generator:reasoner,reviser:summarizer|critic:PromptSlots(reasoning_mode='direct', upstream_usage='summary', output_style='raw', verification_mode='strict', finalization='answer_only'),generator:PromptSlots(reasoning_mode='stepwise', upstream_usage='summary', output_style='raw', verification_mode='off', finalization='answer_only'),reviser:PromptSlots(reasoning_mode='direct', upstream_usage='summary', output_style='raw', verification_mode='light', finalization='answer_only')|coder>summarizer,reasoner>coder,reasoner>summarizer||route_solve|aggregator:verifier,router:planner,solver:coder|aggregator:PromptSlots(reasoning_mode='direct', upstream_usage='summary', output_style='raw', verification_mode='light', finalization='answer_only'),router:PromptSlots(reasoning_mode='direct', upstream_usage='summary', output_style='raw', verification_mode='light', finalization='answer_only'),solver:PromptSlots(reasoning_mode='stepwise', upstream_usage='summary', output_style='raw', verification_mode='off', finalization='answer_only')|coder>verifier,planner>coder||critique_revise|critic:verifier,generator:reasoner,reviser:planner|critic:PromptSlots(reasoning_mode='direct', upstream_usage='summary', output_style='raw', verification_mode='strict', finalization='answer_only'),generator:PromptSlots(reasoning_mode='stepwise', upstream_usage='summary', output_style='raw', verification_mode='off', finalization='answer_only'),reviser:PromptSlots(reasoning_mode='direct', upstream_usage='summary', output_style='raw', verification_mode='light', finalization='answer_only')|reasoner>planner,reasoner>verifier,verifier>planner",0.0,0.0,0.28,0.76,sink_output,77ea89d65b84,v4_4_code_override_verified_class,use_stage2_protocol,stage2,False,3,1
mbpp:939,0,22,phase2,structure|route_,"structure|route_solve|aggregator:verifier,router:planner,solver:coder|aggregator:PromptSlots(reasoning_mode='direct', upstream_usage='summary', output_style='raw', verification_mode='light', finalization='answer_only'),router:PromptSlots(reasoning_mode='direct', upstream_usage='summary', output_style='raw', verification_mode='light', finalization='answer_only'),solver:PromptSlots(reasoning_mode='stepwise', upstream_usage='summary', output_style='raw', verification_mode='off', finalization='answer_only')|coder>verifier,planner>coder||critique_revise|critic:verifier,generator:coder,reviser:summarizer|critic:PromptSlots(reasoning_mode='direct', upstream_usage='summary', output_style='raw', verification_mode='strict', finalization='answer_only'),generator:PromptSlots(reasoning_mode='stepwise', upstream_usage='summary', output_style='raw', verification_mode='off', finalization='answer_only'),reviser:PromptSlots(reasoning_mode='direct', upstream_usage='summary', output_style='raw', verification_mode='light', finalization='answer_only')|coder>summarizer,coder>verifier,verifier>summarizer||solve_verify|solver:planner,verifier:coder|solver:PromptSlots(reasoning_mode='stepwise', upstream_usage='summary', output_style='raw', verification_mode='off', finalization='answer_only'),verifier:PromptSlots(reasoning_mode='direct', upstream_usage='summary', output_style='raw', verification_mode='strict', finalization='answer_only')|planner>coder",1.0,1.0,1.0,1.0,sink_output,8bcaf1c2aa58,v4_4_code_bypass_stable_anchor,use_stage1_anchor,stage1+stage2,False,0,0
mbpp:939,0,22,phase3a,structure|route_,"structure|route_solve|aggregator:reasoner,router:researcher,solver:coder|aggregator:PromptSlots(reasoning_mode='direct', upstream_usage='summary', output_style='raw', verification_mode='light', finalization='answer_only'),router:PromptSlots(reasoning_mode='direct', upstream_usage='summary', output_style='raw', verification_mode='light', finalization='answer_only'),solver:PromptSlots(reasoning_mode='stepwise', upstream_usage='summary', output_style='raw', verification_mode='off', finalization='answer_only')|coder>reasoner,researcher>coder||critique_revise|critic:coder,generator:planner,reviser:summarizer|critic:PromptSlots(reasoning_mode='direct', upstream_usage='summary', output_style='raw', verification_mode='strict', finalization='answer_only'),generator:PromptSlots(reasoning_mode='stepwise', upstream_usage='summary', output_style='raw', verification_mode='off', finalization='answer_only'),reviser:PromptSlots(reasoning_mode='direct', upstream_usage='summary', output_style='raw', verification_mode='light', finalization='answer_only')|coder>summarizer,planner>coder,planner>summarizer||route_solve|aggregator:planner,router:researcher,solver:coder|aggregator:PromptSlots(reasoning_mode='direct', upstream_usage='summary', output_style='raw', verification_mode='light', finalization='answer_only'),router:PromptSlots(reasoning_mode='direct', upstream_usage='summary', output_style='raw', verification_mode='light', finalization='answer_only'),solver:PromptSlots(reasoning_mode='stepwise', upstream_usage='summary', output_style='raw', verification_mode='off', finalization='answer_only')|coder>planner,researcher>coder",1.0,1.0,1.0,1.0,sink_output,8bcaf1c2aa58,v4_4_code_bypass_stable_anchor,use_stage1_anchor,stage1+stage2,False,0,0
mbpp:949,0,3,phase2,structure|parall,"structure|parallel_vote|aggregator:planner,solver_a:coder,solver_b:reasoner|aggregator:PromptSlots(reasoning_mode='direct', upstream_usage='summary', output_style='raw', verification_mode='light', finalization='answer_only'),solver_a:PromptSlots(reasoning_mode='stepwise', upstream_usage='summary', output_style='raw', verification_mode='off', finalization='answer_only'),solver_b:PromptSlots(reasoning_mode='stepwise', upstream_usage='summary', output_style='raw', verification_mode='off', finalization='answer_only')|coder>planner,reasoner>planner||route_solve|aggregator:verifier,router:planner,solver:coder|aggregator:PromptSlots(reasoning_mode='direct', upstream_usage='summary', output_style='raw', verification_mode='light', finalization='answer_only'),router:PromptSlots(reasoning_mode='direct', upstream_usage='summary', output_style='raw', verification_mode='light', finalization='answer_only'),solver:PromptSlots(reasoning_mode='stepwise', upstream_usage='summary', output_style='raw', verification_mode='off', finalization='answer_only')|coder>verifier,planner>coder||critique_revise|critic:verifier,generator:planner,reviser:coder|critic:PromptSlots(reasoning_mode='direct', upstream_usage='summary', output_style='raw', verification_mode='strict', finalization='answer_only'),generator:PromptSlots(reasoning_mode='stepwise', upstream_usage='summary', output_style='raw', verification_mode='off', finalization='answer_only'),reviser:PromptSlots(reasoning_mode='direct', upstream_usage='summary', output_style='raw', verification_mode='light', finalization='answer_only')|planner>coder,planner>verifier,verifier>coder",0.0,0.0,0.28,0.28,stage1_anchor,2958a3231867,v4_4_code_anchor_guard_preserve,use_stage1_anchor,stage1,False,3,1
mbpp:949,0,3,phase3a,structure|critiq,"structure|critique_revise|critic:verifier,generator:researcher,reviser:summarizer|critic:PromptSlots(reasoning_mode='direct', upstream_usage='summary', output_style='raw', verification_mode='strict', finalization='answer_only'),generator:PromptSlots(reasoning_mode='stepwise', upstream_usage='summary', output_style='raw', verification_mode='off', finalization='answer_only'),reviser:PromptSlots(reasoning_mode='direct', upstream_usage='summary', output_style='raw', verification_mode='light', finalization='answer_only')|researcher>summarizer,researcher>verifier,verifier>summarizer||critique_revise|critic:coder,generator:reasoner,reviser:summarizer|critic:PromptSlots(reasoning_mode='direct', upstream_usage='summary', output_style='raw', verification_mode='strict', finalization='answer_only'),generator:PromptSlots(reasoning_mode='stepwise', upstream_usage='summary', output_style='raw', verification_mode='off', finalization='answer_only'),reviser:PromptSlots(reasoning_mode='direct', upstream_usage='summary', output_style='raw', verification_mode='light', finalization='answer_only')|coder>summarizer,reasoner>coder,reasoner>summarizer||critique_revise|critic:verifier,generator:planner,reviser:coder|critic:PromptSlots(reasoning_mode='direct', upstream_usage='summary', output_style='raw', verification_mode='strict', finalization='answer_only'),generator:PromptSlots(reasoning_mode='stepwise', upstream_usage='summary', output_style='raw', verification_mode='off', finalization='answer_only'),reviser:PromptSlots(reasoning_mode='direct', upstream_usage='summary', output_style='raw', verification_mode='light', finalization='answer_only')|planner>coder,planner>verifier,verifier>coder",0.0,0.0,0.28,0.28,sink_output,4492ed079474,v4_4_code_anchor_guard_preserve,use_stage1_anchor,stage1+stage2,False,3,1
mbpp:951,2,61,phase2,structure|parall,"structure|parallel_vote|aggregator:researcher,solver_a:planner,solver_b:reasoner|aggregator:PromptSlots(reasoning_mode='direct', upstream_usage='summary', output_style='raw', verification_mode='light', finalization='answer_only'),solver_a:PromptSlots(reasoning_mode='stepwise', upstream_usage='summary', output_style='raw', verification_mode='off', finalization='answer_only'),solver_b:PromptSlots(reasoning_mode='stepwise', upstream_usage='summary', output_style='raw', verification_mode='off', finalization='answer_only')|planner>researcher,reasoner>researcher||parallel_vote|aggregator:coder,solver_a:planner,solver_b:reasoner|aggregator:PromptSlots(reasoning_mode='direct', upstream_usage='summary', output_style='raw', verification_mode='light', finalization='answer_only'),solver_a:PromptSlots(reasoning_mode='stepwise', upstream_usage='summary', output_style='raw', verification_mode='off', finalization='answer_only'),solver_b:PromptSlots(reasoning_mode='stepwise', upstream_usage='summary', output_style='raw', verification_mode='off', finalization='answer_only')|planner>coder,reasoner>coder||route_solve|aggregator:math,router:planner,solver:coder|aggregator:PromptSlots(reasoning_mode='direct', upstream_usage='summary', output_style='raw', verification_mode='light', finalization='answer_only'),router:PromptSlots(reasoning_mode='direct', upstream_usage='summary', output_style='raw', verification_mode='light', finalization='answer_only'),solver:PromptSlots(reasoning_mode='stepwise', upstream_usage='summary', output_style='raw', verification_mode='off', finalization='answer_only')|coder>math,planner>coder",1.0,1.0,1.0,1.0,sink_output,71fb057046e6,v4_4_code_bypass_stable_anchor,use_stage1_anchor,stage1+stage2,False,0,0
mbpp:951,2,61,phase3a,structure|route_,"structure|route_solve|aggregator:verifier,router:planner,solver:coder|aggregator:PromptSlots(reasoning_mode='direct', upstream_usage='summary', output_style='raw', verification_mode='light', finalization='answer_only'),router:PromptSlots(reasoning_mode='direct', upstream_usage='summary', output_style='raw', verification_mode='light', finalization='answer_only'),solver:PromptSlots(reasoning_mode='stepwise', upstream_usage='summary', output_style='raw', verification_mode='off', finalization='answer_only')|coder>verifier,planner>coder||debate_judge|debater_a:coder,debater_b:planner,judge:researcher|debater_a:PromptSlots(reasoning_mode='direct', upstream_usage='summary', output_style='raw', verification_mode='off', finalization='answer_only'),debater_b:PromptSlots(reasoning_mode='direct', upstream_usage='summary', output_style='raw', verification_mode='off', finalization='answer_only'),judge:PromptSlots(reasoning_mode='direct', upstream_usage='summary', output_style='raw', verification_mode='strict', finalization='answer_only')|coder>researcher,planner>researcher||solve_verify|solver:coder,verifier:verifier|solver:PromptSlots(reasoning_mode='stepwise', upstream_usage='summary', output_style='raw', verification_mode='off', finalization='answer_only'),verifier:PromptSlots(reasoning_mode='direct', upstream_usage='summary', output_style='raw', verification_mode='strict', finalization='answer_only')|coder>verifier",1.0,1.0,1.0,1.0,stage1,b9fe6ea6191f,v4_4_code_bypass_stable_anchor,use_stage1_anchor,stage1,False,0,0
mbpp:952,0,37,phase2,structure|critiq,"structure|critique_revise|critic:coder,generator:planner,reviser:reasoner|critic:PromptSlots(reasoning_mode='direct', upstream_usage='summary', output_style='raw', verification_mode='strict', finalization='answer_only'),generator:PromptSlots(reasoning_mode='stepwise', upstream_usage='summary', output_style='raw', verification_mode='off', finalization='answer_only'),reviser:PromptSlots(reasoning_mode='direct', upstream_usage='summary', output_style='raw', verification_mode='light', finalization='answer_only')|coder>reasoner,planner>coder,planner>reasoner||solve_verify|solver:coder,verifier:verifier|solver:PromptSlots(reasoning_mode='stepwise', upstream_usage='summary', output_style='raw', verification_mode='off', finalization='answer_only'),verifier:PromptSlots(reasoning_mode='direct', upstream_usage='summary', output_style='raw', verification_mode='strict', finalization='answer_only')|coder>verifier||critique_revise|critic:coder,generator:debater_a,reviser:reasoner|critic:PromptSlots(reasoning_mode='direct', upstream_usage='summary', output_style='raw', verification_mode='strict', finalization='answer_only'),generator:PromptSlots(reasoning_mode='stepwise', upstream_usage='summary', output_style='raw', verification_mode='off', finalization='answer_only'),reviser:PromptSlots(reasoning_mode='direct', upstream_usage='summary', output_style='raw', verification_mode='light', finalization='answer_only')|coder>reasoner,debater_a>coder,debater_a>reasoner",0.0,0.0,0.76,0.76,stage1_anchor,917ef88547f2,v4_4_code_anchor_guard_preserve,use_stage1_anchor,stage1,False,3,1
mbpp:952,0,37,phase3a,structure|critiq,"structure|critique_revise|critic:verifier,generator:math,reviser:coder|critic:PromptSlots(reasoning_mode='direct', upstream_usage='summary', output_style='raw', verification_mode='strict', finalization='answer_only'),generator:PromptSlots(reasoning_mode='stepwise', upstream_usage='summary', output_style='raw', verification_mode='off', finalization='answer_only'),reviser:PromptSlots(reasoning_mode='direct', upstream_usage='summary', output_style='raw', verification_mode='light', finalization='answer_only')|math>coder,math>verifier,verifier>coder||critique_revise|critic:verifier,generator:skeptic,reviser:coder|critic:PromptSlots(reasoning_mode='direct', upstream_usage='summary', output_style='raw', verification_mode='strict', finalization='answer_only'),generator:PromptSlots(reasoning_mode='stepwise', upstream_usage='summary', output_style='raw', verification_mode='off', finalization='answer_only'),reviser:PromptSlots(reasoning_mode='direct', upstream_usage='summary', output_style='raw', verification_mode='light', finalization='answer_only')|skeptic>coder,skeptic>verifier,verifier>coder||critique_revise|critic:math,generator:coder,reviser:summarizer|critic:PromptSlots(reasoning_mode='direct', upstream_usage='summary', output_style='raw', verification_mode='strict', finalization='answer_only'),generator:PromptSlots(reasoning_mode='stepwise', upstream_usage='summary', output_style='raw', verification_mode='off', finalization='answer_only'),reviser:PromptSlots(reasoning_mode='direct', upstream_usage='summary', output_style='raw', verification_mode='light', finalization='answer_only')|coder>math,coder>summarizer,math>summarizer",0.0,0.0,0.76,0.76,stage1_anchor,cc729325c88f,v4_4_code_anchor_guard_preserve,use_stage1_anchor,stage1,False,3,1
mbpp:953,1,24,phase2,structure|debate,"structure|debate_judge|debater_a:coder,debater_b:reasoner,judge:planner|debater_a:PromptSlots(reasoning_mode='direct', upstream_usage='summary', output_style='raw', verification_mode='off', finalization='answer_only'),debater_b:PromptSlots(reasoning_mode='direct', upstream_usage='summary', output_style='raw', verification_mode='off', finalization='answer_only'),judge:PromptSlots(reasoning_mode='direct', upstream_usage='summary', output_style='raw', verification_mode='strict', finalization='answer_only')|coder>planner,reasoner>planner||debate_judge|debater_a:coder,debater_b:math,judge:verifier|debater_a:PromptSlots(reasoning_mode='direct', upstream_usage='summary', output_style='raw', verification_mode='off', finalization='answer_only'),debater_b:PromptSlots(reasoning_mode='direct', upstream_usage='summary', output_style='raw', verification_mode='off', finalization='answer_only'),judge:PromptSlots(reasoning_mode='direct', upstream_usage='summary', output_style='raw', verification_mode='strict', finalization='answer_only')|coder>verifier,math>verifier||solve_verify|solver:planner,verifier:verifier|solver:PromptSlots(reasoning_mode='stepwise', upstream_usage='summary', output_style='raw', verification_mode='off', finalization='answer_only'),verifier:PromptSlots(reasoning_mode='direct', upstream_usage='summary', output_style='raw', verification_mode='strict', finalization='answer_only')|planner>verifier",1.0,1.0,1.0,1.0,stage1,b2b5ed48d844,v4_4_code_bypass_stable_anchor,use_stage1_anchor,stage1,False,0,0
mbpp:953,1,24,phase3a,structure|critiq,"structure|critique_revise|critic:coder,generator:math,reviser:reasoner|critic:PromptSlots(reasoning_mode='direct', upstream_usage='summary', output_style='raw', verification_mode='strict', finalization='answer_only'),generator:PromptSlots(reasoning_mode='stepwise', upstream_usage='summary', output_style='raw', verification_mode='off', finalization='answer_only'),reviser:PromptSlots(reasoning_mode='direct', upstream_usage='summary', output_style='raw', verification_mode='light', finalization='answer_only')|coder>reasoner,math>coder,math>reasoner||solve_verify|solver:coder,verifier:verifier|solver:PromptSlots(reasoning_mode='stepwise', upstream_usage='summary', output_style='raw', verification_mode='off', finalization='answer_only'),verifier:PromptSlots(reasoning_mode='direct', upstream_usage='summary', output_style='raw', verification_mode='strict', finalization='answer_only')|coder>verifier||critique_revise|critic:verifier,generator:math,reviser:summarizer|critic:PromptSlots(reasoning_mode='direct', upstream_usage='summary', output_style='raw', verification_mode='strict', finalization='answer_only'),generator:PromptSlots(reasoning_mode='stepwise', upstream_usage='summary', output_style='raw', verification_mode='off', finalization='answer_only'),reviser:PromptSlots(reasoning_mode='direct', upstream_usage='summary', output_style='raw', verification_mode='light', finalization='answer_only')|math>summarizer,math>verifier,verifier>summarizer",1.0,1.0,1.0,1.0,stage1,c2c51c90fa0e,v4_4_code_bypass_stable_anchor,use_stage1_anchor,stage1,False,0,0
mbpp:956,2,56,phase2,structure|critiq,"structure|critique_revise|critic:verifier,generator:planner,reviser:summarizer|critic:PromptSlots(reasoning_mode='direct', upstream_usage='summary', output_style='raw', verification_mode='strict', finalization='answer_only'),generator:PromptSlots(reasoning_mode='stepwise', upstream_usage='summary', output_style='raw', verification_mode='off', finalization='answer_only'),reviser:PromptSlots(reasoning_mode='direct', upstream_usage='summary', output_style='raw', verification_mode='light', finalization='answer_only')|planner>summarizer,planner>verifier,verifier>summarizer||critique_revise|critic:coder,generator:planner,reviser:debater_b|critic:PromptSlots(reasoning_mode='direct', upstream_usage='summary', output_style='raw', verification_mode='strict', finalization='answer_only'),generator:PromptSlots(reasoning_mode='stepwise', upstream_usage='summary', output_style='raw', verification_mode='off', finalization='answer_only'),reviser:PromptSlots(reasoning_mode='direct', upstream_usage='summary', output_style='raw', verification_mode='light', finalization='answer_only')|coder>debater_b,planner>coder,planner>debater_b||critique_revise|critic:coder,generator:reasoner,reviser:summarizer|critic:PromptSlots(reasoning_mode='direct', upstream_usage='summary', output_style='raw', verification_mode='strict', finalization='answer_only'),generator:PromptSlots(reasoning_mode='stepwise', upstream_usage='summary', output_style='raw', verification_mode='off', finalization='answer_only'),reviser:PromptSlots(reasoning_mode='direct', upstream_usage='summary', output_style='raw', verification_mode='light', finalization='answer_only')|coder>summarizer,reasoner>coder,reasoner>summarizer",1.0,1.0,1.0,1.0,stage1,ee533411f500,v4_4_code_bypass_stable_anchor,use_stage1_anchor,stage1,False,0,0
mbpp:956,2,56,phase3a,structure|parall,"structure|parallel_vote|aggregator:summarizer,solver_a:math,solver_b:coder|aggregator:PromptSlots(reasoning_mode='direct', upstream_usage='summary', output_style='raw', verification_mode='light', finalization='answer_only'),solver_a:PromptSlots(reasoning_mode='stepwise', upstream_usage='summary', output_style='raw', verification_mode='off', finalization='answer_only'),solver_b:PromptSlots(reasoning_mode='stepwise', upstream_usage='summary', output_style='raw', verification_mode='off', finalization='answer_only')|coder>summarizer,math>summarizer||route_solve|aggregator:verifier,router:planner,solver:coder|aggregator:PromptSlots(reasoning_mode='direct', upstream_usage='summary', output_style='raw', verification_mode='light', finalization='answer_only'),router:PromptSlots(reasoning_mode='direct', upstream_usage='summary', output_style='raw', verification_mode='light', finalization='answer_only'),solver:PromptSlots(reasoning_mode='stepwise', upstream_usage='summary', output_style='raw', verification_mode='off', finalization='answer_only')|coder>verifier,planner>coder||parallel_vote|aggregator:skeptic,solver_a:planner,solver_b:coder|aggregator:PromptSlots(reasoning_mode='direct', upstream_usage='summary', output_style='raw', verification_mode='light', finalization='answer_only'),solver_a:PromptSlots(reasoning_mode='stepwise', upstream_usage='summary', output_style='raw', verification_mode='off', finalization='answer_only'),solver_b:PromptSlots(reasoning_mode='stepwise', upstream_usage='summary', output_style='raw', verification_mode='off', finalization='answer_only')|coder>skeptic,planner>skeptic",0.0,1.0,0.76,1.0,sink_output,ee533411f500,v4_4_code_override_verified_class,use_stage2_protocol,stage2,False,0,0
mbpp:958,0,24,phase2,structure|critiq,"structure|critique_revise|critic:verifier,generator:planner,reviser:researcher|critic:PromptSlots(reasoning_mode='direct', upstream_usage='summary', output_style='raw', verification_mode='strict', finalization='answer_only'),generator:PromptSlots(reasoning_mode='stepwise', upstream_usage='summary', output_style='raw', verification_mode='off', finalization='answer_only'),reviser:PromptSlots(reasoning_mode='direct', upstream_usage='summary', output_style='raw', verification_mode='light', finalization='answer_only')|planner>researcher,planner>verifier,verifier>researcher||critique_revise|critic:coder,generator:reasoner,reviser:planner|critic:PromptSlots(reasoning_mode='direct', upstream_usage='summary', output_style='raw', verification_mode='strict', finalization='answer_only'),generator:PromptSlots(reasoning_mode='stepwise', upstream_usage='summary', output_style='raw', verification_mode='off', finalization='answer_only'),reviser:PromptSlots(reasoning_mode='direct', upstream_usage='summary', output_style='raw', verification_mode='light', finalization='answer_only')|coder>planner,reasoner>coder,reasoner>planner||critique_revise|critic:verifier,generator:coder,reviser:researcher|critic:PromptSlots(reasoning_mode='direct', upstream_usage='summary', output_style='raw', verification_mode='strict', finalization='answer_only'),generator:PromptSlots(reasoning_mode='stepwise', upstream_usage='summary', output_style='raw', verification_mode='off', finalization='answer_only'),reviser:PromptSlots(reasoning_mode='direct', upstream_usage='summary', output_style='raw', verification_mode='light', finalization='answer_only')|coder>researcher,coder>verifier,verifier>researcher",1.0,1.0,1.0,1.0,stage1,cb7a53a2c416,v4_4_code_bypass_stable_anchor,use_stage1_anchor,stage1,False,0,0
mbpp:958,0,24,phase3a,structure|critiq,"structure|critique_revise|critic:verifier,generator:planner,reviser:researcher|critic:PromptSlots(reasoning_mode='direct', upstream_usage='summary', output_style='raw', verification_mode='strict', finalization='answer_only'),generator:PromptSlots(reasoning_mode='stepwise', upstream_usage='summary', output_style='raw', verification_mode='off', finalization='answer_only'),reviser:PromptSlots(reasoning_mode='direct', upstream_usage='summary', output_style='raw', verification_mode='light', finalization='answer_only')|planner>researcher,planner>verifier,verifier>researcher||critique_revise|critic:coder,generator:planner,reviser:summarizer|critic:PromptSlots(reasoning_mode='direct', upstream_usage='summary', output_style='raw', verification_mode='strict', finalization='answer_only'),generator:PromptSlots(reasoning_mode='stepwise', upstream_usage='summary', output_style='raw', verification_mode='off', finalization='answer_only'),reviser:PromptSlots(reasoning_mode='direct', upstream_usage='summary', output_style='raw', verification_mode='light', finalization='answer_only')|coder>summarizer,planner>coder,planner>summarizer||critique_revise|critic:verifier,generator:coder,reviser:researcher|critic:PromptSlots(reasoning_mode='direct', upstream_usage='summary', output_style='raw', verification_mode='strict', finalization='answer_only'),generator:PromptSlots(reasoning_mode='stepwise', upstream_usage='summary', output_style='raw', verification_mode='off', finalization='answer_only'),reviser:PromptSlots(reasoning_mode='direct', upstream_usage='summary', output_style='raw', verification_mode='light', finalization='answer_only')|coder>researcher,coder>verifier,verifier>researcher",1.0,1.0,1.0,1.0,stage1,0345aba31a31,v4_4_code_bypass_stable_anchor,use_stage1_anchor,stage1,False,0,0
mbpp:962,2,17,phase2,structure|route_,"structure|route_solve|aggregator:summarizer,router:planner,solver:coder|aggregator:PromptSlots(reasoning_mode='direct', upstream_usage='summary', output_style='raw', verification_mode='light', finalization='answer_only'),router:PromptSlots(reasoning_mode='direct', upstream_usage='summary', output_style='raw', verification_mode='light', finalization='answer_only'),solver:PromptSlots(reasoning_mode='stepwise', upstream_usage='summary', output_style='raw', verification_mode='off', finalization='answer_only')|coder>summarizer,planner>coder||route_solve|aggregator:verifier,router:math,solver:coder|aggregator:PromptSlots(reasoning_mode='direct', upstream_usage='summary', output_style='raw', verification_mode='light', finalization='answer_only'),router:PromptSlots(reasoning_mode='direct', upstream_usage='summary', output_style='raw', verification_mode='light', finalization='answer_only'),solver:PromptSlots(reasoning_mode='stepwise', upstream_usage='summary', output_style='raw', verification_mode='off', finalization='answer_only')|coder>verifier,math>coder||critique_revise|critic:coder,generator:math,reviser:planner|critic:PromptSlots(reasoning_mode='direct', upstream_usage='summary', output_style='raw', verification_mode='strict', finalization='answer_only'),generator:PromptSlots(reasoning_mode='stepwise', upstream_usage='summary', output_style='raw', verification_mode='off', finalization='answer_only'),reviser:PromptSlots(reasoning_mode='direct', upstream_usage='summary', output_style='raw', verification_mode='light', finalization='answer_only')|coder>planner,math>coder,math>planner",0.0,0.0,0.28,0.28,stage1_anchor,18e1fe1e6257,v4_4_code_anchor_guard_preserve,use_stage1_anchor,stage1,False,2,1
mbpp:962,2,17,phase3a,structure|route_,"structure|route_solve|aggregator:verifier,router:planner,solver:coder|aggregator:PromptSlots(reasoning_mode='direct', upstream_usage='summary', output_style='raw', verification_mode='light', finalization='answer_only'),router:PromptSlots(reasoning_mode='direct', upstream_usage='summary', output_style='raw', verification_mode='light', finalization='answer_only'),solver:PromptSlots(reasoning_mode='stepwise', upstream_usage='summary', output_style='raw', verification_mode='off', finalization='answer_only')|coder>verifier,planner>coder||route_solve|aggregator:verifier,router:math,solver:coder|aggregator:PromptSlots(reasoning_mode='direct', upstream_usage='summary', output_style='raw', verification_mode='light', finalization='answer_only'),router:PromptSlots(reasoning_mode='direct', upstream_usage='summary', output_style='raw', verification_mode='light', finalization='answer_only'),solver:PromptSlots(reasoning_mode='stepwise', upstream_usage='summary', output_style='raw', verification_mode='off', finalization='answer_only')|coder>verifier,math>coder||critique_revise|critic:coder,generator:verifier,reviser:planner|critic:PromptSlots(reasoning_mode='direct', upstream_usage='summary', output_style='raw', verification_mode='strict', finalization='answer_only'),generator:PromptSlots(reasoning_mode='stepwise', upstream_usage='summary', output_style='raw', verification_mode='off', finalization='answer_only'),reviser:PromptSlots(reasoning_mode='direct', upstream_usage='summary', output_style='raw', verification_mode='light', finalization='answer_only')|coder>planner,verifier>coder,verifier>planner",0.0,0.0,0.28,0.28,stage1_anchor,1914764e6489,v4_4_code_anchor_guard_preserve,use_stage1_anchor,stage1,False,1,1
mbpp:965,2,54,phase2,structure|critiq,"structure|critique_revise|critic:verifier,generator:reasoner,reviser:planner|critic:PromptSlots(reasoning_mode='direct', upstream_usage='summary', output_style='raw', verification_mode='strict', finalization='answer_only'),generator:PromptSlots(reasoning_mode='stepwise', upstream_usage='summary', output_style='raw', verification_mode='off', finalization='answer_only'),reviser:PromptSlots(reasoning_mode='direct', upstream_usage='summary', output_style='raw', verification_mode='light', finalization='answer_only')|reasoner>planner,reasoner>verifier,verifier>planner||critique_revise|critic:coder,generator:planner,reviser:summarizer|critic:PromptSlots(reasoning_mode='direct', upstream_usage='summary', output_style='raw', verification_mode='strict', finalization='answer_only'),generator:PromptSlots(reasoning_mode='stepwise', upstream_usage='summary', output_style='raw', verification_mode='off', finalization='answer_only'),reviser:PromptSlots(reasoning_mode='direct', upstream_usage='summary', output_style='raw', verification_mode='light', finalization='answer_only')|coder>summarizer,planner>coder,planner>summarizer||critique_revise|critic:verifier,generator:reasoner,reviser:summarizer|critic:PromptSlots(reasoning_mode='direct', upstream_usage='summary', output_style='raw', verification_mode='strict', finalization='answer_only'),generator:PromptSlots(reasoning_mode='stepwise', upstream_usage='summary', output_style='raw', verification_mode='off', finalization='answer_only'),reviser:PromptSlots(reasoning_mode='direct', upstream_usage='summary', output_style='raw', verification_mode='light', finalization='answer_only')|reasoner>summarizer,reasoner>verifier,verifier>summarizer",1.0,1.0,1.0,1.0,sink_output,b6ff93f0b51b,v4_4_code_bypass_stable_anchor,use_stage1_anchor,stage1+stage2,False,0,0
mbpp:965,2,54,phase3a,structure|route_,"structure|route_solve|aggregator:verifier,router:planner,solver:coder|aggregator:PromptSlots(reasoning_mode='direct', upstream_usage='summary', output_style='raw', verification_mode='light', finalization='answer_only'),router:PromptSlots(reasoning_mode='direct', upstream_usage='summary', output_style='raw', verification_mode='light', finalization='answer_only'),solver:PromptSlots(reasoning_mode='stepwise', upstream_usage='summary', output_style='raw', verification_mode='off', finalization='answer_only')|coder>verifier,planner>coder||critique_revise|critic:coder,generator:planner,reviser:summarizer|critic:PromptSlots(reasoning_mode='direct', upstream_usage='summary', output_style='raw', verification_mode='strict', finalization='answer_only'),generator:PromptSlots(reasoning_mode='stepwise', upstream_usage='summary', output_style='raw', verification_mode='off', finalization='answer_only'),reviser:PromptSlots(reasoning_mode='direct', upstream_usage='summary', output_style='raw', verification_mode='light', finalization='answer_only')|coder>summarizer,planner>coder,planner>summarizer||solve_verify|solver:planner,verifier:verifier|solver:PromptSlots(reasoning_mode='stepwise', upstream_usage='summary', output_style='raw', verification_mode='off', finalization='answer_only'),verifier:PromptSlots(reasoning_mode='direct', upstream_usage='summary', output_style='raw', verification_mode='strict', finalization='answer_only')|planner>verifier",1.0,1.0,1.0,1.0,stage1,d1249c003304,v4_4_code_bypass_stable_anchor,use_stage1_anchor,stage1,False,0,0
mbpp:968,2,5,phase2,structure|critiq,"structure|critique_revise|critic:verifier,generator:planner,reviser:reasoner|critic:PromptSlots(reasoning_mode='direct', upstream_usage='summary', output_style='raw', verification_mode='strict', finalization='answer_only'),generator:PromptSlots(reasoning_mode='stepwise', upstream_usage='summary', output_style='raw', verification_mode='off', finalization='answer_only'),reviser:PromptSlots(reasoning_mode='direct', upstream_usage='summary', output_style='raw', verification_mode='light', finalization='answer_only')|planner>reasoner,planner>verifier,verifier>reasoner||critique_revise|critic:coder,generator:planner,reviser:reasoner|critic:PromptSlots(reasoning_mode='direct', upstream_usage='summary', output_style='raw', verification_mode='strict', finalization='answer_only'),generator:PromptSlots(reasoning_mode='stepwise', upstream_usage='summary', output_style='raw', verification_mode='off', finalization='answer_only'),reviser:PromptSlots(reasoning_mode='direct', upstream_usage='summary', output_style='raw', verification_mode='light', finalization='answer_only')|coder>reasoner,planner>coder,planner>reasoner||critique_revise|critic:verifier,generator:coder,reviser:summarizer|critic:PromptSlots(reasoning_mode='direct', upstream_usage='summary', output_style='raw', verification_mode='strict', finalization='answer_only'),generator:PromptSlots(reasoning_mode='stepwise', upstream_usage='summary', output_style='raw', verification_mode='off', finalization='answer_only'),reviser:PromptSlots(reasoning_mode='direct', upstream_usage='summary', output_style='raw', verification_mode='light', finalization='answer_only')|coder>summarizer,coder>verifier,verifier>summarizer",1.0,1.0,1.0,1.0,stage1,b0f0f8a4b7b0,v4_4_code_bypass_stable_anchor,use_stage1_anchor,stage1,False,0,0
mbpp:968,2,5,phase3a,structure|route_,"structure|route_solve|aggregator:math,router:planner,solver:coder|aggregator:PromptSlots(reasoning_mode='direct', upstream_usage='summary', output_style='raw', verification_mode='light', finalization='answer_only'),router:PromptSlots(reasoning_mode='direct', upstream_usage='summary', output_style='raw', verification_mode='light', finalization='answer_only'),solver:PromptSlots(reasoning_mode='stepwise', upstream_usage='summary', output_style='raw', verification_mode='off', finalization='answer_only')|coder>math,planner>coder||critique_revise|critic:verifier,generator:coder,reviser:summarizer|critic:PromptSlots(reasoning_mode='direct', upstream_usage='summary', output_style='raw', verification_mode='strict', finalization='answer_only'),generator:PromptSlots(reasoning_mode='stepwise', upstream_usage='summary', output_style='raw', verification_mode='off', finalization='answer_only'),reviser:PromptSlots(reasoning_mode='direct', upstream_usage='summary', output_style='raw', verification_mode='light', finalization='answer_only')|coder>summarizer,coder>verifier,verifier>summarizer||critique_revise|critic:verifier,generator:planner,reviser:math|critic:PromptSlots(reasoning_mode='direct', upstream_usage='summary', output_style='raw', verification_mode='strict', finalization='answer_only'),generator:PromptSlots(reasoning_mode='stepwise', upstream_usage='summary', output_style='raw', verification_mode='off', finalization='answer_only'),reviser:PromptSlots(reasoning_mode='direct', upstream_usage='summary', output_style='raw', verification_mode='light', finalization='answer_only')|planner>math,planner>verifier,verifier>math",1.0,1.0,1.0,1.0,stage1,23fff9bae9a8,v4_4_code_bypass_stable_anchor,use_stage1_anchor,stage1,False,0,0
mbpp:972,1,13,phase2,structure|parall,"structure|parallel_vote|aggregator:researcher,solver_a:planner,solver_b:reasoner|aggregator:PromptSlots(reasoning_mode='direct', upstream_usage='summary', output_style='raw', verification_mode='light', finalization='answer_only'),solver_a:PromptSlots(reasoning_mode='stepwise', upstream_usage='summary', output_style='raw', verification_mode='off', finalization='answer_only'),solver_b:PromptSlots(reasoning_mode='stepwise', upstream_usage='summary', output_style='raw', verification_mode='off', finalization='answer_only')|planner>researcher,reasoner>researcher||solve_verify|solver:planner,verifier:verifier|solver:PromptSlots(reasoning_mode='stepwise', upstream_usage='summary', output_style='raw', verification_mode='off', finalization='answer_only'),verifier:PromptSlots(reasoning_mode='direct', upstream_usage='summary', output_style='raw', verification_mode='strict', finalization='answer_only')|planner>verifier||parallel_vote|aggregator:verifier,solver_a:coder,solver_b:reasoner|aggregator:PromptSlots(reasoning_mode='direct', upstream_usage='summary', output_style='raw', verification_mode='light', finalization='answer_only'),solver_a:PromptSlots(reasoning_mode='stepwise', upstream_usage='summary', output_style='raw', verification_mode='off', finalization='answer_only'),solver_b:PromptSlots(reasoning_mode='stepwise', upstream_usage='summary', output_style='raw', verification_mode='off', finalization='answer_only')|coder>verifier,reasoner>verifier",1.0,1.0,1.0,1.0,sink_output,350fb1282b6c,v4_4_code_bypass_stable_anchor,use_stage1_anchor,stage1+stage2,False,0,0
mbpp:972,1,13,phase3a,structure|critiq,"structure|critique_revise|critic:researcher,generator:planner,reviser:summarizer|critic:PromptSlots(reasoning_mode='direct', upstream_usage='summary', output_style='raw', verification_mode='strict', finalization='answer_only'),generator:PromptSlots(reasoning_mode='stepwise', upstream_usage='summary', output_style='raw', verification_mode='off', finalization='answer_only'),reviser:PromptSlots(reasoning_mode='direct', upstream_usage='summary', output_style='raw', verification_mode='light', finalization='answer_only')|planner>researcher,planner>summarizer,researcher>summarizer||critique_revise|critic:researcher,generator:planner,reviser:verifier|critic:PromptSlots(reasoning_mode='direct', upstream_usage='summary', output_style='raw', verification_mode='strict', finalization='answer_only'),generator:PromptSlots(reasoning_mode='stepwise', upstream_usage='summary', output_style='raw', verification_mode='off', finalization='answer_only'),reviser:PromptSlots(reasoning_mode='direct', upstream_usage='summary', output_style='raw', verification_mode='light', finalization='answer_only')|planner>researcher,planner>verifier,researcher>verifier||critique_revise|critic:coder,generator:planner,reviser:summarizer|critic:PromptSlots(reasoning_mode='direct', upstream_usage='summary', output_style='raw', verification_mode='strict', finalization='answer_only'),generator:PromptSlots(reasoning_mode='stepwise', upstream_usage='summary', output_style='raw', verification_mode='off', finalization='answer_only'),reviser:PromptSlots(reasoning_mode='direct', upstream_usage='summary', output_style='raw', verification_mode='light', finalization='answer_only')|coder>summarizer,planner>coder,planner>summarizer",1.0,1.0,1.0,1.0,stage1,543c6a3e54cb,v4_4_code_bypass_stable_anchor,use_stage1_anchor,stage1,False,0,0
