{
  "dataset": "cqa",
  "train_limit": 1000,
  "test_limit": 100,
  "train_summary": {
    "count": 1000,
    "avg_reward": 0.40521848477809225,
    "seconds": 35526.09918165207,
    "avg_s": 35.52609918165207
  },
  "test_summary": {
    "task_score": 0.483,
    "success": 0.49,
    "safety_penalty": 0.05
  }
}