{
  "dataset": "gaia",
  "train_limit": 363,
  "test_limit": 36,
  "train_summary": {
    "count": 363,
    "avg_reward": 0.3993080699908169,
    "seconds": 12780.688601255417,
    "avg_s": 35.208508543403354
  },
  "test_summary": {
    "task_score": 0.5361111111111111,
    "success": 0.5277777777777778,
    "safety_penalty": 0.0
  }
}