{
  "dataset": "gsm8k",
  "train_limit": 1000,
  "test_limit": 100,
  "train_summary": {
    "count": 1000,
    "avg_reward": 0.36901985549055244,
    "seconds": 23676.775641202927,
    "avg_s": 23.676775641202926
  },
  "test_summary": {
    "task_score": 0.98,
    "success": 0.98,
    "safety_penalty": 0.0
  }
}